id,herb_hindi,synonyms,herb_english,botanical_name,varga_category,classical_properties,raw_karma_sanskrit,english_symptoms,hindi_symptoms
BPN_0001,हरीतकी,"अभया, पथ्या, कायस्था, पूतना,अमृता,  हैमवती, अव्यथा, चेतकी, श्रेयसी, शिवा,  वयस्था, विजया, जीवन्ती, रोहिणी,",,,हरीतक्यादिवर्गः,"Rasa: पञ्चरस अलवण | Guna: रूक्ष, लघु | Virya: उष्ण | Vipaka: मधुर/स्वादु","दीपनी, मेध्या, रसायनी, चक्षुष्या, आयुष्या, बृंहणी, अनुलोमिनी,   श्वास, कास, प्रमेह, अर्श, कुष्ठ, शोथ, उदरक्रिमी  वैस्वर्य, ग्रहणीरोग, विबन्ध,विषमज्वर,  गुल्म, आध्मान, तृषा, छर्दि, हिक्का, कण्डू, हृदामय,  कामला, शूल, अनाह, प्लीह, यकृत्,  अश्मरी, मूत्रकृच्छ्र, मूत्राघात",,
BPN_0006,अथ हरीतकीगुणानाह,,,,हरीतक्यादिवर्गः,"Rasa: पञ्चरस अलवण तुवर कषाय | Guna: रूक्ष, लघु | Virya: उष्ण | Vipaka: मधुर/स्वादु","दीपनी, मेध्या, रसायनी, चक्षुष्या, आयुष्या, बृंहणी, अनुलोमिनी,   श्वास, कास, प्रमेह, अर्श, कुष्ठ, शोथ, उदरक्रिमी  वैस्वर्य, ग्रहणीरोग, विबन्ध,विषमज्वर,  गुल्म, आध्मान, तृषा, छर्दि, हिक्का, कण्डू, हृदामय,  कामला, शूल, अनाह, प्लीह, यकृत्,  अश्मरी, मूत्रकृच्छ्र, मूत्राघात",,
BPN_0007,अथ हरीतक्याः प्रभावनिबन्धनं दोषहन्तृत्वं न तु रसनिबन्धनमित्याह,,,,हरीतक्यादिवर्गः,"Rasa: स्वादु, तिक्त, कषाय, अम्ल, कटु","पित्तहृत्, कफहृत्, वातहृत्, त्रिदोषहन्तृत्व",,
BPN_0008,अथ हरीतक्यां तद्रसादीनां स्थानान्याह,,,,हरीतक्यादिवर्गः,Rasa: पथ्याया मज्जनि – स्वादु; स्नाय्वाम् – आम्ल; वृन्ते – तिक्त; त्वचि – कटु; अस्थि - तुवर,,,
BPN_0009,अथ उत्तमहरीतक्या लक्षणान्याह,,,,हरीतक्यादिवर्गः,"Guna: स्निग्धा, घना, वृत्तागुर्वी","क्षिप्ता, अम्भसि - अतिगुणप्रदा",,
BPN_0010,अथ हरीतक्याः प्रयोगभेदेन फलभेदानाह,,,,हरीतक्यादिवर्गः,,"अग्निवर्धका, मलशोधिनी, स्विन्ना, संग्राहिणी, पथ्या, भृष्टा, त्रिदोषनुत्, बुद्धिबल-इन्द्रिय-उन्मीलिनी, पित्तकफननिर्मूलिनी, मूत्र-शकृत् -लविस्रंसिनी, अन्नपानकृतदोष-अन्वात-पित्त-कफोद्भव आशुहरा, लवणेन कफहरा, सशर्करया पित्तहरा, घृतेन वातजान्, गुडान्वितसर्वरोगहर",,
BPN_0011,विभीतकः (त्रिलिङ्गकः),"अक्ष, कर्षफल, कलिद्रुम, भूतवास, कलियुगालय",,,हरीतक्यादिवर्गः,"Rasa: कषाय | Guna: शीतल, रूक्ष, लघु | Virya: उष्ण | Vipaka: मधुर","कफपित्तनुत्, भेदन, कासनाशन, नेत्रहित, केश्य, कृमिवैस्वर्यनाशन, मज्जा-तृट्-छर्दि-कफवातहर, मदकृत्",,
BPN_0012,आमलकी,"वयस्या, आमलकी, वृष्या, जातीफलरसा, शिव, धात्रीफल, श्रीफल, अमृतफल",,,हरीतक्यादिवर्गः,"Rasa: आम्ल, मधुर, कषाय | Guna: रूक्ष | Virya: उष्ण अथवा शीत","रक्त-पित्त-प्रमेहघ्न, वृष्य, रसायन, वातह, त्रिदोषजित्",,
BPN_0013,त्रिफला,-,,,हरीतक्यादिवर्गः,,"कफ-पित्तघ्नी, मेह-कुष्ठहरा, सरा, चक्षुष्या, दीपनी, रुच्या, विषम-ज्वरनाशिनी",,
BPN_0014,शुण्ठी,"शुण्ठी, विश्वा, विश्व, नागर, विश्वभेषज, ऊषण, कटुभद्र, शृङ्गवेर, महौषध ",,,हरीतक्यादिवर्गः,"Rasa: कटु | Guna: लघु, स्निग्ध | Virya: उष्ण | Vipaka: मधुर","रुच्या, आम-वातघ्नी, पाचनी, कफ-वात-विबन्धनुत्, वृष्या, स्वर्य्या-वमि-श्वास-शूल-कास-हृदामय-श्लीपद-शोथार्श, आनाह -उदरमारुतहरा",,
BPN_0015,आर्द्रकम्,"आर्द्रकम्, शृङ्गबेर, कटुभद्र, आर्द्रिका ",,,हरीतक्यादिवर्गः,"Rasa: कटु | Guna: तीक्ष्ण, रूक्ष, गुरु | Virya: उष्ण | Vipaka: मधुर","भेदिनी, गुर्वी, दीपनी, वात-कफापहा, शुण्ठगुणसम",,
BPN_0016,पिप्पली,"पिप्पली, मागधी, कृष्णा, वैदेही, चपला, कणा, उपकुल्या, ऊषणा, शौण्डी, कोला, तीक्ष्णतण्डुला ",,,हरीतक्यादिवर्गः,"Rasa: कटु | Guna: अनुष्णा, स्निग्ध, लघु | Vipaka: मधुर","दीपनी, वृष्या, रसायनी, वात-श्लेष्महर, रेचनी, श्वास-कास-उदरज्वरहर, कुष्ठ-प्रमेह-गुल्मार्शः प्लीह-शूल-आम-मारुतनाशक",,
BPN_0017,आर्द्रा,,,,हरीतक्यादिवर्गः,"Rasa: मधुरा | Guna: स्निग्धा, शीतला, गुरु","कफप्रदा, पित्तप्रशमनी",,
BPN_0018,शुष्का,,,,हरीतक्यादिवर्गः,,पित्तप्रकोपिणी,,
BPN_0019,मधुसंयुक्ता,,,,हरीतक्यादिवर्गः,,"मेदः-कफविनाशिनी, श्वास-कास-ज्वरहरी, वृष्या, मेध्या, अग्निवर्द्धिनी",,
BPN_0020,मरीचम्,"मरीच, वेल्लज, कृष्ण, ऊषण, धर्मपत्तन ",,,हरीतक्यादिवर्गः,"Rasa: कटु | Guna: तीक्ष्ण, रूक्ष | Virya: उष्ण","दीपन, कफ-वातजित्, पित्तकर, श्वास-शूल-कृमिहर",,
BPN_0021,आर्द्रम्,,,,हरीतक्यादिवर्गः,"Rasa: , कटु, | Guna: गुरु, तीक्ष्ण | Virya: उष्ण | Vipaka: मधुर","श्लेष्मप्रसेकि, अपित्तल",,
BPN_0022,त्रिकटु,कटुत्रिक त्रिकटु त्र्यूषण व्योष ,,,हरीतक्यादिवर्गः,,"त्र्यूषणं, दीपन, श्वास-कास-त्वगामयहर, गुल्म-मेह-कफ-स्थौल्य-मेदः-श्लीपद-पीनसहर",,
BPN_0023,पिप्पलीमूलम्,"ग्रन्थिक, पिप्पलीमूल, ऊषण, चटकाशिर ",,,हरीतक्यादिवर्गः,"Rasa: कटु | Guna: लघु, रूक्ष | Virya: उष्ण","दीपन, पाचन, पित्तकर, भेदि, कफ-वातो-दरापह, आनाह-प्लीह-गुल्मघ्न, कृमि-श्वास-क्षयापह",,
BPN_0024,चव्यम्,"चव्य, चविका, ऊषण",,,हरीतक्यादिवर्गः,"Rasa: कटु | Guna: लघु, रूक्ष | Virya: उष्ण","गुदजापह, कणामूलगुणं",,
BPN_0025,गजपिप्पली,"कपिवल्ली, कोलवल्ली, श्रेयसी, वशिर",,,हरीतक्यादिवर्गः,Rasa: कटु | Virya: उष्ण,"वात-श्लेष्मह, द्वह्निवर्धिनी, अतीसार-श्वास-कण्ठामय-क्रिमिहन्त्री",,
BPN_0026,चित्रकम्,"चित्रक, अनलनामा, पाठी, व्याल, ऊषण ",,,हरीतक्यादिवर्गः,"Rasa: कटु | Guna: लघु, रूक्ष | Virya: उष्ण | Vipaka: कटु","वह्निकृत्, पाचन, ग्रहणी-कुष्ठ-शोथ-आर्श-कृमि-कासनुत्, वात-श्लेष्महरी, ग्राही, वातघ्न, श्लेष्म-पित्तहृत्",,
BPN_0027,पञ्चकोलम्,,,,हरीतक्यादिवर्गः,Rasa: कटु | Guna: तीक्ष्ण | Virya: उष्ण | Vipaka: कटु,"रुचिकृत्, पाचन, श्रेष्ठ, दीपन, कफ-वातनुत्, गुल्म-प्लीह-उदरानाह-शूलघ्न, पित्तकोपन",,
BPN_0028,षडूषणम्,,,,हरीतक्यादिवर्गः,Guna: रूक्ष | Virya: उष्ण,विषापह,,
BPN_0029,यवानिका,"यवानिका, उग्रगन्धा, ब्रह्मदर्भा, अजमोदिका, दीप्यका, दीप्या, यवसाह्वया",,,हरीतक्यादिवर्गः,"Rasa: कटु, तिक्त | Guna: तीक्ष्ण, लघु | Virya: उष्ण","पाचनी, रुच्या, दीपनी, पित्तला शुक्र-शूलहृत्, वात-श्लेष्मो-उदर-आनाह-गुल्म-प्लीह-कृमिप्रणुत्",,
BPN_0030,अजमोदा,"अजमोदा, खराश्वा, मायूरः, दीप्यक, ब्रह्मकुशा, कारवी, लोचमस्तका",,,हरीतक्यादिवर्गः,"Rasa: कटु | Guna: लघु, तीक्ष्ण | Virya: उष्ण","दीपनी, कफवातनुत्, विदाहिनी, हृद्या, वृष्या, बलकरी, नेत्रामय-कृमिच्छर्दि-हिक्का-बस्ति-रुजहर",,
BPN_0031,पारसीकयवनी,,,,हरीतक्यादिवर्गः,Guna: गुरु,"पाचनी, रुच्या, ग्राहिणी, मादिनी",,
BPN_0032,शुक्लजीरक,"जीरक, जरण, अजाजी, कणा, दीर्घजीरक",,,हरीतक्यादिवर्गः,"Rasa: कटु | Guna: रूक्ष, लघु | Virya: उष्ण","दीपन, संग्राही, पित्तल, मेध्य, गर्भाशयविशुद्धिकृत्, ज्वरघ्न, पाचन, वृष्य, बल्य, रुच्य, कफापह, चक्षुष्य, पवन-अध्मान-गुल्म-च्छर्द्य-तिसारहृत्",,
BPN_0033,कृष्णजीरक,"कृष्णजीर, सुगन्ध, उद्गारशोधन  ",,,हरीतक्यादिवर्गः,,,,
BPN_0034,कालिका,"कालाजाजी, सुषवी, कालिका, उपकालिका, पृथ्वीका, कारवी, पृथ्वी, पृथु, कृष्णा, उपकुञ्चिका, उपकुञ्ची, कुञ्ची, बृहज्जीरक ",,,हरीतक्यादिवर्गः,,,,
BPN_0035,धान्यकम्,"धान्यक, धानक, धान्य, धाना, धानेयक, कुनटी, धेनुका, छत्रा, कुस्तुम्बुरु, वितुन्नक ",,,हरीतक्यादिवर्गः,"Rasa: कषाय, तिक्त, कटु | Guna: स्निग्ध, लघु | Virya: उष्ण | Vipaka: मधुर","अवृष्य, मूत्रल, दीपन, पाचन, ज्वरघ्न, रोचक, ग्राहि, त्रिदोषनुत्, तृष्णा-दाह-वमि-श्वास-कास-कार्श्य-क्रिमिप्रणुत्",,
BPN_0036,आर्द्रम्,,,,हरीतक्यादिवर्गः,Rasa: स्वादु,पित्तनाशन,,
BPN_0037,शतपुष्पा,"शतपुष्पा, शताह्वा, मधुरा, कारवी, मिसि, अतिलम्बी, सितच्छत्रा, संहितच्छत्रिका",,,हरीतक्यादिवर्गः,"Rasa: कटु | Guna: तीक्ष्ण, लघु | Virya: उष्ण","पित्तकृत्, दीपनी, ज्वर-अनिल-श्लेष्म-व्रण-शूल-अक्षिरोगहृत्",,
BPN_0038,मिश्रेया,"छत्रा, शालेय, शालीन, मिश्रेया, मधुरा, मिसि ",,,हरीतक्यादिवर्गः,Guna: रूक्ष | Virya: उष्ण,"निशूलनुत्, अग्निमान्द्यहरी, हृद्या, वद्धविट्कृमि-शुक्रहृत्, पाचनी, कास-वमि-श्लेष्म-अनिलाह्वरेत्",,
BPN_0039,मेथी-वनमेथी,"मेथिका, मेथिनी, मेथी, दीपनी, बहुपत्रिका, बोधिनी, बहुबीजा, ज्योतिः, गन्धफला, वल्लरी, चन्द्रिका, मन्था, मिश्रपुष्पा, कैरवी, कुञ्जिका, बहुपर्णी, पीतबीजा, मुनिच्छदा  ",,,हरीतक्यादिवर्गः,,"वातशामनी, श्लेष्मघ्नी, ज्वरनाशिनी, स्वल्पगुणवती",,
BPN_0040,चन्द्रशूरः,"चेन्द्रिका, चर्महन्त्री, पशुमेहनकारिका, नन्दिनी, कारवी, भद्रा, वासपुष्पा, सुवासरा",,,हरीतक्यादिवर्गः,,"हिक्का-वात-श्लेष्म-अतिसारिहित, असृग्वात-गदद्वेषि, बलपुष्टिविवर्द्धन",,
BPN_0041,चतुर्बीजम्,,,,हरीतक्यादिवर्गः,,पवन-आमय-अजीर्ण-शूलमाध्मान-पार्श्वशूल-कटिव्यथानिहन,,
BPN_0042,हिङ्गु,"सहस्रवेधि, जतुक, बाह्लीक, हिङ्गु, रामठ",,,हरीतक्यादिवर्गः,Guna: तीक्ष्ण | Virya: उष्ण,"पाचन, रुच्य, वातवलासनुत्, शूल-गुल्म-उदर-आनाहकृमिघ्न, पित्तवर्द्धन",,
BPN_0043,वचा,"वाचा, उग्रगन्धा, षड्ग्रन्था, गोलोमी, शतपर्विका, क्षुद्रपत्री, मङ्गल्या, जटिला, उग्रा, लोमशा ",,,हरीतक्यादिवर्गः,"Guna: तिक्त, कटु | Virya: उष्ण","उग्रगन्धा, वान्तिवह्निकृत्, विबन्धाध्मानशूलघ्नी, शकृन्मूत्रविशोधिनी, अपस्मार-कफ-उन्मांद-भूत-जन्तु-अनिलहर",,
BPN_0044,पारसीक (खुरासानी),,,,हरीतक्यादिवर्गः,,वातहर,,
BPN_0047,महाभरीवचा (कुलिञ्जन),,,,हरीतक्यादिवर्गः,,"कफ-कासनुत्, सुस्वरत्वकरी, रुच्या, हृत्कण्ठ-मुखशोधिनी",,
BPN_0048,अथ अपरा सुगन्धा स्थूलग्रन्थिः यस्या लोके महाभरी इति नाम तस्या गुणानाह,,,,हरीतक्यादिवर्गः,,हीनगुणा,,
BPN_0049,चोबचीनि,द्वीपान्तरवचा ,,,हरीतक्यादिवर्गः,Guna: त्तिक्त | Virya: उष्ण,"वह्निदीप्तिकृत्, विबन्ध -अध्मान-शूलघ्नी, शकृन्मूत्रविशोधिनी, वात-व्याधी-अपस्मार-उन्माद-तनुवेदनव्यपोह, विशेष-फिरङ्गामयनाशिनी",,
BPN_0051,हपुषा,"हपुषा, हबुषा, विस्रा",,,हरीतक्यादिवर्गः,"Rasa: तिक्त, तुवर | Guna: मृदु, गुरु | Virya: उष्ण","दीपनी, पित्त -उदर-समीर-आर्शो-ग्रहणी-गुल्म-शूलहृत्",,
BPN_0052,हपुषा,"अश्वत्थाफला, मत्स्यगन्धा, प्लीहहन्त्री, विषघ्नी, ध्वाङ्क्षनाशिनी",,,हरीतक्यादिवर्गः,,,,
BPN_0053,विडङ्गः,"कृमिघ्न, जन्तुनाशन, तण्डुल, वेल्ल, अमोघा, चित्रतण्डुल    ",,,हरीतक्यादिवर्गः,"Rasa: कटु, तिक्त | Guna: रूक्ष, लघु | Virya: उष्ण","वह्निकर, शूल-अध्मान-उदर-श्लेष्म-कृमि-वात-विबन्धनुत्",,
BPN_0054,नाडीहिङ्गु,"नाडीहिङ्गु, पलाशाख्या, जन्तुका, रामठी, वंशपत्री, पिण्डाह्वा, सुवीर्य्या, हिङ्गुनाडिका ",,,हरीतक्यादिवर्गः,Rasa: कटु | Guna: तीक्ष्ण | Virya: उष्ण,"दीपक, कफ-वात-मल-स्तम्भ-मनो-मोह-आमनाशन",,
BPN_0055,तुम्बुरु,"तुम्बरु, सौरभ, सौर, वनज, सानुज, अन्धक ",,,हरीतक्यादिवर्गः,"Rasa: तिक्त, कटु | Guna: रूक्ष, तीक्ष्ण, लघु | Virya: उष्ण | Vipaka: कटु","दीपन, रुच्य, विदाहि, वातश्लेष्म-अक्षि-कर्ण-ओष्ठ-शिरोरुक्-गुरुता-कृमि-कुष्ठ-शूल-अरुचि-श्वास-प्लीह-मूत्रकृच्छ्रनाशक",,
BPN_0056,वंशलोचनः,"वंशरोचना, वांशी, तुगाक्षीरी, तुगा, शुभा, त्वक्क्षीरी, वंशजा, शुभ्रा, वंशक्षीरी, वैणवी  ",,,हरीतक्यादिवर्गः,"Rasa: कषाय, स्वादु | Virya: शीतल","बृंहणी, वृष्या, बल्या, तृष्णा-कास-ज्वर-श्वास-क्षय-पित्तास्र-कामल-कुष्ठ-व्रण-पाण्डु-वातकृच्छ्रजित्",,
BPN_0057,समुद्रफेनः,"समुद्रफेन, फेन, हिण्डीर, अब्धिकफ",,,हरीतक्यादिवर्गः,Rasa: कषाय | Virya: शीतल,"चक्षुष्य, लेखन, विषपित्तघ्न, कर्णरुक् -क्कफहृत्सर",,
BPN_0058,अष्टवर्गः,,,,हरीतक्यादिवर्गः,Rasa: स्वादु | Guna: गुरु | Virya: शीत,"बृंहण, शुक्रल, भग्नसन्धानकृत्, काम-कफ-बला-सबल-वर्द्धन, वात-पित्त-अस्रतृड्-दाह-ज्वर-मेहक्षयप्रणुत्",,
BPN_0060,जीवक,"जीवक, मधुर, शृङ्ग, ह्रस्वाङ्ग, कूर्चशीर्षक ",,,हरीतक्यादिवर्गः,Rasa: मधुर | Virya: शीत,"बल्य, शुक्रकफप्रद, पित्त-दाह-अस्र-कार्श्य-वात-क्षयापह",,
BPN_0061,ऋषभक,"ऋषभ, वृषभ, धीर, विषाणी, द्राक्ष",,,हरीतक्यादिवर्गः,,,,
BPN_0063,मेदा,"शल्यपर्णी, मणिच्छिद्रा, मेदा, मेदोभवा, अध्वरा",,,हरीतक्यादिवर्गः,Rasa: स्वादु | Guna: गुरु | Virya: शीत,"वृष्य, स्तन्यकफावह, बृंहण, पित्त-रक्त-वात-ज्वरप्रणुत्",,
BPN_0064,महामेदा,"महामेदा, वसुच्छिद्रा, त्रिदन्ती, देवतामणि",,,हरीतक्यादिवर्गः,,,,
BPN_0066,काकोली,"काकोली, वायसोली, वीरा, कायस्थिता ",,,हरीतक्यादिवर्गः,Rasa: मधुर | Guna: गुरु | Virya: शीत,"शुक्रवर्धक, बृंहण, वात-दाहा-अस्र-पित्त-शोष-ज्वरापह",,
BPN_0067,क्षीरकाकोली,"शुक्ला, क्षीरकाकोली, वयस्था, क्षीरवल्लिका, क्षीरिणी, धीरा, क्षीरशुक्ला, पयस्विनी ",,,हरीतक्यादिवर्गः,,,,
BPN_0068,ऋद्धिवृद्ध्यौ,"योग्य, सिद्धि, लक्ष्मी ",,,हरीतक्यादिवर्गः,,,,
BPN_0069,ऋद्धिः,,,,हरीतक्यादिवर्गः,Rasa: मधुर | Guna: गुरु,"बल्या, त्रिदोषघ्नी, शुक्ला, प्राणैश्वर्यकरी, मूर्च्छा-रक्त-पित्त-विनाशिनी",,
BPN_0070,वृद्धिः,,,,हरीतक्यादिवर्गः,Rasa: मधुर | Virya: शीत,"गर्भप्रदा, बृंहणी, वृष्या, पित्तास्रशमनी, क्षतकासक्षयापहा",,
BPN_0071,यष्टीमधु,"यष्टीमधु, यष्टीमधुक, क्लीतनक ",,,हरीतक्यादिवर्गः,"Rasa: मधुर | Guna: गुरु, स्निग्ध | Virya: शीत","चक्षुष्या, बलवर्णकृत्, शुक्रला, केश्या, स्वर्या, पित्त-अनिल-अस्रजित्, व्रण-शोथ-विषच्छर्दि-तृष्णा-ग्लानि-क्षयापहा",,
BPN_0072,काम्पिल्लः,"काम्पिल्ल, कर्कश, चन्द्र, रक्ताङ्ग, रोचन",,,हरीतक्यादिवर्गः,Rasa: कटु | Virya: उष्ण,"कफ-पित्त-अस्र-कृमि-गुल्म-उदर-व्रणहर, रेची, मेह-आनाह-विषाश्मनुत्",,
BPN_0073,आरग्वधः,"आरग्वध, राजवृक्ष, शम्पाक, चतुरङ्गुल, आरवेत, व्याधिघात, कृतमाल, सुवर्णक, कर्णिकार, दीर्घफल, स्वर्णाङ्ग, स्वर्णफल   ",,,हरीतक्यादिवर्गः,Rasa: मधुर | Guna: गुरु | Virya: शीत,"ज्वर-हृद्रोग-पित्त-अस्र-वातोदावर्त्त-शूलनुत्, रुच्य, कुष्ठ-पित्त-कफापह, कोष्ठशुद्धिकर, स्रंसन",,
BPN_0074,कटुका,"कट्वी, कटुका, तिक्ता, कृष्णमेदा, कटम्भरा, अशोका, मत्स्यशकला, चक्राङ्गी, शकुलादनी, मत्स्यपित्ता, काण्डरुहा, रोहिणी, कटुरोहिणी ",,,हरीतक्यादिवर्गः,"Rasa: तिक्त | Guna: रूक्ष, लघु | Virya: शीत | Vipaka: कटु","भेदिनी, दीपनी, हृद्या, कफ-पित्त-ज्वरापह, प्रमेह-श्वास-कासा-अस्र-दाह-कुष्ठ-क्रिमिप्रणुत्",,
BPN_0075,किरातकः,"किराततिक्त, कैरात, कटुतिक्त, किरातक, काण्डतिक्त, अनार्यतिक्त, भूनिम्ब, रामसेनक",,,हरीतक्यादिवर्गः,"Rasa: तिक्त | Guna: रूक्ष, लघु, सारक | Virya: शीत","सन्निपात-ज्वर-श्वास-कफ-पित्त-अस्र-दाहनुत्, कास-शोथ-तृषा-कुष्ठ-ज्वर-व्रण-कृमिप्रणुत्",,
BPN_0076,इन्द्रयवः,"कटुजबीज, यव, इन्द्रयव, कलिङ्ग, भद्रयव ",,,हरीतक्यादिवर्गः,Rasa: कटु | Virya: शीत,"त्रिदोषघ्न, संग्राहि, ज्वर-अतीसार-रक्ता-आर्शो-वमि-वीसर्प-कुष्ठनुत्, दीपन, गुदकीलास्र-वात-अस्रश्लेष्म-शूलजित्",,
BPN_0077,मदनः,"मदन, छर्दन, पिण्ड, नट, पिण्डीतक, करहाट, मरुवक, शल्यक, विषपुष्पक ",,,हरीतक्यादिवर्गः,"Rasa: मधुर, तिक्त | Guna: लघु | Virya: उष्ण","लेखन, वान्तिकृद् -विद्रधिहर, प्रतिश्यायव्रणान्तक, कुष्ठ-कफा-आनाह-शोथ-गुल्म-व्रणापह",,
BPN_0078,रास्ना,"रास्ना, युक्तरसा, रस्या, रसना, सुवहा, रसा, एलापर्णी, सुरसा, सुगन्धा, श्रेयसी, ",,,हरीतक्यादिवर्गः,Rasa: तिक्त | Guna: गुरु | Virya: उष्ण,"आमपाचिनी, कफवातजित्, शोथ-श्वास-समीरा-अस्र-वात-शूलो-उदरापह, कास-ज्वर-विषा-अशीति-वातिकामय-सिध्महृत्",,
BPN_0079,नाकुली,"नाकुली, सुरसा, नागसुगन्धा, गन्धनाकुली, नकुलेष्टा, भुजङ्गाक्षी, सर्पाङ्गी, विषनाशिनी  ",,,हरीतक्यादिवर्गः,"Rasa: तुवर, तिक्त, कटु | Virya: उष्ण",भोगि-लूता-वृश्चिका-आखु-विष-ज्वर-कृमि-व्रणविनाशक,,
BPN_0080,माचिका,"माचिका, प्रस्थिका, अम्बष्ठा, अम्बालिका, अम्बिका, मयूरविदला, केशी, सहस्रा, बालमूलिका ",,,हरीतक्यादिवर्गः,"Rasa: कषाय, आम्ल | Guna: लघु | Virya: शीत | Vipaka: कषाय",पक्वा-अतीसा-रपित्ता-अस्र-कफ-कण्ठामयापह,,
BPN_0081,तेजवती,"तेजस्विनी, तेजवती, तेजोह्वा, तेजनी ",,,हरीतक्यादिवर्गः,"Rasa: कटु, तिक्त | Virya: उष्ण","कफ-श्वास-कासा-आस्यामय-वातहृत्, पाचनी, रुचिवह्निप्रदीपिनी",,
BPN_0082,ज्योतिष्मती,"ज्योतिष्मती, कष्टमी, ज्योतिष्का, कङ्गुनी, पारावतपदी, पिण्या, लता, ककुन्दिनी ",,,हरीतक्यादिवर्गः,"Rasa: कटु, तिक्त | Guna: तीक्ष्ण | Virya: उष्ण","सरा, कफसमीरजित्, वामनी, वह्निबुद्धिस्मृतिप्रदा",,
BPN_0083,कुष्ठम्,"कुष्ठ, रोगाह्वय, वाप्य, परिभाव्य, उत्पल  ",,,हरीतक्यादिवर्गः,"Rasa: कटु, मधुर, तिक्त | Guna: लघु | Virya: उष्ण","शुक्रल, वाता-अस्र-वीसर्प-कास-कुष्ठ-मरुत्- कफह",,
BPN_0084,पुष्करमूलम्,"पुष्करमूल, पौष्कर, पुष्कर, पद्मपत्र, काश्मीर, कुष्ठभेद  ",,,हरीतक्यादिवर्गः,"Rasa: कटु, तिक्त","वात-कफ-ज्वरापह, शोथ-अरुचि-श्वासा-त्पार्श्वशूलनुत्",,
BPN_0085,कटुपर्णी,"कटुपर्णी, हैमवती, हेमक्षीरी, हिमावती, हेमाह्वा, पीतदुग्धा ",,,हरीतक्यादिवर्गः,Rasa: तिक्त,"रेचनी, भेदिनी, उत्वलेशकारिणी, कृमि-कण्डू-विष-आनाह-कफ-पित्ता-आस्र-कुष्ठनुत्",,
BPN_0086,कर्कशृङ्गी,"शृङ्गी, कर्कटश्रुङ्गी, कुलीरविषाणिका, अजश्रुङ्गी, चक्रा, कर्कटाख्या ",,,हरीतक्यादिवर्गः,"Rasa: कषाय, तिक्त | Virya: उष्ण",कफ-वात-क्षय-ज्वर-श्वासो-उर्ध्व-वात-तृट्कास-हिक्काऽ-अरुचि-र्वमीन्हर,,
BPN_0087,कट्फलम्,"कटफल, सोमवल्क, कैटर्य, कुम्भिका, श्रीपर्णिका, कुमुदिका, भद्रा, भद्रवती ",,,हरीतक्यादिवर्गः,"Rasa: कषाय, तिक्त, कटु",वात-कफ-ज्वर-श्वास-प्रमेहा-आर्श-कास-कण्ठामया-अरुचीहर,,
BPN_0088,भार्गी (भारङ्गी),"भार्गी, भृगुभवा, पद्मा, फञ्जी, ब्राह्मणयष्टिका, ब्राह्मणी, अङ्गारवल्ल, खरशाक, हञ्जिका  ",,,हरीतक्यादिवर्गः,"Rasa: कटु, तिक्त, तुवर | Guna: रूक्ष, लघु | Virya: उष्ण","पाचनी, दीपनी, गुल्म-रक्तदोष-शोथ-कास-कफ-श्वास-पीनस-ज्वर-मारुतहर",,
BPN_0089,पाषणभेद,,,,हरीतक्यादिवर्गः,"Rasa: तिक्त, कषाय | Virya: शीत","अश्मघ्न, बस्तिशोधन, भेदन, दोष-आर्शो-गुल्म-कृच्छ्रा-अश्म-हृद्रुजह, योनिरोगा प्रमेह-प्लीह-शूल-व्रणहर",,
BPN_0090,धातकी,"धातकी, धातुपुष्पी, ताम्रपुष्पी, कुञ्जरा, सुभिक्षा, बहुपुष्पी, वह्निज्वाला ",,,हरीतक्यादिवर्गः,"Rasa: कटु, कषाय | Guna: लघु | Virya: शीत,","मृदुकृत्, तृष्णा-अतीसार-पित्ता-अस्र-विष-क्रिमि-विसर्पजित्",,
BPN_0091,मञ्जिष्ठा,"मंजिष्ठा, विकसा, जिङ्गी, समङ्गा, कालमेषिका, मण्डूकपर्णी, भण्डीरी, भण्डी, योजनवल्ली, रसायनी, अरुणा, काला, रक्ताङ्गी, रक्तयष्टिका, भण्डीतकी, गण्डीरी, मञ्जूषा, वस्ररञ्जिनी    ",,,हरीतक्यादिवर्गः,"Rasa: मधुर, तिक्त, कषाय | Guna: गुरु | Virya: उष्ण","स्वरवर्णकृत्, विष-श्लेष्म-शोथ-योनि -अक्षि-कर्णरुक्-रक्ता-अतीसार-कुष्ठा-अस्र-वीसर्प-व्रण-मेहनुत्",,
BPN_0092,कुसुम्भम्,"कुसुम्भ, वह्निशिख, वस्ररञ्जक",,,हरीतक्यादिवर्गः,,"वातल, कृच्छ्र-रक्त-पित्त-कफापह",,
BPN_0093,लाक्षा,"लाक्षा, पलङ्कषा, अलक्त, याव, वृक्षामय, जतु ",,,हरीतक्यादिवर्गः,"Rasa: तुवर | Guna: स्निग्धा, लघु | Virya: हिमा","वर्ण्या, बल्या, कफ-पित्ता-अस्र-हिक्का-कास-ज्वरप्रणुत्, व्रणोरःक्षत-वीसर्प-कृमि-कुष्ठ-गदापहा, अलक्तक, व्यङ्गनाशन",,
BPN_0094,हरिद्रा,"हरिद्रा, काञ्चनी, पीता, निशा, वरवर्णिनी, कृमिघ्नी, हल्दी, योषित्प्रिया, हट्टविलासिनी  ",,,हरीतक्यादिवर्गः,"Rasa: कटु, तिक्त | Guna: रूक्ष | Virya: उष्ण","कफपित्तनुत्, वर्ण्या, त्वग्दोष-मेहा-अस्र-शोथ-पाण्डु-व्रणापहा",,
BPN_0095,कर्पूरहरिद्रा,"दार्वीभेदा, आम्रगन्धा, सुरभीदरु, दारु, कर्पूरा, पद्मपत्रा सुरीमत्, सुरतारका ",,,हरीतक्यादिवर्गः,"Rasa: मधुरा, तिक्ता | Virya: शीता","वातला, पित्तहृत्, सर्वकण्डूविनाशिनी",,
BPN_0096,वनहरिद्रा,,,,हरीतक्यादिवर्गः,,कन्द-कुष्ठवातास्रनाशन,,
BPN_0097,दारुहरिद्रा,"दार्वी, दारुहरिद्रा, पर्जन्या, पर्जनी, कटकङ्कटेरी, पीता, पचम्पचा, कालीयक, कालेयक, पीतद्रु, हारिद्रु, पीतदारु, पितक",,,हरीतक्यादिवर्गः,,नेत्रकर्णास्यरोगनुत्,,
BPN_0098,रसाञ्जनम्,"रसाञ्जन, तार्क्ष्यशैल, रसगर्भ, तार्क्ष्यज",,,हरीतक्यादिवर्गः,"Rasa: कटु, तिक्त | Virya: उष्ण","श्लेष्म-विष-नेत्र-विकारनुत्, रसायन, छेदन, व्रणदोषहृत्",,
BPN_0099,बाकुची,"अवल्गुज, बाकुची, सोमराजी, सुपर्णिका, शशिलेखा, कृष्णाफला, सोमा, पूतिफली, सोमवल्ली, कालमेषी, कुष्ठघ्नी  ",,,हरीतक्यादिवर्गः,"Rasa: मधुरा, तिक्ता | Guna: रूक्ष | Virya: हिमा | Vipaka: कटु","रसायनी, विष्टम्भहृत्, रुच्या, सरा, श्लेष्मा-अस्र-पित्तनुत्,हृद्या , श्वास-कुष्ठ-मेह-ज्वर-कृमि-प्रणुत्, पित्तल, कुष्ठ-कफा-अनिलहर,",,
BPN_0100,फलगुणाः,,,,हरीतक्यादिवर्गः,Rasa: कटु,"केश्य, त्वच्य-कृमि-श्वास-कास-शोथा-आम-पाण्डुनुत्",,
BPN_0101,चक्रमर्दः,"चक्रमर्द, प्रपुन्नट, दद्रुघ्न, मेषलोचन, पद्माट, एडगज, चक्री, पुन्नाट",,,हरीतक्यादिवर्गः,"Rasa: स्वादु | Guna: लघु, रूक्ष | Virya: हिम","पित्ता-अनिलापह, हृद्य, कफ-श्वास-कुष्ठ-दद्रु-कृमीहर",,
BPN_0102,तत्फलम्,,,,हरीतक्यादिवर्गः,Rasa: कटु | Virya: उष्ण,कुष्ठ-कण्डू-दद्रु-विषा-अनिल-गुल्म-कास-क्रिमि-श्वास-नाशन,,
BPN_0103,अतिविषा,"विषा, अतिविषा, विश्वा, शृङ्गी, प्रतिविषा, अरुणा, शुक्लकन्दा, उपविषा, भङ्गुरा, घुणवल्लभा ",,,हरीतक्यादिवर्गः,"Rasa: कटु, तिक्त | Virya: उष्णा","पाचनी, दीपनी, कफ-पित्ता-अतिसारा-आम-विष-कास-वमि-क्रिमीहर",,
BPN_0104,शावरलोध्रः,"लोध्र, तिल्व, तिरीट, शावर, गालव",,,हरीतक्यादिवर्गः,Rasa: कषाय | Guna: लघु | Virya: शीत,"ग्राही, चक्षुष्य, कफपित्तनुत्, रक्त-पित्ता-असृग्ज्वरा-अतीसार-शोथहृत्",,
BPN_0105,पट्टिकालोध्रः,"पट्टिकालोध्र, क्रमुक, स्थूलवल्कल, जीर्णपत्र, बृहत्पत्र, पट्टी, लाक्षा प्रसादन ",,,हरीतक्यादिवर्गः,,,,
BPN_0106,लशुना,"रसोनः, उग्रगन्धः, अरिष्टः, म्लेच्छकन्दः, यवनेष्टः, रसोनकः",,,हरीतक्यादिवर्गः,,,,
BPN_0107,अथ लशुने रसस्थानान्याह,,,,हरीतक्यादिवर्गः,,पत्रेषु तिक्त; मूलेषु कटु; नाले कषाय; नालाग्रे  लवण; बीजे मधुर,,
BPN_0108,अथ लशुनगुणानाह,,,,हरीतक्यादिवर्गः,"Rasa: कटु, मधुर | Guna: स्निग्ध, तीक्ष्ण, गुरु | Virya: उष्ण | Vipaka: कटु","बृंहण, वृष्य, पाचन, सर, भग्नसन्धानकृत्, कण्ठ्य, पित्ता-अस्रवृद्धिद, बलवर्णकर, मेधाहित, नेत्र्य, रसायन, हृद्रोग-जीर्ण-ज्वर-कुक्षि-शूल-विबन्ध-गुल्मा-अरुचि-कास-शोथ-दुर्नाम-कुष्ठानलसादजन्तु-समीरण-श्वास-कफह",,
BPN_0109,पलाण्डुः,"पलाण्डु, यवनेष्ट, दुर्गन्ध, मुखदूषक ",,,हरीतक्यादिवर्गः,Rasa: स्वादु | Guna: गुरु | Virya: उष्ण | Vipaka: स्वादु,"कफकृत्, नातिपित्तल, केवलवातहर, बलवीर्यकर",,
BPN_0110,भल्लातकः,"भल्लातक, अरुष्क, अरुष्कर, अग्निक, अग्निमुखी, भल्ली, वीरवृक्ष, शोफकृत्  ",,,हरीतक्यादिवर्गः,,,,
BPN_0111,,,,,हरीतक्यादिवर्गः,"Rasa: स्वादु, कषाय | Guna: लघु, स्निग्ध, तीक्ष्ण | Virya: उष्ण | Vipaka: स्वादु","पाचन, छेदि, भेद, मेध्य, वह्निकर, कफ-वात-व्रणो-उदरकुष्ठा-आर्श-ग्रहणी-गुल्म-शोफा-आनाह-ज्वर-क्रिमीहर",,
BPN_0112,तन्मजा,,,,हरीतक्यादिवर्गः,Rasa: मधुर,"वृष्या, बृंहणी, वातपित्तह",,
BPN_0113,वृन्तमारुष्कर,,,,हरीतक्यादिवर्गः,Rasa: स्वादु,"पित्तघ्न, केश्य-अग्निकृत्",,
BPN_0114,मेध्य,,,,हरीतक्यादिवर्गः,,"वह्निकर, कफ-वात-व्रणो-उदरकुष्ठा-आर्शग्रहणी-गुल्म-शोफा-आनाह-ज्वर-क्रिमीहर",,
BPN_0115,अथ सामान्यतो भल्लातकगुणानाह,,,,हरीतक्यादिवर्गः,"Rasa: कषाय, मधुर | Guna: लघु | Virya: उष्ण","शुक्रल, वात-श्लेष्म-उदरा-आनाह-कुष्ठा-आर्श-ग्रहणी-गदा-गुल्म-ज्वर-श्वित्र-वह्निमान्द्य-कृमि-व्रणापह",,
BPN_0116,भङ्गा,"भङ्गा, गञ्जा, मातुलानी, मादिनी, विजया, जया ",,,हरीतक्यादिवर्गः,"Rasa: तिक्त | Guna: लघु, तीक्ष्ण | Virya: उष्ण","कफहरी, ग्राहिणी, पाचनी, पित्तला, मोह-मद-वाग्व-ह्निवर्द्धिनी",,
BPN_0117,खाखसः,"तिलभेद, खसतिल, खाखास",,,हरीतक्यादिवर्गः,"Rasa: तिक्त, कषाय | Guna: लघु, रूक्ष | Virya: शीतल","ग्राहि, वातकृत्, कफकासकृत्, धातुशोषक, मदकृत्, वाग्विवर्धन, मुहुर्मोहकर, रुच्य, सेवनपुंस्त्वनाशन",,
BPN_0118,अहिफेनकम्,"खसफलक्षीर, आफूक, अहिफेनक ",,,हरीतक्यादिवर्गः,,"आफूकशोषण, ग्राहि, श्लेष्मघ्न, वातपित्तल",,
BPN_0119,खाखसतिलाः,"खसबीज, खाखसतिल ",,,हरीतक्यादिवर्गः,Guna: गुरु,"बल्य, वृष्य, कफजनक, समीरणापह",,
BPN_0120,सैन्धवः,"सैन्धव, शीतशिव, मणिमन्थ, सिन्धुज",,,हरीतक्यादिवर्गः,"Rasa: लवण, स्वादु | Guna: लघु, स्निग्ध, सूक्ष्म | Virya: शीत","दीपन, पाचन, रुच्य, वृष्य, सूक्ष्म, नेत्र्य, त्रिदोषहृत्",,
BPN_0121,शाकम्भरीयम्,"गडाख्य, रोमक ",,,हरीतक्यादिवर्गः,"Rasa: कटु | Guna: लघु, तीक्ष्ण | Virya: उष्ण | Vipaka: कटु","वातघ्न, भेदि, पित्तल, सूक्ष्म, अभिष्यन्दि",,
BPN_0122,सामुद्रं लवणम्,"अक्षीव, वशिरा, समुद्रज, सागरज, लवणोदधिसम्भव ",,,हरीतक्यादिवर्गः,"Rasa: तिक्त, मधुर, क्षार | Guna: गुरु, तीक्ष्ण | Virya: उष्ण | Vipaka: मधुर","दीपन, भेदि, विदाहि, श्लेष्मल, वातनुत्, नातिशीतल",,
BPN_0123,बिडलवणम्,"विड, पाक्य, कृतक, द्राविड, आसुर ",,,हरीतक्यादिवर्गः,Rasa: क्षार,ऊर्ध्वाधः-कफ-वाता-नुलोमन,,
BPN_0124,,,,,हरीतक्यादिवर्गः,"Guna: लघु, तीक्ष्ण, रूक्ष | Virya: उष्ण","दीपन, रुच्य, व्यवायि, विबन्धा-आनाह-विष्टम्भ-हृद्रुग्गौरव-शूलनुत्",,
BPN_0125,सौवर्चलम्,"सौवर्चल, रुचक, मन्थपाक",,,हरीतक्यादिवर्गः,"Guna: विशद, लघु","रोचन, भेदि, दीपन, पाचन, सस्नेह, वातनुत्,  न अतिपित्तल, उद्गारशुद्धिद, सूक्ष्म, विबन्धा- आनाह-शूलजित्",,
BPN_0126,खानिजं लवणम्,"औद्भिद, पांशुलवण ",,,हरीतक्यादिवर्गः,"Rasa: कटु, क्षार | Guna: गुरु, स्निग्ध | Virya: शीतल",वातनाशन,,
BPN_0127,चणकाम्लकम्,-,,,हरीतक्यादिवर्गः,Rasa: लवण | Virya: उष्ण,"दीपन, दन्तहर्षण, रुच्य, शूला-अजीर्ण-विबन्धनुत्",,
BPN_0128,यवक्षारः,"पाक्य, क्षार, यवक्षार, यावशूक, यवाग्रज",,,हरीतक्यादिवर्गः,"Guna: लघु, स्निग्ध","सुसूक्ष्म, वह्निदीपन, शूल-वात-आम-श्लेष्म-श्वास-गलामय-पाण्डु- -आ र्शो-ग्रहणी-गुल्मा-आनाह-प्लीह-हृदामयापह",,
BPN_0129,स्वर्जिका,"स्वर्जिका, क्षार, कापोत, सुखवर्चक ",,,हरीतक्यादिवर्गः,,"अल्पगुणा, गुल्मशूलहृत्",,
BPN_0130,सुवर्चिका,"सौरक्षार, सूर्यक्षार, सौवर्चल, वह्न्युत्तेजक, सुवर्चिका, कर्पूर शिलाजतु ",,,हरीतक्यादिवर्गः,,,,
BPN_0131,टङ्कणक्षारः,"सौभाग्य, टङ्कण, क्षार, धातुद्रावक",,,हरीतक्यादिवर्गः,Guna: रूक्ष,"वह्निकृत्, कफहृत्, वातपित्तकृत्",,
BPN_0132,क्षारद्वयम्,,,,हरीतक्यादिवर्गः,,"उक्तगुणकृत्, गुल्महृत्, पलाशवज्रिशिखरिचिश्चाऽर्कतिलनालज गुल्मशूलहर",,
BPN_0135,चुक्रम्,"चुक्र, सहस्रवेधि, रसाम्ल, शुक्त ",,,हरीतक्यादिवर्गः,Rasa: अम्ल | Virya: उष्ण,"दीपन, पाचन, शूल-गुल्म-विबन्धा-आम-वात-श्लेष्महर, वमि-तृष्णा-आस्यवैरस्य-हृत्पीडा-वह्निमान्द्यहृत्",,
BPN_0136,कर्पूरम्,"कर्पूर, सिताभ्र, हिमवालुक, घनसार, चन्द्रसंज्ञा, हिमनामा",,,कर्पूरादिवर्गः,"Rasa: मधुर, तिक्त | Guna: लघु | Virya: शीतल","वृष्य, चक्षुष्य, लेखन, सुरभि, कफ-पित्त-विषापह, दाह-तृष्णाऽ-आस्यवैरस्य-मेदो-दौर्गन्ध्यनाशन",,
BPN_0137,चीनाककर्पूरः,,,,कर्पूरादिवर्गः,Rasa: तिक्त,"कफक्षयकर, कुष्ठ-कण्डू-वमिहर",,
BPN_0138,कस्तूरी,"मृगनाभि, मृगमद, सहस्रभित्, कस्तूरिका, कस्तूरी, वेधमुख्या",कामरूपः कृष्णा; नैपाली नीला; काश्मीरी कपिला; कामरूपोद्भवा श्रेष्ठा; नैपाली मध्यमा; काश्मीरदेशसम्भूता अधमा,,कर्पूरादिवर्गः,"Rasa: कटु, तिक्त, क्षार | Guna: गुरु | Virya: उष्ण","शुक्रला, कफ-वात-विष-च्छर्दि-शीत-दौर्गन्ध्य-शोषहृत्",,
BPN_0139,लताकस्तूरी,,,,कर्पूरादिवर्गः,"Rasa: तिक्त, स्वादु | Guna: लघु | Virya: शीत","वृष्या, चक्षुष्या, छेदिनी, श्लेष्म-तृष्णा-वस्ति -आस्यरोगहृत्",,
BPN_0140,गन्धमार्जारवार्यम्,,,,कर्पूरादिवर्गः,,"वीर्यकृत्, कफवातकृत्, कण्डूकुष्ठहर, नेत्र्य, सुगन्ध, स्वेदगन्धनुत्",,
BPN_0141,चन्दनम्,"श्रीखण्ड, चन्दन, भद्रश्री, तैलपर्णिक, गन्धसार, मलयज चन्द्रद्युति",,,कर्पूरादिवर्गः,,,,
BPN_0142,अथ चन्दनस्य गुणानाह,,,,कर्पूरादिवर्गः,"Rasa: तिक्त | Guna: रूक्ष, लघु | Virya: शीत","आह्लादन, श्रम-शोष-विष-श्लेष्म-तृष्णा-पित्ता-अस्र-दाहनुत्",,
BPN_0143,पीतचन्दनम्,"कालीयक, कालीय, पीताभ, हरिचन्दन, हरिप्रिय, कालसार, कालानुसार्यक",,,कर्पूरादिवर्गः,,"रक्तचन्दनसमानगुण, विशेषव्यङ्गनाशन",,
BPN_0144,रक्तचन्दनम्,"रक्तचन्दन, रक्ताङ्ग, क्षुद्रचन्दन, तिलपर्ण, रक्तसार, प्रवालफल",,,कर्पूरादिवर्गः,"Rasa: मधुर, तिक्त | Guna: गुरु | Virya: शीत","छर्दि-तृष्णा-अस्र-पित्तहृत्, नेत्रहित, वृष्य, ज्वर-व्रण-विषापह",,
BPN_0145,पतङ्गम्,"पतङ्ग, रक्तसार, सुरङ्ग, रञ्जन, पट्टरञ्जक, पत्तूर, कुचन्दन",,,कर्पूरादिवर्गः,Rasa: मधुर | Virya: शीत,"पित्त-श्लेष्म-व्रणा-अस्रनुत्, हरिचन्दनवद्वेद्य, विशेषाद्दाहनाशन",,
BPN_0146,अगरु,"अगरु, प्रवर, लोह, राजार्हं, योगज, वंशिक, कृमिज, कृमिजग्ध, अनार्यक",,,कर्पूरादिवर्गः,"Rasa: कटु, तिक्त | Guna: लघु, तीक्ष्ण, उष्ण","पित्तल, कर्णा-क्षिरोगघ्न, शीत-वात-कफ-प्रणुत्",,
BPN_0147,कृष्णागरु,,,,कर्पूरादिवर्गः,,"गुणाधिक, लोहवद्वारीमज्जन",,
BPN_0148,देवदारु,"देवदारु, दारुभद्र, दारु, इन्द्रदारु, मस्तदारु, द्रुकिलिम, किलिम, सुरभूरुह ",,,कर्पूरादिवर्गः,"Rasa: तिक्त | Guna: लघु, स्निग्ध | Virya: उष्ण | Vipaka: कटु","विबन्धा-अध्मान-शोथा-आम-तन्द्रा-हिक्का-ज्वरा-अस्रजित्, प्रमेह-पीनस-श्लेष्म-कास-कण्डू-समीरनुत्",,
BPN_0149,सरलः,"सरल, पीतवृक्ष, सुरभिदायक",,,कर्पूरादिवर्गः,"Rasa: मधु, तिक्त, | Guna: लघु, स्निग्ध | Virya: उष्ण | Vipaka: कटु","कर्ण-कण्ठा-अक्षिरोगक्षोहर, कफा-अनिल-स्वेद-दाह-कास-मूर्च्छा-व्रणापह",,
BPN_0150,तगरं,"कालानुसार्य, तगर, कुटिल, नहुष, नत",,,कर्पूरादिवर्गः,"Rasa: मधुर | Guna: स्निग्ध, लघु | Virya: उष्ण",विषा-अपस्मार-शूला-अक्षिरोग-दोषत्रयापह,,
BPN_0151,पिण्डतगरम्,"पिण्डतगर, दण्डहस्ती, बर्हिण",,,कर्पूरादिवर्गः,,,,
BPN_0152,पद्मकम्,"पद्मक, पद्मगन्धि, पद्माह्वय",,,कर्पूरादिवर्गः,"Rasa: तुवर, तिक्त | Guna: लघु | Virya: शीत","वातल, वीसर्प-दाह-विस्फोट-कुष्ठ-श्लेष्मा-अस्र-पित्तनुत्, गर्भसंस्थापन, रुच्य, वमि-व्रण-तृषाप्रणुत्",,
BPN_0153,गुग्गुलुः,"गुग्गुलु, देवधूप, जटायु, कौशिक, पुर, कुम्भोलूखलक, महिषाक्ष, पलङ्कष",,,कर्पूरादिवर्गः,,,,
BPN_0155,सामान्यतो गुग्गुलुगुणानाह,,,,कर्पूरादिवर्गः,"Rasa: कषाय, कटु, तिक्त | Guna: रूक्ष, लघु, पिच्छिल | Virya: उष्ण | Vipaka: कटु","पित्तल, सर, पिच्छिल, भग्नसन्धानकृद्, वृष्य, सूक्ष्म, स्वर्य, रसायनः, दीपन, बल्यः कफ-वात-व्रणापची, मेदो-मेहाश्म-वात-क्लेद-कुष्ठ-आम-मारुत-पिडका-ग्रन्थि-शोफ-अशगण्डमालाकृमीञ्जय, वातोपशम, पित्तहा, कफजित्, सर्वदोषहा",,
BPN_0156,नवो,,,,कर्पूरादिवर्गः,"Guna: स्निग्ध, पिच्छिल","काञ्चनसकाश, पक्वजम्बूफलोपम, सुगन्धि, बृंहण, वृष्य",,
BPN_0157,पुराणः,,,,कर्पूरादिवर्गः,,"अतिलेखन, शुष्क, दुर्गन्धक, व्यक्तप्रकृतिवर्णक, र्वीर्यवर्जित",,
BPN_0158,सरलनिर्यासगुग्गुलुः,"श्रीवास, सरलस्राव, श्रीवेष्ट, वृक्षधूपक",,,कर्पूरादिवर्गः,"Rasa: मधुर, तिक्त, तुवर | Guna: स्निग्ध | Virya: उष्ण","सर, पित्तल, वात-मूर्द्धा-अक्षि-स्वर-रोग-कफापह, रक्षोघ्न, स्वेद-दौर्गन्ध-यूका-कण्डू-व्रणप्रणुत्",,
BPN_0159,रालः,"राल, शालनिर्यास, सर्जरस, देवधूप, यक्षधूप, सर्वरस ",,,कर्पूरादिवर्गः,"Rasa: तिक्त, कषाय | Guna: गुरु | Virya: शीत","ग्राहक, दोषास्र-स्वेद-वीसर्प-ज्वर-व्रण-विपादिका-ग्रहभग्ना-अग्निदग्ध-शूला-अतीसारनाशन",,
BPN_0160,कुन्दरुः,"कुन्दुरु, मुकुन्द, सुगन्ध, कुन्द",,,कर्पूरादिवर्गः,"Rasa: मधुर, तिक्त, कटु | Guna: तीक्ष्ण","त्वच्य, ज्वर-स्वेद-ग्रहा-लक्ष्मी-मुखरोग-कफा-अनिलहर",,
BPN_0161,तुरुष्कः (शिलारसः),"तुरुष्क, सिह्लक, कपितैल, कपिनामक",,,कर्पूरादिवर्गः,"Rasa: कटु, स्वादु | Guna: स्निग्ध | Virya: उष्ण","शुक्र-कान्तिकृत्, वृष्य, कण्ठ्य, स्वेद-कुष्ठ-ज्वर-दाह-ग्रहापह",,
BPN_0162,जातीफलम्,"जातीफल, जातिकोश, मालतीफल ",,,कर्पूरादिवर्गः,"Rasa: तिक्त, कटु | Guna: तीक्ष्ण, लघु | Virya: उष्ण","रोचन, दीपन, ग्राहि, स्वर्य, श्लेष्मानिलापह, मुखवैरस्य, मल-दौर्गन्ध्य-कृष्णताह, कृमि-कास-वमि-श्वास-शोष-पीनस-हृद्रुज",,
BPN_0163,जातीपत्री,"जातीपत्री, जातिपत्री, जातिकोष, जावित्री ",,,कर्पूरादिवर्गः,"Rasa: कटु, स्वादु | Guna: लघु | Virya: उष्ण","रुचिवर्णकृत्, कफ-कास-वमि-श्वास-तृष्णा-कृमि-विषापहा",,
BPN_0164,लवङ्गम्,"लवङ्ग, देवकुसुम, श्रिसंज्ञा, श्रीप्रसूनक",,,कर्पूरादिवर्गः,"Rasa: कटु, तिक्त | Guna: लघु | Virya: शीत","नेत्रहित, दीपन, पाचन, रुच्य, कफ-पित्ता-अस्र-नाशकृत्, तृष्णा-छर्दि-आध्मान-शूल-कास-श्वास-हिक्का-क्षय- आशुविनाशक",,
BPN_0165,स्थूलैला,"एला, स्थूला, बहुला, पृथ्वीका, त्रिपुटा, भद्रैला, बृहदेला, चन्द्रबाला, निष्कुटि, स्थूलैला",,,कर्पूरादिवर्गः,"Rasa: कटु | Guna: लघु, रूक्ष | Virya: उष्ण | Vipaka: कटु","श्लेष्म-पित्ता-अस्र-कण्डू-श्वास-तृषाऽ-अपहा, हल्लास-विष-बस्ति -आस्य-शिरोरुग्व-मि-कासनुत्, अनलक्रुत्",,
BPN_0166,एला,"सूक्ष्मा, उपकुञ्चिका, तुत्था, कोरङ्गी, द्राविडी, त्रुटि, सूक्ष्मैला ",,,कर्पूरादिवर्गः,Rasa: कटु | Guna: लघु | Virya: शीत,"कफ-श्वास-कासा-आर्शो-मूत्र-कृच्छ्रहृत्, वातहरी",,
BPN_0167,त्वक्पत्रम्,"त्वक्पत्र, वराङ्ग, भृङ्ग, चोच, उत्कट, त्वच",,,कर्पूरादिवर्गः,"Rasa: कटु, तिक्त, स्वादु | Guna: लघु, रूक्ष | Virya: उष्ण","पित्तल, कफ-वातघ्न, कण्डु आम-अरुचिनाशन, हृद्बस्तिरोग-वाता-आर्श-कृमि-पीनस-शुक्रहृत्",,
BPN_0168,दारुसिता,"त्वक्, स्वाद्वी, किंवा त्वक्स्वाद्वी, तनुत्वक्, दारुसिता",,,कर्पूरादिवर्गः,"Rasa: स्वादु, तिक्त","अनिल-पित्तहृत्, सुरभि-शुक्रला-बल्या मुखशोष-तृषापहा",,
BPN_0169,पत्रकम्,"पत्र, तमालपत्र, पत्रनामक, पत्रक",,,कर्पूरादिवर्गः,"Rasa: मधुर | Guna: तीक्ष्ण, पिच्छिल, लघु | Virya: उष्ण",कफ-वाता-आर्शो-हल्लासा-अरुचि-पीनसहृत्,,
BPN_0170,नागकेशरः,"नागपुष्प, नाग, केशर, नागकेशर, चाम्पेय, नागकिञ्जल्क, कञ्चनाह्वय",,,कर्पूरादिवर्गः,"Rasa: कषाय | Guna: रूक्ष, लघु | Virya: उष्ण","आमपाचन, ज्वर-कण्डू-तृषा-स्वेद-च्छर्दि-हल्लास-नाशन, दौर्गन्ध्य-कुष्ठ-वीसर्प-कफ-पित्त-विषापह",,
BPN_0171,"त्रिजातकं, चातुर्जातकम्","दालचीनी, इलायची, तेजपात",,,कर्पूरादिवर्गः,"Guna: लघु, रूक्ष, तीक्ष्ण | Virya: उष्ण","रोचन, मुखगन्धहृत्, पित्ताग्निकृत्, वर्ण्य, कफ-वात-विषापह",,
BPN_0172,कुम्कुमम्,"कुङ्कुम, धृसृण, रक्त, काश्मीर, पीतक, वर, सङ्कोच, पिशुन, धीर, वाह्लीक, शोणिताभिध",,,कर्पूरादिवर्गः,"Rasa: कटु, तिक्त | Guna: स्निग्ध","शिरोरुग्व्रणजन्तुजित्, वमिहर, वर्ज्य, व्यङ्गदोषत्रयापह",,
BPN_0173,गोरोचना,"गोरोचना, मङ्गल्या, वन्द्या, गौरी, रोचना",,,कर्पूरादिवर्गः,Rasa: तिक्त | Virya: शीत,"वश्या, मङ्गलकान्तिदा, विषा-अलक्ष्मी-ग्रहोन्माद-गर्भस्रावक्षतासुहृत्",,
BPN_0174,नखं नखी,"नख, व्याघ्रनख, व्याघ्रायुध, चक्रकारक ",,,कर्पूरादिवर्गः,"Rasa: स्वादु, कटु | Guna: लघु | Virya: उष्ण | Vipaka: कटु","ग्रह-श्लेष्म-वाता-अस्र-ज्वर-कुष्ठहृत्, शुक्रल, वर्ण्य, व्रणविषापह, अलक्ष्मी-मुखदौर्गन्ध्यहृत्",,
BPN_0175,बालम्,"बाल, ह्रीबेर, बर्हिष्ठ, उदीच्य, केशनाम, अम्बुनाम",,,कर्पूरादिवर्गः,"Guna: रूक्ष, लघु | Virya: शीत","दीपनपाचन, हृल्लास-रुचि-वीसर्प-हृद्रोगा-आम- अतिसारजित्",,
BPN_0176,वीरणम्,"वीरण, वीरतरु, वीर, बहुमूलक ",,,कर्पूरादिवर्गः,Rasa: तिक्त | Guna: लघु | Virya: शीत,"पाचन, वान्तिहृत्, स्तम्भन, ज्वरनुद्, भ्रान्ति-मद-जित् कफपित्तहृत्, तृष्णाऽ-अस्र-विष-वीसर्प-कृच्छ्र-दाह-व्रणापह",,
BPN_0177,उशीरम्,"उशीर, नलद, अमृणाल, सेव्य, समगन्धिक ",,,कर्पूरादिवर्गः,Rasa: तिक्त | Guna: लघु | Virya: शीत,"पाचन, स्तम्भन",,
BPN_0178,जटामांसी,"जटामांसी, भूतजटा, जटिला, तपस्विनी, मांसी",,,कर्पूरादिवर्गः,"Rasa: तिक्त, कषाय | Virya: शीत","मेध्या, कान्तिबलप्रदा, स्वाद्वी, त्रिदोषा-अस्र-दाह-वीसर्प-कुष्ठनुत्",,
BPN_0179,शैलेयम्,"शैलेय, शिलापुष्प, वृद्ध, कालानुसार्यक ",,,कर्पूरादिवर्गः,Guna: लघु | Virya: शीत,"हृद्य, कफपित्तहर, कण्डू-कुष्ठा-अश्मरी-दाह-विषहृद्, गुद-रक्तहृत्",,
BPN_0180,मुस्तकं,"मुस्तक, वारिदनामक, कुरुविन्द ",,,कर्पूरादिवर्गः,"Rasa: कटु, तिक्त, कषाय | Virya: शीत","ग्राहि, दीपनपाचन, कफ-पित्ता-अस्र-तृड्ज्वरा-अरुचि-जन्तुहृत्",,
BPN_0181,नगरमुस्तकम्,"क्रोडकसेरुक, भद्रमुस्त, गुन्द्रा, नागरमुस्तक ",,,कर्पूरादिवर्गः,,,,
BPN_0182,कर्चूरः,"कर्चूर, वेधमुख्य, द्राविड, कल्पक, शटी ",,,कर्पूरादिवर्गः,"Rasa: कटु, तिक्त | Guna: लघु | Virya: उष्ण | Vipaka: कटु","दीपन, रुच्य, सुगन्धि, कुष्ठा-आर्शो-व्रण-कासनुत्, श्वास-गुल्म-वात-कफ-क्रिमीहर",,
BPN_0183,मुरा,"मुरा, गन्धकुटी, दैत्या, सुरभि, शालपर्णिका ",,,कर्पूरादिवर्गः,Rasa: तिक्त | Guna: लघु | Vipaka: शीत,"स्वाद्वी, पित्ता-अनिलापहा, ज्वरासृग्भूत-रक्षोघ्नी, कुष्ठ-कास-विनाशिनी",,
BPN_0184,गन्धपलाशी,"शठी, पलाशी, षड्ग्रन्था, सुव्रता, गन्धमूलिका, गन्धवधू, वधू, पृथुपलाशिका, गन्धपलाशिका, गन्धारिका ",,,कर्पूरादिवर्गः,"Rasa: कषाय, तिक्त, कटु | Guna: लघु, तीक्ष्ण | Virya: उष्ण","ग्राहिणी, अनुष्णा-ऽऽ-आस्यमलनाशिनी, शोथ-कास-व्रण-श्वास-शूल-सिध्म-ग्रहापहा",,
BPN_0185,"प्रियङ्गु, गन्धिप्रियङ्गु","प्रियङ्गु, फलिनी, कान्ता, लता, महिलाह्वया, गुन्द्रा, गन्धफला, श्यामा, विश्वक्सेनाङ्गना, प्रिया",,,कर्पूरादिवर्गः,"Rasa: तिक्त, तुवर | Virya: शीत","अनिलपित्तहृत्, रक्ता- अतीसार-दौर्गन्ध्य-स्वेद-दाह-ज्वरापहा, वान्ति-भ्रान्ति-अतिसारघ्नी, वक्त्रजाड्यविनाशिनी, गुल्मतृड्विष-मोहघ्नी, गन्धप्रियङ्गुकावत्",,
BPN_0186,अथ तत्फलगुणानप्याह,,,,कर्पूरादिवर्गः,"Rasa: मधुर, कषाय | Guna: रूक्ष, गुरु | Virya: शीत",विबन्ध-आध्मान-बलकृत्-संग्राहि-कफ-पित्तजित्,,
BPN_0187,रेणुका,"रेणुका, राजपुत्री, नन्दिनी, कपिला, द्विजा, भस्मगन्धा, पाण्डुपुत्री, कौन्ती, हरेणुका, पर्यायवाची",,,कर्पूरादिवर्गः,"Rasa: तिक्त, कटु | Guna: लघु | Virya: उष्ण | Vipaka: कटु","पित्तला, दीपनी, मेध्या, पाचनी, गर्भपातिनी, बलासवातकृत्, तृट्कण्डू-विष-दाहनुत्",,
BPN_0188,ग्रन्थिपर्णम्,"ग्रन्थिपर्ण, ग्रन्थिक, काकपुच्छ, गुच्छक, नीलपुष्प, सुगन्ध, तैलपर्णक ",,,कर्पूरादिवर्गः,"Rasa: तिक्त, कटु | Guna: तीक्ष्ण, लघु | Virya: उष्ण","दीपन, कफ-वात-विष-श्वास-कण्डू-दौर्गन्ध्यनाशन",,
BPN_0189,स्थौणेयकम्,"स्थौणेयक, बर्हिबर्ह, शुकबर्ह, कुक्कुर, शीर्णरोम, शुक, शुकपुष्प, शुकच्छद",,,कर्पूरादिवर्गः,"Rasa: स्वादु, कटु, तिक्त | Guna: स्निग्ध","त्रिदोषनुत्, मेधा-शुक्रकर, रुच्य, रक्षोघ्न, ज्वर-जन्तुजित्, कुष्ठा-आस्र-तृड्-दाह-दौर्गन्ध्य-तिलकालकह",,
BPN_0190,अथ ग्रन्थिपर्णस्यैव भेदः।  तस्य नामानि गुणाँश्चाह,"निशाचर, धनहर, कितव, गणहासक, चोरक, शङ्कित, चण्ड, दुष्पत्र, क्षेमक, रिपु",,,कर्पूरादिवर्गः,"Rasa: मधु, तिक्त, कटु | Guna: लघु, तीक्ष्ण | Virya: शीत | Vipaka: कटु","हृद्य, कुष्ठ-कण्डू-कफा-अनिलापह, रक्षोऽश्री-स्वेद-मेदोऽ-अस्र-ज्वर-गन्ध-विष-व्रणापह",,
BPN_0191,तालीसपत्रम्,"तालीस, पत्राढ्य, धात्रीपत्र",,,कर्पूरादिवर्गः,"Guna: लघु, तीक्ष्ण | Virya: उष्ण",श्वास-कास-कफा-निला-अरुचि-गुल्मा-आम-वह्निमांद्य-क्षया-आमयापह,,
BPN_0192,कङ्कोलम्,"कङ्कोल, कोलक, कोषफल ",,,कर्पूरादिवर्गः,"Rasa: तिक्त | Guna: लघु, तीक्ष्ण | Virya: उष्ण","हृद्य, रुचिप्रद, आस्यदौर्गन्ध-हृद्रोग-कफ-वाता-आमय-अन्ध्यहृत्",,
BPN_0193,गन्धकोकिला,,,,कर्पूरादिवर्गः,Rasa: त्तिक्त | Guna: स्निग्ध | Virya: उष्ण,"कफहृत्, सुगन्धा",,
BPN_0194,लामज्जकम्,"लामज्जक, सुनाल, अमृणाल, लव, लघु, इष्टकापथक, सेव्य, नलद, अवदातक",,,कर्पूरादिवर्गः,Rasa: तिक्त | Guna: लघु | Virya: शीत,"दोषत्रयास्रजित्, त्वगामय-स्वेद-कृच्छ्र-दाह-पित्ता-अस्ररोगनुत्",,
BPN_0195,एलवालुकम्,"एलवालुक, ऐलेय, सुगन्धि, हरिवालुक, ऐलवालुक, एलालु, कपित्थवग् ",,,कर्पूरादिवर्गः,Rasa: कषाय | Guna: लघु | Virya: शीत | Vipaka: कटु,"कण्डू-व्रण-च्छर्दि-तृट्कासा-अरुचि-हृद्गुज, बलास-विष-पित्ता-अस्र-कुष्ठ-मूत्र-गद-क्रिमीहर",,
BPN_0196,कैवर्तीमुस्तकम्,"कुटन्नट, दासपुर, बालेय, परिपेलव, प्लव, गोपुर, गोनर्द, कैवर्तीमुस्तक, वितुन्नक",,,कर्पूरादिवर्गः,"Rasa: तिक्त, कषाय | Virya: शीत | Vipaka: कटु","कान्तिद, कफ-पिता-अस्र-वीसर्प-कुष्ठ-कण्डू-विषप्रणुत्",,
BPN_0197,स्पृक्का,"स्पृक्का, असृग्,  ब्राह्मणी, देवी, मरुन्माला, लता, लघु, समुद्गान्ता, वधू, कोटिवर्षा, लङ्कोपिका",,,कर्पूरादिवर्गः,Rasa: तिक्त | Virya: शीत,"स्वाद्वी, वृष्या, निखिलदोषनुत्, कुष्ठ-कण्डू-विष-स्वेद-दाहाश्री-ज्वर-रक्तहृत्",,
BPN_0198,पर्पटी,"पर्पटी, रञ्जना, कृष्णा, जतुका, जननी, जनी, जतुकृष्णा, अग्निसंस्पर्शा, जतुकृत्, चक्रवर्तिनी",,,कर्पूरादिवर्गः,"Rasa: तुवर, तिक्त | Guna: लघु | Virya: शीत","शिशिरावर्णकृत्, विषव्रणहरी, कण्डू-कफ-पित्ता-अस्र-कुष्ठनुत्",,
BPN_0199,नलिका,"नालिका, विद्रुमलता, कपोत चरणा, नटी, धमनी, अञ्जनकेशी, निर्मध्या, सुषिरा, नली",,,कर्पूरादिवर्गः,Guna: लघु | Virya: शीत,"चक्षुष्या, कफपित्तहृत्, कृच्छ्रा-अश्म-वात-तृष्णाऽ-अस्र-कुष्ठ-कण्डू-ज्वरापह",,
BPN_0200,प्रपौण्डीरकम्,"प्रपौण्डरीक, पौण्डर्य, चक्षुष्य, पौण्डरीयक",,,कर्पूरादिवर्गः,"Rasa: मधुर, तिक्त, कषाय | Virya: शीत | Vipaka: मधुर","शुक्रल, चक्षुष्य, वर्ण्य-पित्त-कफप्रणुत्",,
BPN_0201,गुडूची,"गुडूची, मधुपर्णी, अमृता, अमृतवल्लरी, छिन्ना, छिन्नरुहा, छिन्नोद्भवा, वत्सादनी, जीवन्ती, तन्त्रिका, सोमा, सोमवल्ली, कुण्डली, चक्रलक्षणिका, धीरा, विशल्या, रसायनी, चन्द्रहासा, वयस्था, मण्डली देवनिर्मिता",,,गुडूच्यादिवर्गः,"Rasa: कटु, तिक्त, कषाय | Guna: लघु | Virya: उष्ण | Vipaka: स्वादु","रसायनी, संग्राहिणी, बल्या-अग्निनदीपिनी, दोषत्रय-आम-तृड्दाह-मेह-कास-पाण्डु-कामला-कुष्ठ-वाता-अस्र-ज्वर-क्रिमि-वमी-हर",,
BPN_0202,नागवल्ली,"ताम्बूलवल्ली, ताम्बूली, नागिनी, नागवल्लरी ताम्बूल ",,,गुडूच्यादिवर्गः,"Rasa: तुवर, तिक्त, कटु, क्षार | Guna: विशद, लघु, तीक्ष्ण | Virya: उष्ण","रुच्य, सर, वश्य, रक्त-पित्तकर, बल्य, श्लेष्मा-आस्यदौर्गन्ध्य-मल-वात-श्रमा-पह",,
BPN_0203,बिल्वः,"बिल्व, शाण्डिल्य, शैलूष, मालूर श्रीफल ",,,गुडूच्यादिवर्गः,"Rasa: तुवर, तिक्त | Guna: रूक्ष, लघु | Virya: उष्ण","ग्राही, अग्नि-पित्तकृत्, वात-श्लेष्महर, बल्य, पाचन",,
BPN_0204,गम्भारी,"गम्भारी, भद्रपर्णी, श्रीपर्णी, मधुपर्णिका, काश्मीरी, काश्मरी, हीरा, काश्मर्य, पीतरोहिणी, कृष्णवृन्ता, मधुरसा महाकुसुमिका",,,गुडूच्यादिवर्गः,"Rasa: तुवर, तिक्त, मधुर | Guna: गुरु | Virya: उष्ण","दीपनी, पाचनी, मेध्या, भेदिनी, भ्रम-शोषजित्, दोष-तृष्णा-आम-शूला-आर्श-विष-दाह-ज्वरा-पहा",,
BPN_0205,अथ गम्भारी फलगुणानाह,,,,गुडूच्यादिवर्गः,"Rasa: तुवर, आम्ल | Guna: गुरु, स्निग्ध | Virya: शीत | Vipaka: स्वादु","बृंहण, वृष्य, केश्य, रसायन, वात-पित्त-तृषा-रक्त-क्षय-मूत्र-विबन्धनुत्, विशुद्धिकृत्, दाह-तृषा-वात-रक्त-पित्त-क्षत-क्षया-पह",,
BPN_0206,पाटला,"पाटलि, पाटला, अमोघा, मधुदूती, फलेरुहा, कृष्णवृन्ता, कुबेराक्षी, कालस्थाली, अलिवल्लभा ताम्रपुष्पी ",,,गुडूच्यादिवर्गः,"Rasa: तुवर, तिक्त | Virya: शीत","दोषत्रयापहा, अरुचि-श्वास-शोथा-अस्र-च्छर्दि-हिक्का-तृषाहरी",,
BPN_0207,अथ तत्पुष्पफलयोर्गुणानाह,,,,गुडूच्यादिवर्गः,"Rasa: कषाय, मधुर | Virya: शीत","हृद्य, कफा-अस्रनुत्, पित्ता-अतिसार-हृत्, कण्ठ्य, हिक्का-अस्र-पित्तहृत्",,
BPN_0208,अग्निमन्थः,"अग्निमन्थ, जय, श्रीपर्णी, गणिकारिका, जया, जयन्ती, तर्कारी, नादेयी वैजयन्तिका",,,गुडूच्यादिवर्गः,"Rasa: कटु, तिक्त, तुवर, मधुर | Virya: उष्ण","श्वयथु, कफ-वातहृत्, पाण्डुनुत्, अग्निद",,
BPN_0209,श्योनाकः,"श्योनाक, शोषण, नट, कट्वङ्ग, टुण्टुक, मण्डूकपर्ण, पत्रोर्ण, शुकनास, कुटन्नट, दीर्घवृन्त, अरलु, पृथुशिम्ब कटम्भर ",,,गुडूच्यादिवर्गः,"Rasa: तुवर, तिक्त | Virya: शीत | Vipaka: कटु","दीपन, ग्राही, अनिल-श्लेष्म-पित्त-कास-प्रणाशन",,
BPN_0210,अथ शयेनाकस्य बालप्रौढफलयोर्गुणानाह,,,,गुडूच्यादिवर्गः,"Rasa: कषाय, मधुर | Guna: रूक्ष, लघु, गुरु","वात-कफापह, हृद्य, रोचन, दीपन, गुल्मा-आर्शः-कृमिहृत्, प्रौढ, वात-प्रकोपण",,
BPN_0211,बृहत्पञ्चमूलम्,,,,गुडूच्यादिवर्गः,"Rasa: तिक्त, कषाय, मधुर | Guna: लघु | Virya: उष्ण","कफ-वातनुत्, श्वास-कास-घ्न, अग्निदीपन",,
BPN_0212,शालपर्णी,"शालपर्णी, स्थिरा, सौम्या, त्रिपर्णी, पीवरी, गुहा, विदारिगन्धा, दीर्घाङ्गी, दीर्घपत्रा  तथा अंशुमती",,,गुडूच्यादिवर्गः,"Rasa: तिक्त, मधुर | Guna: गुरु","छर्दि-ज्वर-श्वासा-अतिसार-जित्, शोष-दोषत्रयहरी, बृंहणी, रसायनी, विषहरी, क्षतकास-कृमिप्रणुत्",,
BPN_0213,पृश्निपर्णी,"पृश्निपर्णी, पृथक्पर्णी, चित्रपर्णी, अहिपर्णी, क्रोष्टुविन्ना, सिंहपुच्छी, कलशी, धावनी गुहा",,,गुडूच्यादिवर्गः,Rasa: मधुर | Virya: उष्ण,"त्रिदोषघ्नी, वृष्य, दाह-ज्वर-श्वास-रक्ता-अतीसार-तृड्वमीह",,
BPN_0214,वार्त्ताकी,"वार्त्ताकी, क्षुद्रमण्टाकी, महती, बृहती, कुली, हिङ्गुली, राष्ट्रिका, सिंही, महोष्ट्री दुष्प्रधर्षिणी",,,गुडूच्यादिवर्गः,"Rasa: कटु, तिक्त | Virya: उष्ण","आस्यवैरस्य-मला-रोचक-नाशिनी, कुष्ठ-ज्वर-श्वास-शूल-कासा-अग्नि-मान्द्यजित्",,
BPN_0215,कण्टकारी,"कण्टकारी, दुःस्पर्शा, क्षुद्रा, व्याघ्री, निदिग्धिका, कण्टालिका, कण्टकिनी, धावनी बृहती",,,गुडूच्यादिवर्गः,,,,
BPN_0216,अथ कण्टकारी गुणानाह,,,,गुडूच्यादिवर्गः,"Rasa: तिक्त, कटु | Guna: रूक्ष, लघु | Virya: उष्ण","सरा, दीपनी,  पाचनी, कास-श्वास-ज्वर-कफा-अनिलापह, पीनस-पार्श्वपीडा-कृमि-हृदामयापह",,
BPN_0217,अथ कण्टकारीद्वयफलगुणानाह,,,,गुडूच्यादिवर्गः,"Rasa: कटु, तिक्त | Guna: लघु | Vipaka: कटु","शुक्ररेचन, भेदि, पित्ता-ग्निकृत्, कफ-मरुत्-कण्डू-कास-मेद-कृमि-ज्वरा-पह",,
BPN_0218,अथ श्वेतपुष्पकण्टकार्या गुणानाह,,,,गुडूच्यादिवर्गः,,गर्भकारिणी,,
BPN_0219,गोक्षुरः,"गोक्षुर, क्षुरक, त्रिकण्ट, स्वादुकण्टक, गोकण्टक, गोक्षुरक, वनश्रृङ्गाट, पलङ्कषा, श्वदंष्ट्रा तथा इक्षुगन्धिका ",,,गुडूच्यादिवर्गः,Rasa: मधुर | Virya: शीत | Vipaka: स्वादु,"बलकृत्, बस्तिशोधन, दीपन, वृष्य, पुष्टिद, चाश्मरीहर, प्रमेह-श्वास-कासा-आर्श-कृच्छ्र-हृद्रोग-वातनुत्",,
BPN_0220,लघुपञ्चमूलम्,,,,गुडूच्यादिवर्गः,Rasa: स्वादु | Guna: लघु | Virya: उष्ण,"बल्य, पित्ता-निलापह, बृंहण, ग्राहि, ज्वर-श्वासा-अश्मरीप्रणुत्",,
BPN_0221,दशमुलम्,,,,गुडूच्यादिवर्गः,,"त्रिदोषघ्न, श्वास-कास-शिरोरुज, तन्द्रा-शोथ-ज्वरा-आनाह-पार्श्वपीडा-अरुचीहर",,
BPN_0222,जीवन्ती,"जीवन्ती, जीवनी, जीवा, जीवनीया, मधुस्रवा, माङ्गल्यनामधेया, शाकश्रेष्ठा तथा पयस्विनी",,,गुडूच्यादिवर्गः,"Rasa: स्वादु | Guna: स्निग्ध, लघु | Virya: शीत","दोषत्रयापहा, रसायनी, बलकरी, चक्षुष्या, प्राहिणी",,
BPN_0223,मुद्गपर्णी,"मुद्गपर्णी, काकपर्णी, सूर्यपर्णी, अल्पिका, सहा, काकमुद्गा मार्जारगन्धिका",,,गुडूच्यादिवर्गः,"Rasa: तिक्त, स्वादु | Guna: रूक्ष, लघु | Virya: शीत","शुक्रला, चक्षुष्या, क्षतशोथघ्नी, ग्राहिणी, ज्वरदाहनुत्, दोषत्रयहरी, ग्रहणी, अर्शो-अतिसारजित्",,
BPN_0224,माषपर्णी,"माषपर्णी, सूर्यपर्णी, काम्बोजी, हयपुच्छिका, पाण्डुलोमशपर्णी, कृष्णवृन्ता महासहा",,,गुडूच्यादिवर्गः,"Rasa: तिक्त, मधुर | Guna: रूक्ष | Virya: शीत","शुक्रवलासकृत्, ग्राहिणी, शोथ-वात-पित्त-ज्वरा-अस्र जित्",,
BPN_0225,जीवनीयगणः,,,,गुडूच्यादिवर्गः,Guna: गुरु | Virya: शीत,"शुक्रकृद्, बृंहणो, गर्भप्रद, स्तन्य-कफ-कृत्, पित्त-रक्त-हृत्, तृष्णा-शोष-ज्वर-दाह-रक्त-पित्त-व्यपोह",,
BPN_0226,शुक्ल-रक्त-एरण्डौ,"शुक्लैरण्ड, आमण्ड, चित्र, गन्धर्वहस्तक, पञ्चाङ्गुल, वर्धमान, दीर्घदण्ड, व्यडम्बक, वातारि, तरुण रुबूक -  रक्तैरण्ड, रुबूक, उरुबूक, रुबु, व्याघ्रपुच्छ, वातारि, चञ्जु और उतानपत्रक",,,गुडूच्यादिवर्गः,Rasa: मधुर | Guna: गुरु | Virya: उष्ण,"ब्रध्न-श्वास-कफा-आनाह-कास-कुष्ठा-आम-मारुत-नाशक, शूल-शोथ-कटी-बस्ति-शिरपीडो-उदरज्वरापह",,
BPN_0227,अथ एरण्डपत्राग्र पत्रफलमज्जगुणानाह,,,,गुडूच्यादिवर्गः,Rasa: कटु | Virya: उष्ण,"वातघ्न, कफ-क्रिमि-विनाशन, मूत्र-कृच्छ्र-हर, पित्त-रक्त-प्रकोपण,  वातार्यग्रदल-गुल्म-बस्ति-शूलहर, कफ-वात-कृमीहर, गुल्म-शूला-अनिलापह, यकृत्प्लीहो-उदरार्शोघ्न, दीपन, विडभेदी, वात-श्लेष्मो-उदरापह",,
BPN_0228,शुक्ल-रक्त-अर्कौ,"श्वेतांक, गणरूप, मन्दार, वसुक, श्वेतपुष्प, सदापुष्प, अलर्क प्रतापस -  रक्तार्क, अर्कनामा , अर्कपर्ण, विकीरण, रक्तपुष्प, शुक्लफल तथा आस्फोट ",,,गुडूच्यादिवर्गः,,"सर, वात-कुष्ठ-कण्डू-विष-व्रणा-पह, प्लीह-गुल्मा-आर्श-श्लेष्मो-उदर-शकृत्-कृमीहर",,
BPN_0229,अथ शुक्लरक्तार्कयोः पुष्पगुणानाह,,,,गुडूच्यादिवर्गः,"Rasa: मधुर, तिक्त","वृष्यं लघु दीपनपाचनम् अरोचकप्रसेकार्शः कास-श्वास-निवारणम्, कुष्ठ-कृमिघ्न, कफ-नाशन, अर्श, विषहन, रक्तपित्त, संग्राहि, गुल्म-श्वयथ-हितकर",,
BPN_0230,अथ अर्कदुग्धगुणानाह,,,,गुडूच्यादिवर्गः,"Rasa: तिक्त, लवण | Guna: स्निग्ध, लघु | Virya: उष्ण","कुष्ठ-गुल्मो-उदरहर, श्रेष्ठमेतद्विरेचन",,
BPN_0231,सेहुण्डः,"सिंहतुण्ड, वज्री, वज्रद्रुम, सुधा, समन्तदुग्धा, स्नुक् (स्नुह), स्नुही  गुडा",,,गुडूच्यादिवर्गः,"Rasa: कटु | Guna: तीक्ष्ण, गुरु","रेचन, दीपन, शूला-आमा-अष्ठीलिका-आध्यानकफ-गुल्मोदरा-अनिलापह, उन्माद-मोह-कुष्ठा-आर्श-शोथ-मेदो-अश्म-पाण्डुता-व्रण-शोथ-ज्वर-प्लीह-विषदूषी-विषहर",,
BPN_0232,अथ स्नुहीदुग्धगुणानाह,,,,गुडूच्यादिवर्गः,"Rasa: कटु | Guna: स्निग्ध, लघु | Virya: उष्ण",गुल्मि-कुष्ठि-उदररोगि-विरेका-दीर्घरोगिहितकर,,
BPN_0233,शातला,"शातला, सप्तला, सारा, विमला, विदुला, भूरिफेना चर्मकषा ",,,गुडूच्यादिवर्गः,Rasa: तिक्त | Guna: लघु | Virya: शीत | Vipaka: कटु,"वातल, शोथ-कफा-आनाह-पित्तो-उदावर्त्त-रक्तजित्",,
BPN_0234,कलिहारी,"कलिहारी, हलिनी, लाङ्गली, शुक्रपुष्पी, विशल्या, अग्निशिखा, अनन्ता,  वह्निवक्त्रा गर्भनुत् ",,,गुडूच्यादिवर्गः,"Rasa: तिक्त, कटु, तुवर | Guna: तीक्ष्ण, लघु | Virya: उष्ण","सरा, कुष्ठ-शोफा-आर्शो-व्रण-शूलजित्, सक्षार, श्लेष्मजित्, कृमिहृत्, पित्तला-गर्भपातिनी",,
BPN_0235,श्वेत-रक्त-करवीरौ,"करवीर, श्वेतपुष्प, शतकुम्भ अश्वमारक ",,,गुडूच्यादिवर्गः,"Rasa: तिक्त, कषाय, कटु | Virya: उष्ण","व्रण-लाघवकृन्नेत्रकोप-कुष्ठ-व्रणापह, कृमिकण्डूघ्न, भक्षितविषवत्",,
BPN_0236,धत्तूरः,"धत्तूर, धूर्त, धुत्तूर, उन्मत्त, कनकाह्वय , देवता, कितव, तूरी, महामोही, शिवप्रिय, मातुल मदन",,,गुडूच्यादिवर्गः,"Rasa: कषाय, मधुर, तिक्त | Guna: गुरु | Virya: उष्ण","मद-वर्णाग्नि-वातकृत् -ज्वर-कुष्ठनुत्, यूका-अलिक्षा-विनाशक, गुरु--र्व्रण-श्लेष्म-कण्डू-कृमिविषापह",,
BPN_0237,अटरूषकः,"वासक, वासिका, वासा, भिषङ्‌माता, सिंहिका, सिंहास्य, वाजिदन्ता, आटरूप, अटरूषक, अटरूष, वृष, ताम्र सिंहपर्ण",,,गुडूच्यादिवर्गः,"Rasa: तिक्त, तुवर | Guna: लघु | Virya: शीत","वातकृत्, स्वर्य, कफ-पित्ता-अस्रनाशन, हृद्य, तृडर्त्तिहृत्, श्वास-कास-ज्वर-च्छर्दि-मेह-कुष्ठ-क्षया-पह",,
BPN_0238,पर्पटः,"पर्पट, वरतिक्त, पर्पटक, पांशुपर्याय  कवचनामक",,,गुडूच्यादिवर्गः,Rasa: तिक्त | Guna: लघु | Virya: शीत,"पित्ता-अस्र-भ्रम-तृष्णा-कफ-ज्वर-हर, संग्राही, दाहनुत्, वातल",,
BPN_0239,निम्बः,"निम्ब, पिंचुमर्द, पिचुमन्द, तिक्तक, अरिष्ट, पारिभद्र हिङ्गुनिर्यास ",,,गुडूच्यादिवर्गः,Guna: लघु | Virya: शीत | Vipaka: कटु,"ग्रही, अग्नि-वातनुत्, अहृद्य, श्रम-तृट्कास-ज्वरा-अरुचि-कृमिप्रणुत्, व्रण-पित्त-कफ-च्छर्दि-कुष्ठ-हृल्लास-मेहनुत्",,
BPN_0240,पत्रम्,,,,गुडूच्यादिवर्गः,Vipaka: कटु,"नेत्र्य, कृमि-पित्त-विष-प्रणुत्, वातल, सर्वारोचक-कुष्ठनुत्",,
BPN_0241,फलम्,,,,गुडूच्यादिवर्गः,"Rasa: तिक्त, कटु | Guna: स्निग्ध, लघु | Virya: उष्ण | Vipaka: कटु","कुष्ठघ्न, गुल्म-आर्श-कृमि-मेह-नुत्",,
BPN_0242,महानिम्बः,"महानिम्ब, द्रेका, रम्यक, विषमुष्टिक, केशमुष्टि, निम्बक, कार्मुक जीव",,,गुडूच्यादिवर्गः,"Rasa: तिक्त, कषाय | Guna: रूक्ष | Virya: शीत","ग्राही, कफ-पित्त-भ्रम-च्छर्दि-कुष्ठ-हृल्लास-रक्त-जित्, प्रमेह-श्वास-गुल्मा-आर्शो-मूषिका-विषनाशन",,
BPN_0243,पारिभद्रः,"पारिभद्र, निंबतक, मन्दार पारिजातक",,,गुडूच्यादिवर्गः,,अनिल-श्लेष्म-शोथ-मेद-कृमि-प्रणुत्,,
BPN_0244,पत्रम्,,,,गुडूच्यादिवर्गः,,"पित्तरोगघ्न, कर्णव्याधिविनाशन",,
BPN_0245,काञ्चनारः,"काञ्चनार, काञ्चनक, गण्डारि शोणपुष्पक, कोविदार, भरिक, कुद्दाल, युगपत्रक, कुण्डली, ताम्रपुष्प, अश्मन्तक स्वल्पकेशरी",,,गुडूच्यादिवर्गः,"Rasa: तुवर | Guna: लघु, रूक्ष | Virya: शीत","ग्राही, श्लेष्मपित्तनुत्, कृमि-कुष्ठ-गुदभ्रंश-गण्डमाला-व्रणापह, संग्राहि, पित्ता-अस्र-प्रद-रक्षय-कासनुत्",,
BPN_0246,शोभाञ्जनः,"शोभाञ्जन, शित्रु, तीक्ष्णगन्धक, अक्षीव मोचक",,,गुडूच्यादिवर्गः,"Rasa: कटु, मधुर, क्षार, तिक्त | Guna: तीक्ष्ण, लघु, रूक्ष | Virya: उष्ण | Vipaka: कटु","दीपन, रोचन, विदाहकृत्, संग्राही, शुक्रल, हृद्य, पित्त-रक्त-प्रकोपण, चक्षुष्य, कफ-वातघ्न, विद्रधि-श्वयथु-क्रिमी-मेदोऽ-अपची-विष-प्लीह-गुल्म-गण्डव्रण-हर, विशेषाद्दाहकृत्, प्लीहा-अनविद्रधि-व्रण-घ्न, पित्त-रक्तहृत्, विशेषाद्दीपन, सर",,
BPN_0247,अथ शिग्रुवल्कलपत्रस्वरसगुणानाह,,,,गुडूच्यादिवर्गः,,स्वरसपरमार्त्तिहृत्,,
BPN_0248,अथ शिग्रुबीजगुणानाह,,,,गुडूच्यादिवर्गः,Guna: तीक्ष्ण | Virya: उष्ण,"चक्षुष्य, विषनाशन, अवृष्य, कफ-वातघ्न, शिरोऽर्त्तिनुत्",,
BPN_0249,श्वेत-नील-अपराजिता,"आस्फोता, गिरिकर्णी, विष्णुकान्ता और अपराजिता ",,,गुडूच्यादिवर्गः,"Guna: तिक्त, कटु, कषाय | Virya: शीत | Vipaka: कटु","मेध्य, कण्ठ्य, सुदृष्टिद, कुष्ठ-मूत्र-अग्निदोषा-आम-शोथ-व्रण-विषापह, स्मृतिबुद्धिद",,
BPN_0250,सिन्दुवारः,"सिन्दुवार, सिन्दुक सिन्दुवारक  - निर्गुण्डी, शेफाली सुवहा",,,गुडूच्यादिवर्गः,"Rasa: तिक्त, कषाय, कटु | Guna: लघु","स्मृतिद, केश्य, नेत्रहित, शूल-शोथा-आम-मारुतापह, कृमि-कुष्ठा-अरुचि-श्लेष्म-ज्वरा-अनिलापह",,
BPN_0251,अथ सिन्दुवारपत्रगुणानाह,,,,गुडूच्यादिवर्गः,Guna: लघु,जन्तु-वात-श्लेष्म-हर,,
BPN_0252,कुटजः,"कुटज, कूटज, कौट, वत्सक, गिरिमल्लिका, कालिङ्ग, शक्रशाखी, मल्लिकापुष्प, इन्द्र , यवफल, वृक्षक पाण्डुरद्रुम ",,,गुडूच्यादिवर्गः,"Rasa: कटु, तुवर | Guna: रूक्ष | Virya: शीत","दीपन, अर्शो-अतिसार-पित्ता-अस्र-कफ-तृष्णा-आम-कुष्ठ-नुत्",,
BPN_0253,कण्टककरञ्ज-घृतकरञ्ज,"करञ्ज, नक्तमाल, करज चिरबिल्वक ",,,गुडूच्यादिवर्गः,Rasa: कटु | Guna: तीक्ष्ण | Virya: उष्ण,"योनिदोषहृत्, कुष्ठो-उदावर्त्त-गुल्मा-आर्शो-व्रण-क्रिमि-कफा-पह",,
BPN_0254,पत्रम्,,,,गुडूच्यादिवर्गः,Guna: लघु | Virya: उष्ण | Vipaka: कटु,"कफ-वाता-आर्शः-कृमि-शोथ-हर, भेदन, पित्तल",,
BPN_0255,फलम्,,,,गुडूच्यादिवर्गः,,"कफ-वातघ्न, मेहा-आर्शः-कृमि-कुष्ठ-जित्",,
BPN_0256,करञ्जी,"उदकीर्य, षड्ग्रन्था, हस्तिवारुणी, मर्कटी, वायसी, करञ्जी करभञ्जिका ",,,गुडूच्यादिवर्गः,"Rasa: तिक्त, तुवर | Virya: उष्ण | Vipaka: कटु","स्तम्भनी, वमि-पित्ता-आर्शः-कृमि-कुष्ठ-प्रमेह-जित्",,
BPN_0257,गुञ्जा -श्वेत-रक्ता च,"श्वेतगुंजा, उच्चटा (श्वेतोच्चटा) कृष्णला ",,,गुडूच्यादिवर्गः,,"केश्य, वात-पित्त-ज्वरा-पह, मुखशोष-भ्रम-श्वास-तृष्णा-मदविनाशन, नेत्रामयहर, वृष्य-बल्य-कण्डू-व्रणहर, कृमीन्द्रलुप्त-कुष्ठ",,
BPN_0258,कपिकच्छूः,"कपिकच्छू, आत्मगुप्ता, वृष्या, मर्कटी, अजडा, कण्डुरा, व्यङ्गा, दुःस्पर्शा, प्रावृषायणी, लाङ्गली शूकशिम्बी",,,गुडूच्यादिवर्गः,"Rasa: मधुर, तिक्त | Guna: गुरु","वृष्य, बृंहणी, वातहर, बल्य, कफ-पित्ता-अस्र-नाशिनी",,
BPN_0259,अथ तद्बीजगुणानाह,,,,गुडूच्यादिवर्गः,,"वातशमन, वाजीकर",,
BPN_0260,मांसरोहिणी,"मांसरोहिणी, अतिरुहा (अग्निरुहा), वृत्ता, चर्मकषा, वसा, प्रहारवल्ली, विकशा वीरवती",,,गुडूच्यादिवर्गः,,"वृष्य, सर, दोषत्रयापह",,
BPN_0261,चिह्लकः,,,,गुडूच्यादिवर्गः,,"वातनिर्हार, श्लेष्मघ्न, धातुपुष्टिकृत्, आग्नेय, मत्स्यनिषूदन",,
BPN_0262,टङ्कारी,,,,गुडूच्यादिवर्गः,Rasa: तिक्त | Guna: लघु,"वातजित्, श्लेष्मघ्न, दीपनी, शोथोदरव्यथाहन्त्री, पीठविसर्पिहित",,
BPN_0263,वेतसः,"वेतस, नम्रक, वानीर, वञ्जुल, अभ्रपुष्प, विदुल, रथ शीत ",,,गुडूच्यादिवर्गः,Virya: शीत,"दाह-शोथा-आर्शो-योनि-रुक्प्रणुत्, वीसर्प-कृच्छ्रा-अस्र-पित्ता-अश्मरि-कफा-अनिलापह",,
BPN_0264,जलवेतसः,"निकुञ्चक, परिव्याध, नादेय जलवेतस ",,,गुडूच्यादिवर्गः,Virya: शीत,"कुष्ठहृत्, वातकोपन",,
BPN_0265,इज्जलः,"इज्जल, हिज्जल, निचुल अम्बुज",,,गुडूच्यादिवर्गः,,विषापह,,
BPN_0266,अङ्कोटः,"अंकोट, दीर्घकील, अङ्कोल निकोचक ",,,गुडूच्यादिवर्गः,"Rasa: तुवर, कटु | Guna: लघु, तीक्ष्ण, स्निग्ध उष्ण","विसर्प-कफ-पित्ता-अस्र-मूषकाहिविषापह, कृमि-शूला-आम-शोफ-ग्रह-विषापह",,
BPN_0267,फलम्,,,,गुडूच्यादिवर्गः,Rasa: स्वादु | Virya: शीत | Vipaka: गुरु,"श्लेष्मघ्न, बृंहण, बल्य, विरेचन, वात-पित्त-दाह-क्षया-अस्रजित्",,
BPN_0268,बलाचतुष्टयम्,"बला, वाट्यालिका, वाट्या तथा वाट्यालका महाबला, पीतपुष्पा और सहदेवी अतिबला, ऋष्यप्रोक्ता और कङ्कतिका",,,गुडूच्यादिवर्गः,Rasa: मधुर | Guna: स्निग्ध | Virya: शीत,"बलका-न्तिकृत्, ग्राहि, समीरास्र पित्तास्र क्षतनाशन, सक्षीरशर्कर-मूत्रातिसारहर, महाबलाकृच्छ्रहर, वातानुलोमिनी, अतिबलानाशन",,
BPN_0269,लक्ष्मणा,,,,गुडूच्यादिवर्गः,,पुत्रजननी,,
BPN_0270,स्वर्णवल्ली,"स्वर्णवल्ली, रक्तफला, काकायु और काकवल्लरी ",,,गुडूच्यादिवर्गः,,"शिरःपीडाहर, त्रिदोषाहर, दुग्धदा",,
BPN_0271,कार्पासी,"कार्पासी, तुण्डकेशी और समुद्रान्ता ",,,गुडूच्यादिवर्गः,Rasa: मधुर | Guna: लघु | Virya: उष्ण,वातनाशिनी,,
BPN_0272,पत्रम्,,,,गुडूच्यादिवर्गः,,"समीरघ्न, रक्तकृत्, मूत्रवर्द्धन, कर्णपिडका-नादपूयास्रावविनाशन",,
BPN_0273,बीजम्,,,,गुडूच्यादिवर्गः,"Guna: गुरु, स्निग्ध","स्तन्यद, वृष्य, , कफकर",,
BPN_0274,अथ वंशः।  तस्य नामगुणानाह,,,,गुडूच्यादिवर्गः,"Rasa: स्वादु, कषाय | Virya: शीत","सर, बस्तिशोधन, छेदन, कफ-पित्तघ्न, कुष्ठा-अस्र-व्रण-शोथजित्",,
BPN_0275,वंशः,"वंश, त्वक्सार, कर्मार, त्वचिसार, तृणध्वज, शतपर्वा, यवफल, वेणु, मस्कर तेजन",,,गुडूच्यादिवर्गः,,,,
BPN_0276,करीर,,,,गुडूच्यादिवर्गः,"Rasa: कटु, कषाय, स्वादु | Guna: रूक्ष, गुरु, | Vipaka: कटु","सर, कफकृत्, विदाही, वात-पित्तल",,
BPN_0277,यव,,,,गुडूच्यादिवर्गः,"Rasa: कषाय, कटु | Guna: रूक्ष | Virya: उष्ण | Vipaka: कटु","वात-पित्त-कर, बद्धमूत्र, कफापह",,
BPN_0278,नलः,"नल, पोटगल, शून्यमध्य धमन ",,,गुडूच्यादिवर्गः,"Rasa: मधुर, तिक्त, कषाय | Virya: उष्ण","कफ-रक्तजित्, हृद्वस्ति-योन्यर्त्ति-दाह-पित्त-विसर्प-हृत्",,
BPN_0279,भद्रमुञ्जः,"भद्रमुञ्ज, शर, बाण, तेजन और इक्षुवेष्टन ये सब नाम 'सरपत' के हैं। मुञ्ज, मुज्ञ्जातक, बाण, स्थूलदर्भ सुमेखल",,,गुडूच्यादिवर्गः,"Rasa: मधुर, तुवर | Virya: शीत","दाह-तृष्णा-विसर्पा-अस्र-मूत्र-कृच्छ्रा-अक्षिरोगजित्, दोषत्रयहर, वृष्य, मेखलोपयोगी",,
BPN_0280,कासः,"कास, कासेक्षु, इक्षुरस, इक्ष्वालिका, इक्षुगन्धा तथा पोटगल",,,गुडूच्यादिवर्गः,"Rasa: मधुर, तिक्त | Virya: शीत | Vipaka: स्वादु","सर, मूत्र-कृच्छ्रा-अश्म-दाहा-अस्र-क्षय-पित्तजरोगजित्",,
BPN_0281,गुन्द्रः,"गुन्द्र, पटेरक, गुल्म शृङ्गवेराभमूलक ",,,गुडूच्यादिवर्गः,"Rasa: कषाय, मधुर | Virya: शीत","पित्त-रक्तजित्, स्तन्य-शुक्र-रजो-मूत्र-शोधन, मूत्र-कृच्छ्र-हृत्",,
BPN_0282,एरका,"एरका, गुन्द्रमूला, शिबि, गुन्द्रा शरी",,,गुडूच्यादिवर्गः,Virya: शीत,"वृष्य, चक्षुष्य, वात-कोपिनी, मूत्र-कृच्छ्रा-अश्मरी-दाह-पित्त-शोणित-नाशिनी",,
BPN_0283,कुशः,"कुश, दर्भ, बहिं, सूच्यग्र और यज्ञभूषण",,,गुडूच्यादिवर्गः,"Rasa: मधुर, तुवर | Virya: शीत","त्रिदोषघ्न, मूत्र-कृच्छ्रा-अश्मरी-तृष्णा-बस्ति-रुक्प्रदरा-अस्रजित्",,
BPN_0284,कत्तृणम्,"रौहिष, देवजग्ध, सौगन्धिक, भूतिक, ध्यामपौर, श्यामक तथा धूमगन्धिक",,,गुडूच्यादिवर्गः,"Rasa: तुवर, तिक्त | Vipaka: कटु","रौहिष, हृत्कण्ठव्याधि-पित्ता-अस्र-शूल-कास-कफ-ज्वर-व्यपोह",,
BPN_0285,भूतृणम्,"गुह्यबीज, भूतीक, सुगन्ध, जम्बुकप्रिय, भूतृण, छत्रा और मालातृणक ",,,गुडूच्यादिवर्गः,"Rasa: कटु, तिक्त | Guna: तीक्ष्ण, लघु, रूक्ष | Virya: उष्ण","रेचन, विदाहि, दीपन, अनेत्र्य, मुखशोधन, अवृष्य, बहुविट्क, पित्त-रक्तप्रदूषण",,
BPN_0286,नीलदूर्वा,"नीलदूर्वा, रुहा, अनन्ता, भार्गवी, शतपर्विका, शष्य, सहस्रवीर्या और शतवल्ली",,,गुडूच्यादिवर्गः,"Rasa: तिक्त, मधुर, तुवर | Virya: शीत",कफ-पित्ता-अस्र-वीसर्प-तृष्णा-दाह-त्वगामयहर,,
BPN_0287,श्वेतदूर्वा,,,,गुडूच्यादिवर्गः,"Rasa: कषाय, स्वादु, तिक्त | Virya: शीत","व्रण्या, जीवनी, विसर्पा-अस्र-तृट्-पित्त-कफ-दाहहृत्",,
BPN_0288,गण्डदूर्वा,"गण्डदूर्वा, गण्डाली, मत्स्याक्षी और शकुलादनी",,,गुडूच्यादिवर्गः,"Rasa: तिक्त, कषाय, मधुर | Guna: लघु | Virya: शीत | Vipaka: कटु","लोहद्राविणी, ग्राहिणी, वातकृत्, दाह-तृष्णा-बलासा-अस्र-कुष्ठ-पित्त-ज्वरा-पह",,
BPN_0289,वाराहीकन्दः,,,,गुडूच्यादिवर्गः,"Rasa: स्वादु, तिक्त | Vipaka: कटु","शुक्रा-आयुः-स्वर-वर्णा-अग्नि-बल-पित्त-विवर्द्धिनी, कफ-कुष्ठ-मरुत्-मेह-कृमिहृत्, रसायनी",,
BPN_0290,विदारीकन्दः,"विदारी, स्वादुकन्दा, क्रोष्ट्री, सिता, इक्षुगन्धा, क्षीरवल्ली, क्षीरशुक्ला तथा पयस्विनी",,,गुडूच्यादिवर्गः,"Rasa: मधुर | Guna: स्निग्ध, गुरु | Virya: शीत","बृंहणी, स्तन्य-शुक्रदा, स्वर्य, मूत्रल, जीवनी, बलवर्णदा, पित्ता-अस्र-पवन-दाह-हर, रसायनी",,
BPN_0291,अथ मुशलीकन्दः । तस्य लक्षणगुणानाह,,,,गुडूच्यादिवर्गः,"Rasa: मधुर, तिक्त | Guna: गुरु | Virya: उष्ण","बृंहणी, रसायनी, गुदजान्यनिलनाशन",,
BPN_0292,शतावरी महाशतावरी,"शतावरी, बहुसुता, भीरुः, इन्दीवरी, वरी, नारायणी, शतपदी, शतवीर्या पीवरी -महाशतावरी, शतमूली, ऊर्ध्वकण्टिका, सहस्रवीर्या, हेतुः, ऋष्यप्रोक्ता महोदरी",,,गुडूच्यादिवर्गः,"Rasa: तिक्त, स्वादु | Guna: स्निग्ध, लघु, गुरु | Virya: शीत",शतावरी रसायनी मेधाऽ-अग्निपुष्टिदा स्निग्धा नेत्र्या गुल्मा-अतिसारजित्  शुक्र-स्तन्य-करी वल्या वात-पित्ता-अस्र-शोथ-जित् महाशतावरी मेध्या हृद्या वृष्या रसायनी  निहन्त्य-अर्शों-ग्रहणी-नयनामयान्  तदङ्कुर-स्त्रिदोषघ्नो लघुरर्शः क्षयापहा,,
BPN_0293,अश्वगन्धा,"वराहकर्णी, वरदा, बलदा, कुष्ठगन्धिनी, ",,,गुडूच्यादिवर्गः,"Rasa: तिक्त, कषाय | Virya: उष्ण","अश्वगन्धाऽ-अनिल-श्लेष्म-श्वित्र-शोथ-क्षया-पहा, बल्या, रसायनी, अतिशुक्रला",,
BPN_0294,पाठा,"पाठा, अम्बष्ठा, अम्बष्ठकी, प्राचीना, पापचेलिका, एकाष्ठीला, रसा, पाठिका ",,,गुडूच्यादिवर्गः,"Rasa: कटु | Guna: तीक्ष्ण, लघु | Virya: उष्ण","वात-श्लेष्महरी, शूल-ज्वर-च्छर्दि-कुष्ठा-अतीसार-हृद्रुज, दाह-कण्डू-विष-श्वास-कृमि-गुल्म-गर-व्रणहर",,
BPN_0295,श्वेतात्रिवृत्,"श्वेता त्रिवृत्, त्रिभण्डी, त्रिवृता, त्रिपुटा, सर्वानुभूति, सरला, निशोत्रा और रेचनी ",,,गुडूच्यादिवर्गः,"Guna: स्वादु, रूक्ष | Virya: उष्ण","रेचनी, समीरहृत्, पित्त-ज्वर-श्लेष्म-पित्त-शोथो-उदरापहा",,
BPN_0296,श्यामात्रिवृत्,"श्यामा, त्रिवृत्, अर्धचन्द्रा, पालिन्दी, सुषेणिका, मसूरविदला, काली, कैषिका और कालमेषिका",,,गुडूच्यादिवर्गः,,"हीनगुणा, तीव्रविरोचिनी, मूर्च्छा-दाह-मद-भ्रान्ति-कण्ठोत्कर्षणकारिणी",,
BPN_0297,लघुदन्ती बृहद्दन्ती च,,,,गुडूच्यादिवर्गः,Rasa: कटु | Guna: तीक्ष्ण | Virya: उष्ण | Vipaka: कटु,"सर, दीपन, गुदाङ्कुरा-अश्म-शूला-अस्र-कण्डू-कुष्ठ-विदाहनुत्, पित्ता-अस्र-कफ-शोथो-उदरक्रिमीहर",,
BPN_0298,अथ लघुदन्तीफलम्।  तस्य गुणानाह,,,,गुडूच्यादिवर्गः,Rasa: मधुर | Virya: शीत | Vipaka: मधुर,"विण्मूत्रहरण, गर-शोथ-कफापह",,
BPN_0299,जयपालः,"जयपाल, दन्तिबीज, तिन्तिडीफल",,,गुडूच्यादिवर्गः,"Guna: गुरु, स्निग्ध","रेची, पित्त-कफा-पह",,
BPN_0300,नागदन्ती,,,,गुडूच्यादिवर्गः,"Rasa: कटु, तिक्त | Guna: रूक्ष | Vipaka: कटु","वात-कफा-पहा, मेधाकृत्, विषदोषघ्नी, गुल्म-शूलो-उदरव्याधि-कुष्ठदोष-निकृन्तनी, पाचन, शोथनाशिनी",,
BPN_0301,इन्द्रवारुणी महेन्द्रवारुणी,"ऐन्द्री, इन्द्रवारुणी, चित्रा, गवाक्षी, गवादनी वारुणी  - विशाला, महाफला, श्वेतपुष्पा, मृगाक्षी, मृगैर्वारु मृगादनी ",,,गुडूच्यादिवर्गः,Rasa: तिक्त | Guna: लघु | Virya: उष्ण | Vipaka: कटु,"सर, कामला-पित्त-कफ-प्लीहोउदरापह, श्वास-कासा-पह, कुष्ठ-गुल्म-ग्रन्थि-व्रण-प्रणुत्, प्रमेह-मूढ-गर्भा-आम-गण्डामय-विषापह",,
BPN_0302,नीली,"नीली, नीलिनी, तूणी, काला, दोला, नीलिका, रञ्जनी, श्रीफली, तुच्छा, ग्रामीणा, मधुपर्णिका, क्लीतका, कालकेशी नीलपुष्पा",,,गुडूच्यादिवर्गः,Rasa: तिक्त | Virya: उष्ण,"रेचनी, केश्या, मोह-भ्रमापहा,  उदर-प्लीह-वात-रक्त-कफा-अनिलापह, आम-वात-मुदावर्त्त-मद-विषोद्धत",,
BPN_0303,शरपुङ्खः,"शरपुंख, प्लीहशत्रु और नीलीवृक्षाकृति ",,,गुडूच्यादिवर्गः,"Rasa: तिक्त, कषाय | Guna: लघु","यकृत्पीह-गुल्म-व्रण-विषा-पह, कासा-अस्र श्वास-ज्वरहर",,
BPN_0304,वृद्धदारुकः,"वृद्धादारुक, आवेगी, छागान्त्री और वृष्यगन्धिका",,,गुडूच्यादिवर्गः,"Rasa: कषाय, कटु, तिक्त | Virya: उष्ण","रसायन, वृष्य, वाता-आम-वाता-अर्शः-शोथ-मेह-कफ-प्रणुत्, शुक्रा-आयु-र्बल-मेधा-अग्नि-स्वर-कान्तिकर, सर",,
BPN_0305,यवासा दुरालभा च,"यास, यवास, दुःस्पर्श, धन्वयास और कुनाशक दुरालभा, दुरालम्भा, समुद्रान्ता, रोदिनी, गान्धारी, कच्छुरा, अनन्ता, कषाया और हरिविग्रहा ",,,गुडूच्यादिवर्गः,"Rasa: मधर, तिक्त, कषाय, तुवर | Guna: लघु | Virya: शीत","कफ-मेदो-मद-भ्रान्ति-पित्ता-असृक्-कुष्ठ-कासजित्, तृष्णा-विसर्प-वाता-अस्र-वमि-ज्वरहर",,
BPN_0306,मुण्डी महामुण्डी,"मुण्डी, भिक्षु, श्रावणी, तपोधना, श्रवणाह्वा, मुण्डतिका और श्रवणशीर्षका  - महाश्रावणिका, भूकदम्बिका, कदम्बपुष्पिका, अव्यथा और अतितपस्विनी ",,,गुडूच्यादिवर्गः,Rasa: मधुर | Guna: लघु | Virya: उष्ण | Vipaka: कटु,"मेध्या, गण्ड-अपची-कृच्छ्र-कृमि-योन्यर्त्ति-पाण्डुनुत्, श्लीपदा-अरुचि-अपस्मार-प्लीह-मेदो-गुदार्तिहृत्",,
BPN_0307,अपामार्गः,"अपामार्ग, शिखरी, अधःशल्य, मयूरक, मर्कटी, दुर्ग्रहा, किणिही, खरमञ्जरी",,,गुडूच्यादिवर्गः,"Rasa: तिक्त, कटु | Guna: तीक्ष्ण","सर, तीक्ष्ण, दीपन, पाचन, रोचन-श्छर्दि-कफ-मेदो-अनिलापह, हृद्रुजा-अध्मा-अर्शः-कण्डू-शूलो-उदरा-अपचीः",,
BPN_0308,रक्तापमार्गः,"वशिर, वृत्तफल, धामार्गव, प्रत्यक्पर्णी, केशपर्णी, कपिपिप्पली",,,गुडूच्यादिवर्गः,Guna: रूक्ष | Virya: शीत,"वातविष्टम्भी, कफहृत्",,
BPN_0309,अथ अपामार्गफलगुणानाह,,,,गुडूच्यादिवर्गः,Rasa: स्वादु | Guna: रुक्ष | Vipaka: स्वादु,"दुर्जर, विष्टम्भि, वातल, रक्त-पित्तप्रसादन",,
BPN_0310,कोकिलाक्षः,"कोकिलाक्ष, काकेक्षु, इक्षुर, क्षुरक, क्षुर, भिक्षु, काण्डेक्षु, इक्षुगन्धा और इक्षुबालिका ",,,गुडूच्यादिवर्गः,"Rasa: तिक्त, स्वादु, अम्ल | Guna: पिच्छिल | Virya: शीत","वृष्य, पिच्छिल, वाता-आम-शोथा-अश्म-तृष्णा-दृष्टि -अनिला-अस्रजित्",,
BPN_0311,अस्थिसंहारकः,"ग्रन्थिमान्, अस्थिसंहारी, वज्राङ्गी, अस्थिश्रृंखला,",,,गुडूच्यादिवर्गः,"Rasa: स्वादु | Guna: रूक्ष, लघु, | Virya: उष्ण","वात-श्लेष्महर, अस्थियुक्, सर, कृमिघ्न, दुर्नामघ्न, अक्षिरो-गजित्, वृष्य, पाचन, पित्तल",,
BPN_0312,अथ तद्वटिकाया निर्माणविधिं गुणाँश्चाह,,,,गुडूच्यादिवर्गः,,वातहारि,,
BPN_0313,कुमारी,"कुमारी, गृहकन्या, कन्या और घृतकुमारिका",,,गुडूच्यादिवर्गः,"Rasa: मधुर, तिक्त | Virya: शीत","भेदनी, नेत्र्या, रसायनी, बृंहणी, बल्या, वृष्या, वात-विषप्रणुत्, गुल्म-प्लीह-यकृत्वृद्धि-कफ-ज्वर-हरी, ग्रन्थ्यग्निदग्धविस्फोट-पित्त-रक्त-त्वगामयहर",,
BPN_0314,श्वेतपुनर्णवा,"पुनर्नवा, श्वेतमूला, शोथघ्नी और दीर्घपत्रिका ",,,गुडूच्यादिवर्गः,"Rasa: कटु, कषाय","पाण्डुघ्नी, दीपनी, शोफा-अनिल-गर-श्लेष्म-हरी, ब्रध्नो-उदरप्रणुत्",,
BPN_0315,रक्तपुष्पा पुनर्नवा,"रक्तपुनर्नवा, रक्तपुष्पा, शिलाटिका, शोथघ्नी, क्षुद्रवर्षाभू, वर्षकेतु",,,गुडूच्यादिवर्गः,Rasa: तिक्त | Guna: लघु | Virya: शीत | Vipaka: कटु,"वातला, ग्राहिणी, श्लेष्म-पित्त-रक्त-विनाशिनी",,
BPN_0316,गन्धप्रसारणी,"प्रसारणी, राजबला, भद्रपर्णी, प्रतानिनी, सरणी, सारणी, भद्रा, बला और कटम्भरा",,,गुडूच्यादिवर्गः,Rasa: तिक्त | Guna: गुरु | Virya: उष्ण,"वृष्या, बलसन्धानकृत्, सरा, वातहृत्, वात-रक्त-कफापहा",,
BPN_0317,कृष्णशारिवा,"शारिवा, श्यामा, गोपी और गोपवधू",,,गुडूच्यादिवर्गः,,,,
BPN_0318,श्वेतशारिवा,"धवलशारिवा, शारिवा, गोपा, गोपकन्या, कृशोदरी, स्फोटा, श्यामा, गोपवल्ली, लता, आस्फोता और चन्दना",,,गुडूच्यादिवर्गः,,,,
BPN_0319,अथ सारिवाद्वयस्य गुणानाह,,,,गुडूच्यादिवर्गः,"Rasa: स्वादु | Guna: स्निग्ध, गुरु","शुक्रकर, अग्निमान्द्या-अरुचि-श्वास-कासा-आम-विष-नाशन, दोषत्रया-त्सप्रदर-ज्वरा-अतिसारनाशन",,
BPN_0320,भृङ्गराज,"भृङ्गराज, भृङ्गरज, मार्कव, भृङ्ग, अङ्गारक, केशराज, भृङ्गार और केशरञ्जन",,,गुडूच्यादिवर्गः,"Rasa: कटु | Guna: तीक्ष्ण, रूक्ष | Virya: उष्ण","कफ-वातनुत्, केश्य, त्वच्य, कृमि-श्वास-कास-शोथा-आम-पाण्डु-नुत्, दन्त्य, रसायन, बल्य, कुष्ठ-नेत्रशिरऽर्तिनुत्",,
BPN_0321,शणपुष्पी,"शणपुष्पी, घण्टा तथा शणपुष्पसमाकृति",,,गुडूच्यादिवर्गः,"Rasa: कटु, तिक्त","वामिनी, कफ-पित्तजित्",,
BPN_0322,त्रायमाणा,"बलभद्रा, त्रायमाणा, त्रायन्ती, गिरिजा तथा अनुजा",,,गुडूच्यादिवर्गः,"Rasa: तुवर,  तिक्त","सरा, पित्त-कफापहा, ज्वर-हृद्रोग-गुल्मा-आर्श-भ्रम-शूल-विष-प्रणुत्",,
BPN_0323,मूर्वा,"मूर्वा, मधुरसा, देवी, मोरटा, तेजनी, खुवा, मधूलिका, मधुश्रेजी, गोकर्णी पीलुपर्णी",,,गुडूच्यादिवर्गः,"Rasa: स्वादु, तिक्त | Guna: गुरु","सरा, पित्ता-अस्र-मेह-नुत्, त्रिदोष-तृष्णा-हृद्रोग-कण्डू-कुष्ठ-ज्वरा-पहा",,
BPN_0324,काकमाची,,,,गुडूच्यादिवर्गः,"Rasa: तिक्त, कटु | Guna: स्निग्ध | Virya: उष्ण","त्रिदोषघ्नी, स्वर-शुक्रदा, रसायनी, शोथ-कुष्ठा-आर्श-ज्वर-मेह-जित्, नेत्रहिता, हिक्का -च्छर्दि-हृद्रोगनाशिनी",,
BPN_0325,काकनासा,"काकनासा, काकाङ्गी और काकतुण्डफला ",,,गुडूच्यादिवर्गः,"Rasa: कषाय, तिक्त, कटु | Virya: उष्ण | Vipaka: कटु","कफघ्नी, वामनी, शोथा-आर्श-श्वित्र-कुष्ठ-हृत्",,
BPN_0326,काकजङ्घा,"काकजङ्घा, नदीकान्ता, काकतिक्ता, सुलोमशा, पारावतपदी, दासी और काका ",,,गुडूच्यादिवर्गः,"Rasa: तिक्त, कषाय | Virya: शीत","कफ-पित्तजित्, ज्वर-पित्ता-अस्र-व्रण-कण्डू-विष-क्रिमीहनाशन",,
BPN_0327,नागपुष्पी,"नागपुष्पी, श्वेतपुष्पा, नागिनी और रामदूतिका",,,गुडूच्यादिवर्गः,Rasa: तिक्त | Guna: तीक्ष्ण | Virya: उष्ण,"रोचनी, कफ-पित्तनुत्, विष-शूल-योनिदोष-वमि-क्रिमीहन",,
BPN_0328,मेषश्रुङ्गी,"मेषशृङ्गी, विषाणी, मेषवल्ली और अजशृङ्गिका",,,गुडूच्यादिवर्गः,Rasa: तिक्त | Guna: रूक्ष | Vipaka: कटु,"वातला, श्वास-कासहृत्, पित्त-व्रण-श्लेष्मा-अक्षि-शूलनुत्, कुष्ठ-मेह-कफ-प्रणुत्, दीपन, स्रंसन, कास-क्रिमि-व्रण-विषापह",,
BPN_0329,हंसपदी,"हंसपादी, हंसपदी, कीटमाता और त्रिपादिका",,,गुडूच्यादिवर्गः,Guna: गुरु | Virya: शीत,"रक्त-विष-व्रणापह, विसर्प-दाहा-अतीसार-लूताभूता-अग्निरोहिणीनाशन",,
BPN_0330,सोमलता,"सोमवल्ली, सोमलता, सोमक्षीरी और द्विजप्रिया ",,,गुडूच्यादिवर्गः,"Rasa: कटु, तिक्त","त्रिदोषघ्नी, रसायनी",,
BPN_0331,आकाशवल्ली,"आकाशवल्ली, खवल्ली, अमरवल्ली",,,गुडूच्यादिवर्गः,"Rasa: तुवर, तिक्त | Guna: पिच्छिल","ग्राहिणी, अक्ष्यामयापह, अग्निकरी, हृद्या, पित्त-श्लेष्मा-आमनाशिनी",,
BPN_0332,पातालगरुडी,"छिलिहिण्ट, महामूल, पातालगरुड, ",,,गुडूच्यादिवर्गः,,"वृष्य, कफघ्न, पवनापह",,
BPN_0333,वन्दा,"बन्दा, वृक्षादनी, वृक्षभक्ष्या, वृक्षरुहा और बन्दाक्व",,,गुडूच्यादिवर्गः,"Rasa: तिक्त, कषाय, मधुर | Virya: शीत","मङ्गल्य, कफ-वाता-अस्र-रक्षोव्रण-विषापह",,
BPN_0334,वटपत्री,,,,गुडूच्यादिवर्गः,Guna: कषाय | Virya: उष्ण,योनिमूत्रगदपहा,,
BPN_0335,हिङ्गुपत्री,"हिङ्गुपत्री, कवरी, पृथ्वीका, पृथुका और पृथु",,,गुडूच्यादिवर्गः,Rasa: कटु | Guna: तीक्ष्ण | Virya: उष्ण,"रुच्या, पाचनी, हृद्वस्ति-रुग्विबन्धा-आर्शः-श्लेष्म-गुल्मा-अनिलापहा",,
BPN_0336,वंशपत्री,"वंशपत्री, वेणुपत्री, पिण्डा और हिङ्गुशिवाटिका ",,,गुडूच्यादिवर्गः,,हिङ्गुपत्रीगुणा,,
BPN_0337,मत्स्याक्षी,"मत्स्याक्षी, वाह्निका, मत्स्यगन्धा और मत्स्यादनी",,,गुडूच्यादिवर्गः,"Rasa: तिक्त, कषाय, स्वादु | Guna: लघु | Virya: शीत | Vipaka: कटु","ग्राहिणी, कुष्ठ-पित्त-कफा-अस्रजित्, स्वादु, कटुविपाकिनी",,
BPN_0338,सर्पाक्षी,"सर्पाक्षी, गण्डाली और नाडीकलापक",,,गुडूच्यादिवर्गः,"Rasa: कटु, तिक्त | Virya: उष्ण","कृमिनिकृन्तनी, वृश्चिकोन्दुरुसर्पविषघ्नी, व्रणरोपिणी",,
BPN_0339,शङ्खपुष्पी,"शङ्खपुष्पी, शङ्खाह्वा , मङ्गल्यकुसुमा",,,गुडूच्यादिवर्गः,Rasa: कषाय | Virya: उष्ण,"सरा, मेध्या, वृष्या, मानसरोगहृत्, रसायनी, स्मृति-कान्ति-बला-अग्निदा, दोषा-अपस्मार-भूताश्री-कुष्ठ-क्रिमि-विषप्रणुत्",,
BPN_0340,अर्कपुष्पी,"अर्कपुष्पी, क्रूरकर्मा, पयस्या और जलकामुका",,,गुडूच्यादिवर्गः,,कृमि-श्लेष्म-मेह-पित्त-विकार-जित्,,
BPN_0341,लज्जालुः,"लज्जालु, शमीपत्रा, समङ्गा, जलकारिका, रक्तपादी, नमस्कारी और खदिरका ",,,गुडूच्यादिवर्गः,"Rasa: तिक्त, कषाय | Virya: शीत","कफ-पित्तजित्, रक्त-पित्त-मतीसार-योनिरोगविनाशक",,
BPN_0342,अलम्बुषा,"अलम्बुषा, खरत्वक् और मेदोगला",,,गुडूच्यादिवर्गः,Rasa: स्वादु | Guna: लघु,क्रिमि-पित्त-कफापहा,,
BPN_0343,दुग्धिका,"भूम्यामलकिका, शिवा, तामलकी, बहुपत्रा, बहुफला, बहुवीर्या, अजटा और मृधात्री",,,गुडूच्यादिवर्गः,"Rasa: कटु, तिक्त, स्वादु | Guna: गुरू, रूक्ष | Virya: उष्ण","वातला, गर्भकारिणी, क्षीरा, सृष्टमूत्रा, मलापहा, स्वादु-विष्टम्भिनी, वृष्या, कफ-कुष्ठ-क्रिमिप्रणुत्",,
BPN_0344,भूम्यामलकी,,,,गुडूच्यादिवर्गः,"Rasa: तिक्त, कषाय, मधुर | Virya: शीत","वातकृत्, पिपासा-कास-पित्ता-अस्र-कफ-कण्डू-क्षतापहा",,
BPN_0345,ब्राह्मी मण्डूकपर्णी,"ब्राह्मी, कपोतवङ्का, सोमवल्ली और सरस्वती  - मण्डूकपर्णी, माण्डूकी, त्वाष्ट्री, दिव्या और महौषधी",,,गुडूच्यादिवर्गः,"Rasa: तिक्त, कषाय, मधुर | Guna: लघु | Virya: शीत | Vipaka: स्वादु","सरा, मध्या, आयुष्या, रसायनी, स्वर्या, स्मृतिप्रदा, कुष्ठ-पाण्डु-मेहा-अस्र-कास-जित्, विष-शोथ-ज्वरहरी",,
BPN_0346,द्रोणा,,,,गुडूच्यादिवर्गः,"Rasa: लवण, स्वादु, कटु | Guna: गुरु, रूक्ष, तीक्ष्ण | Virya: उष्ण | Vipaka: स्वादु","वात-पित्त-कृत्, भेदिनी, कफा-आम-कामला-शोथ-तमक-श्वास-जन्तुजित्",,
BPN_0347,सुवर्चला,"सुवर्चला, सूर्यभक्ता, वरदा, बदरा, सूर्यावर्त्ता और रविप्रोता ब्रह्मसुदुर्लभा ",,,गुडूच्यादिवर्गः,,,,
BPN_0348,,,,,गुडूच्यादिवर्गः,"Rasa: कटु | Guna: रूक्ष, सरा, गुरु | Virya: शीत | Vipaka: स्वादु","अपित्तला, क्षारा, विष्टम्भ-कफ-वात-जित्",,
BPN_0349,,,,,गुडूच्यादिवर्गः,"Rasa: तिक्त, कषाय, कटु | Guna: रुक्ष, लघु | Virya: उष्ण","सरा, रुक्ष, लघु, कफ-पित्ता-अस्र-श्वास-कासा-अरुचि-ज्वरा-पह, विस्फोट-कुष्ठ-मेहा-अस्र-योनिरुक्-कृमि-पाण्डु-तापह",,
BPN_0350,वन्ध्याकर्कोटकी,"बन्ध्याकर्कोटकी, देवी, कन्या, योगीश्वरी, नागारि, नक्रदमनी और विषकण्टकिनी",,,गुडूच्यादिवर्गः,"Guna: तीक्ष्ण, लघु","कफनुत्, व्रणशोधिनी, सर्पदर्पहरी, विसर्प-विषहारिणी",,
BPN_0351,मार्कण्डिका,"मार्कण्डिका, भूमिवल्ली, मार्कण्डी और मृदुरेचनी",,,गुडूच्यादिवर्गः,,"कुष्ठहरी, ऊर्ध्वाधःकायशोधिनी, विष-दुर्गन्धकाघ्नी, गुल्मोउदरविनाशिनी",,
BPN_0352,देवदाली पीतदेवदाली च,"देवदाली, वेणी, कर्कटी, गरागरी, देवताड, वृत्तकोश और जीमूत",,,गुडूच्यादिवर्गः,Rasa: तिक्त | Guna: तीक्ष्ण,"विषघ्नी, गरनाशिनी, कफा-आर्शः-शोफ-पाण्डुता, वमनी, क्षय-हिक्का-कृमि-ज्वरा-पह",,
BPN_0353,अथ तत्फलगुणानाह,,,,गुडूच्यादिवर्गः,Rasa: तिक्त,"कृमि-श्लेष्म-विनाशन, स्रंसन, गुल्म-शूलघ्न-अर्शोघ्न, वातजित्",,
BPN_0354,जलपिप्पली,"जलपिप्पली, शारदी, शकुलादनी, मत्स्यादनी, मत्स्यगन्धा और लाङ्गली",,,गुडूच्यादिवर्गः,"Rasa: कषाय, कटु | Guna: लघु, रूक्ष | Virya: शीत | Vipaka: कटु","हृद्या, चक्षुष्या, शुक्रला, संग्राहिणी, रक्त-दाह-व्रणा-पहा, रुच्या, वह्निवर्द्धिनी",,
BPN_0355,गोजिह्वा,"गोजिह्वा, गोजिका, गोभी, दार्विका और खरपर्णिनी",,,गुडूच्यादिवर्गः,"Rasa: तुवर, तिक्त, स्वादु | Guna: लघु | Virya: शीत | Vipaka: स्वादु","वातला, ग्राहिणी, कफ-पित्तनुत्, हृद्या, प्रमेह-कासा-अस्र-व्रण-ज्वर-हरी, कोमला",,
BPN_0356,नागदमनी,"नागदमनी, बलामोटा, विषापहा, नागपुष्पी, नागपत्रा और महायोगेश्वरी",,,गुडूच्यादिवर्गः,"Rasa: कटु, तिक्त | Guna: लघु","पित्त-कफा-पहा, मूत्र-कृच्छ्र-व्रणरक्ष, जाल-गर्दभ-सर्व-ग्रह-प्रशमनी, निःशेषविषनाशिनी, जयकार, धनदासुमतिप्रदा",,
BPN_0357,वीरतरुः,,,,गुडूच्यादिवर्गः,Rasa: तिक्त | Vipaka: तिक्त,"तृष्णा-कफापह, मूत्राघाता-अश्मजिद्-ग्राही, योनि-मूत्रा-अनिल-आर्त्तिजित्",,
BPN_0358,छिक्कनी,"छिक्कनी, क्षवकृत्, तीक्ष्णा, छिक्किका और घ्राणदुःखदा ",,,गुडूच्यादिवर्गः,Rasa: कटु | Guna: तीक्ष्ण | Virya: उष्ण,"रुच्या, वह्नि-पित्तकृत्, वात-रक्तहरी, कुष्ठ-क्रिमि-वात-कफापहा",,
BPN_0359,कुकुन्दरः,"कुकुन्दर, ताम्रचूड, सूक्ष्मपत्र और मृदुच्छद",,,गुडूच्यादिवर्गः,"Rasa: कटु, तिक्त","ज्वर-रक्त-कफापह, मुख-शोष-हृत्",,
BPN_0360,सुदर्शना,"सुदर्शना, सोमवल्ली, चक्राह्वा और मधुपर्णिका",,,गुडूच्यादिवर्गः,Rasa: स्वादु | Virya: उष्ण,कफ-शोथा-अस्र वातजित्,,
BPN_0361,आखुकर्णी,"आखुकर्णी, आखुपर्णी, पर्णिका और भूदरीभवा",,,गुडूच्यादिवर्गः,"Rasa: कटु, तिक्त, कषाय | Guna: लघु | Virya: शीत | Vipaka: कटु",मूत्र-कफ-आमय-कृमि-प्रणुत्,,
BPN_0362,मयूरशिखा,,,,गुडूच्यादिवर्गः,Guna: लघु,पित्त-श्लेष्म-अतिसारजित्,,
BPN_0363,कमलम्,"नलिन, अरविन्द, महोत्पल, सहस्रपत्र, कमल, शतपत्र, कुशेशय, पङ्केरुह, तामरस, सारस, सरसीरुह, विसप्रसून, राजीव, पुष्कर, अम्भोरुह",,,पुष्पवर्गः,Rasa: मधुर | Virya: शीतल,"वर्ण्य, कफ-पित्तजित्, तृष्णा-दाहा-अस्र विस्फोट-विष-वीसर्पनाशन",,
BPN_0364,श्वेतकमल,,,,पुष्पवर्गः,Rasa: मधुर | Virya: शीत,"कफ-पित्तजित्,",,
BPN_0365,रक्तादि,,,,पुष्पवर्गः,,श्वेतकमलात् अल्पगुणं,,
BPN_0366,पद्मिनी,बिसिनी ,,,पुष्पवर्गः,"Rasa: मधुर, लवण | Guna: गुरु, रूक्ष | Virya: शीत","पित्ता-असृक् कफ-नुत्, वात-विष्टम्भ-कारिणी",,
BPN_0368,संवर्तिका,,,,पुष्पवर्गः,"Rasa: तिक्त, कषाय | Virya: शीत","दाह-तृट्प्रणुत्, मूत्र-कृच्छ्र-गुदव्याधि-रक्त-पित्तविनाशिनी",,
BPN_0369,कर्णिका,,,,पुष्पवर्गः,"Rasa: तिक्त, कषाय, मधुर | Guna: लघु | Virya: शीत","मुखवैशद्यकृत्, तृष्णाऽ-अस्र-कफ-पित्तनुत्",,
BPN_0370,किञ्जल्कः,,,,पुष्पवर्गः,Rasa: कषाय | Virya: शीत,"वृष्य, ग्राहक, कफ-पित्त-तृषा-दाह-रक्ता-आर्शो-विष-शोथजित्",,
BPN_0371,मृणालम्,,,,पुष्पवर्गः,"Rasa: मधुर | Guna: रूक्ष, गुरु | Virya: शीत | Vipaka: मधुर","वृष्य, पित्त-दाहा-अस्रजित्, दुर्जर, स्तन्या-अनिल-कफप्रद, संग्राहि",,
BPN_0372,स्थलकमलम्,"पद्मचारिणी, अतिचरा, अव्यथा, पद्मा ,शारदा ",,,पुष्पवर्गः,"Rasa: कटु, तिक्त, कषाय | Virya: उष्ण","कफ-वातजित्, मूत्र-कृच्छ्रा-अश्म-शूलघ्न, श्वास-कास-विषापहा",,
BPN_0373,अथ कुमुदम् । तस्य नामानि गुणाँश्चाह,"श्वेतकुवलय, कुमुद, कैरव",,,पुष्पवर्गः,"Rasa: मधुर | Guna: पिच्छिल, स्निग्ध | Virya: शीत",ह्लादि,,
BPN_0374,कुमुदिनी,"कुमुद्वती, कैरविका, कुमुदिनी ",,,पुष्पवर्गः,,पद्मिनीगुणाः,,
BPN_0375,कल्हारम्,"सौगन्धिक, हल्लक रक्तसन्ध्यक ",,,पुष्पवर्गः,"Rasa: गुरु, रूक्ष | Virya: शीत","ग्राहि, विष्टम्भि",,
BPN_0376,वारिपर्णी,"वारिपर्णी, कुम्भिका, वारिमूली, खमूलिका",,,पुष्पवर्गः,"Rasa: तिक्त, कटु | Guna: लघु, स्वादु, रूक्ष | Virya: शीत","सरा, दोषत्रयहरी, शोणितज्वरशोषकृत्",,
BPN_0377,शैवालम्,"शैवाल, जलनीली, शैवल जलज ",,,पुष्पवर्गः,"Rasa: तुवर, तिक्त, मधुर | Guna: लघु, स्निग्ध | Virya: शीत",दाह-तृषा-पित्त-रक्त-ज्वरहर,,
BPN_0378,शतपत्री,"शतपत्री, तरुणी, कर्णिका, चारुकेशरा, महाकुमारी, गन्धाढ्या, लाक्षापुष्पा, अतिमञ्जुला ",,,पुष्पवर्गः,"Rasa: कटु, तिक्त | Guna: लघु | Virya: शीत","हृद्या, ग्राहिणी, शुक्रला, दोषत्रया-अस्रजित् -वर्ण्या, पाचनी",,
BPN_0379,वासन्ती,"नेपाली, सप्तला, नवमालिका ",,,पुष्पवर्गः,Rasa: तिक्त | Guna: लघु | Virya: शीत,दोषत्रया-अस्रजित्,,
BPN_0380,वार्षिकी,"श्रीपदि, षट्पदानन्दा, मुक्तबन्धना  ",,,पुष्पवर्गः,Rasa: तिक्त | Guna: लघु | Virya: शीत,"दोषत्रयापहा, कर्णा-अक्षि-मुखरोगघ्नी",,
BPN_0381,मालती स्वर्णजाती,"जाति, जाती, सुमना, राजपुत्रिका, चेतिका, हृद्यगन्धा ",,,पुष्पवर्गः,"Rasa: तिक्त, तुवर | Guna: लघु | Virya: उष्ण","दोषजित्, शिरोऽ-अक्षि-मुख-दन्तार्त्ति-विष-कुष्ठा-अनिला-अस्रजित्",,
BPN_0382,यूथिका,"गणिका, अम्बष्ठा ",,,पुष्पवर्गः,"Rasa: तिक्त, कटु, मधुर, तुवर | Guna: लघु, | Virya: शीत | Vipaka: कटु","हृद्य, पित्तघ्न, कफवातल, व्रणा-अस्र-मुख-दन्ता-अक्षि-शिरोरोगविषापह",,
BPN_0383,पीतयुथिका,हेमपुष्पिका ,,,पुष्पवर्गः,,,,
BPN_0384,चम्पकः,"चाम्पेय, हेमपुष्प",,,पुष्पवर्गः,"Rasa: कटु, तिक्त, कषाय, मधुर | Virya: शीत | Vipaka: कटु","विषक्रिमिहर, कृच्छ्र-कफ-वाता-अस्र-पित्तजित्",,
BPN_0385,बकुलः,"मधुगन्ध, सिंहकेसरक ",,,पुष्पवर्गः,"Rasa: तुवर, कटु | Guna: गुरु | Virya: शीत | Vipaka: कटु",कफ-पित्त-विष-श्वित्र-कृमि-दन्तगदापह,,
BPN_0386,बृहद्बकुलः,"शिवमल्ली, पाशुपत, एकाष्ठील, वक, वसु  ",,,पुष्पवर्गः,"Rasa: कटु, तिक्त | Virya: शीत",दोषत्रया-अस्र-जित् योनि-शूल-तृषा-दाह-कुष्ठ-शोथा-अस्र-नाशन,,
BPN_0387,कदम्बः,"प्रियक, नीप, वृक्षपुष्प, हलिप्रिय ",,,पुष्पवर्गः,"Rasa: मधुर, कषाय, लवण | Guna: गुरु, रूक्ष | Virya: शीत","सर, विष्टम्भकृत्, कफ-स्तन्या-अनिलप्रद",,
BPN_0388,कुब्जकः,"भद्रतरुणी, वृत्तपुष्प, अतिकेसर, महासहा, कण्टकाढ्या, नीलालिकुलसङ्कुला  ",,,पुष्पवर्गः,"Rasa: स्वादु, कषाय","सुरभि, सर, त्रिदोषशमन, वृष्य, शीतहर्ता",,
BPN_0389,मल्लिका,"मदयन्ती, शीतभीरु, भूपदी ",,,पुष्पवर्गः,"Rasa: तिक्त, कटु | Guna: लघु | Virya: उष्ण","वृष्या, वात-पित्ता-आस्यद्रुग्व्याधि-कुष्ठा-अरुचि-विष-व्रणापह",,
BPN_0390,माधवी,"वासन्ती, पुण्ड्रक, मण्डक, अतिमुक्त, विमुक्त, कामुक, भ्रमरोत्सव ",,,पुष्पवर्गः,Rasa: मधुर | Guna: लघु | Virya: शीत,दोषत्रयापहा,,
BPN_0392,केतकः सुवर्णकेतकी च,"सूचिकापुष्पः, जम्बुकः, क्रकचच्छद ",,,पुष्पवर्गः,"Rasa: कटु, स्वादु, तिक्त | Guna: लघु | Virya: उष्ण",कफापह,,
BPN_0393,हेमकेतकी,,,,पुष्पवर्गः,Rasa: तिक्त | Virya: उष्ण,चक्षुष्या,,
BPN_0394,किङ्किरातः,"हेमगौर, पीतक, पीतभद्र ",,,पुष्पवर्गः,"Rasa: तिक्त, कषाय | Virya: शीत",कफ-पित्त-पिपासाऽ-अस्र-दाह-शोष-वमि-क्रिमीहर,,
BPN_0395,कर्णिकारः,"परिव्याध, पादपोत्पल ",,,पुष्पवर्गः,"Rasa: कटु, तिक्त, तुवर | Guna: लघु","शोधन, रञ्जन, सुखद, शोथ-श्लेष्मा-अस्र-व्रण-कुष्ठजित्",,
BPN_0396,अशोकः,"हेमपुष्प, वञ्जुल, ताम्रपल्लव, कङ्केलि, पिण्डपुष्प, गन्धपुष्प, नट  ",,,पुष्पवर्गः,"Rasa: तिक्त, कषाय | Virya: शीत","ग्राही, वर्ण्य, दोषा-अपची-तृषा-दाह-कृमि-शोष-विषा-अस्र-जित्",,
BPN_0397,अम्लाटानः,"आम्लात, आम्लातक, कुरण्टक, वर्षपुष्प, महासह ",,,पुष्पवर्गः,"Rasa: कषाय, स्वादु, तिक्त, | Guna: स्निग्ध | Virya: उष्ण",,,
BPN_0398,सैरेयकः,"श्वेतपुष्पसैरेयक, सैरेय, कटसारिका, सहाचर, सहचर, भिन्दी, पीतपुष्पः - कुरण्टक, रक्तप्पुष्पः - कुरबक, नीलपुष्पः - बाणा, बाण, दासी, आतर्गल ",,,पुष्पवर्गः,"Rasa: तिक्त, मधुर, अनम्ल | Guna: स्निग्ध | Virya: उष्ण","कुष्ठ-वाता-अस्र-कफ-कण्डू-विषापह, केशरञ्जन",,
BPN_0399,कुन्दम्," माध्य,सदापुष्प ",,,पुष्पवर्गः,Guna: लघु | Virya: शीत,श्लेष्म-शिरोरुग्-विष-पित्तहृत्,,
BPN_0400,मुचुकुन्दः,"क्षत्रवृक्ष, चित्रक, प्रतिविष्णुक ",,,पुष्पवर्गः,,शिरः पीडा-पित्त-अस्र-विष-नाशन,,
BPN_0401,तिलकः,"क्षुरकः, श्रीमान्पुरुषः छिन्नपुष्पकः ",,,पुष्पवर्गः,Rasa: कटु | Virya: उष्ण | Vipaka: कटु,कफ-कुष्ठ-क्रिमी-वस्ति-मुखदन्तगदाहर,,
BPN_0402,बन्धुजीवः,बन्धूकः माध्याह्निकः ,,,पुष्पवर्गः,Guna: लघु,"कफकृत्, ग्राही, वात-पित्तहर",,
BPN_0403,जपापुष्पम्,"औड्रपुष्प, ",,,पुष्पवर्गः,,"संग्राहिणी, केश्या,",,
BPN_0404,त्रिसन्ध्या,,,,पुष्पवर्गः,,कफ-वातजित्,,
BPN_0405,सिन्दूरी,"रक्तबीजा, रक्तपुष्पा, सुकोमला ",,,पुष्पवर्गः,Virya: शीत,विष-पित्ता-अस्र-तृष्णा-वान्तिहरी,,
BPN_0406,मुनिवृक्षः,"अगस्त्य, अगस्ति, वङ्गसेन, मुनिद्रुम ",,,पुष्पवर्गः,Rasa: तिक्त | Guna: रुक्षः | Virya: शीत,"पित्त-कफ-च्चातुर्थिकहर, वातकर, प्रतिश्यायनिवारण",,
BPN_0407,तुलसी शुक्ला कृष्णा च,"तुलसी, सुरसा, ग्राम्या, सुलभा, बहुमञ्जरी, अपेतराक्षसी, गौरी, भूतघ्नी, देवदुन्दुभि ",,,पुष्पवर्गः,"Rasa: कटु, तिक्त | Virya: उष्ण","हृद्य, दाह-पित्तकृत्, दीपनी, कुष्ठ-कृच्छ्रा-अस्र-पार्श्वरुक्-कफ-वातजित्",,
BPN_0408,मरुबकः,"मारुत, मरुबक, मरुत्, मरु, फणी, फणिज्जक, प्रस्थपुष्प, समीरण",,,पुष्पवर्गः,"Rasa: कटु | Guna: लघु, रूक्ष, तीक्ष्ण | Virya: उष्ण | Vipaka: कटु","मरुत् -अग्निप्रद, हृद्य, पित्तल, वृश्चिकादि-विष-श्लेष्म-वात-कुष्ठ-क्रिमि-प्रणुत्, सुगन्धिक",,
BPN_0409,दमनकः,"दमनक, दान्त, मुनिपुत्र, तपोधन, गन्धोत्कट, ब्रह्मजट, विनीत, कलपत्रक, दमन ",,,पुष्पवर्गः,"Rasa: तुवर, तिक्त","हृद्य, वृष्य, सुगन्धिक, विष-कुष्ठा-अस्र-क्लेद-कण्डू-त्रिदोषजित्",,
BPN_0410,बर्बरी,"तुवरी, तुङ्गी, खरपुष्पा, अजगन्धिका , कृष्णे- कठिल्लक, कुथेरक. शुक्ले - अर्जक. वटपत्र ",,,पुष्पवर्गः,"Rasa: कटु, | Guna: लघु, तीक्ष्ण, रूक्ष | Virya: शीत","विदाहि, रुचिकर, हृद्य, दीपन, पित्तल, कफ-वाता-अस्र-कण्डू-कृमिविषापह",,
BPN_0411,वटः,"वट, रक्तफल, शृङ्गी, न्यग्रोध, स्कन्धज, ध्रुव, क्षीरी, वैश्रवण, वास, बहुपाद, वनस्पति",,,वटादिवर्गः,Rasa: कषाय | Guna: गुरु | Virya: शीत,"ग्राही, कफ-पित्त-व्रणापह, वर्ण्य, विसर्पदाहघ्न, योनिदोषहृत्",,
BPN_0412,पिप्पलः,"बोधिद्रु, पिप्पल, अश्वत्थ, चलपत्र, गजाशन",,,वटादिवर्गः,"Rasa: तुवर | Guna: रूक्ष, गुरु | Virya: शीत","दुर्जर, पित्त-श्लेष्म-व्रणा-अस्रजित्, वर्ण्य, योनिविशोधन",,
BPN_0413,पिप्पलभेद,"पारीष, पलाश, कपिचूत, कमण्डलु, गर्दभाण्ड, कन्दराल, कपीतन, सुपार्श्वक",,,वटादिवर्गः,"Rasa: अम्ल, मधुर, कषाय | Guna: स्निग्ध","दुर्जर, कृमि-शुक्र-कफ-प्रद, मज्जक",,
BPN_0414,नन्दीवृक्षः,"नन्दीवृक्ष, अश्वत्थभेद, प्ररोही, गजपादप, स्थालीवृक्ष, क्षयतरु, क्षीरी, वनस्पति",,,वटादिवर्गः,"Rasa: तिक्त, तुवर, | Guna: लघु, स्वादु | Virya: उष्ण | Vipaka: कटु","ग्राही, विष-पित्त-कफा-अस्रजित्",,
BPN_0415,ओदुम्बरः,"उदुम्बर, जन्तुफल, यज्ञाङ्ग, हेमदुग्धक",,,वटादिवर्गः,"Rasa: मधुर, तुवर | Guna: रूक्ष, गुरु | Virya: शीत","पित्त-कफा-अस्रजित्, वर्ण्य, व्रणशोधनरोपण",,
BPN_0416,काकोदुम्बरिका,"काकोदुम्बुरिका, फल्गु, मलयु, जघनेफला",,,वटादिवर्गः,"Rasa: तिक्त,तुवर | Virya: शीत","मलस्तम्भकृत्, कफ-पित्त-व्रण-श्वित्र-कुष्ठ-पाण्डु-अर्श-कामलाजय",,
BPN_0417,प्लक्षः,"प्लक्ष, जटी, पर्करी, पर्कटी",,,वटादिवर्गः,Rasa: कषाय | Virya: शीत,"व्रण-योनिगदापह, दाह-पित्त-कफा-अस्रघ्न , शोथहा, रक्त-पित्तहृत्",,
BPN_0418,शिरीषः,"शिरीष, भण्डिल, भण्डी, भण्डीर, कपीतन, शुकपुष्प, शुकतरु, मृदुपुष्प, शुकप्रिय",,,वटादिवर्गः,"Rasa: मधुर, तिक्त, तुवर | Guna: लघु | Virya: शीत","दोष-शोथ-विसर्पघ्न, कास-व्रण-विषापह",,
BPN_0420,क्षीरिवृक्षा,,,,वटादिवर्गः,Rasa: कषाय | Guna: रूक्ष | Virya: शीत,"वर्ण्य, योनिरोग-व्रणापहा, मेदोघ्न, विसर्प-आमयनाशन, शोथ-पित्त-कफा-अस्रघ्न, स्तन्या, भग्नास्थियोजक",,
BPN_0421,त्वक्पञ्चकम्,,,,वटादिवर्गः,Virya: शीत,"ग्राहि, व्रण-शोथ-विसर्पजित्",,
BPN_0422,पत्रम्,,,,वटादिवर्गः,"Rasa: तिक्त, कषाय | Guna: लघु | Virya: शीत","ग्राहि, कफ-वाता-अस्रनुत्, विष्टम्भ-आध्मानजित्, लेखन",,
BPN_0423,शालाः,"शाल, सर्ज, कार्श्य, अश्वकर्णक, शस्यशम्बर",,,वटादिवर्गः,Rasa: कषाय,व्रण-स्वेद-कफ-क्रिमी-ब्रध्न-विद्रधि-बाधिर्य-योनिकर्णगदाहर,,
BPN_0424,शालभेदः,"सर्जक, अजकर्ण, शाल, मरिचपत्रक",,,वटादिवर्गः,"Rasa: कटु, तिक्त, कषाय | Virya: उष्ण",कफ-पाण्डु-श्रुतिगदा-मेह-कुष्ठ-विष-व्रण-व्यपोह,,
BPN_0425,शल्लकी,"शल्लकी, गजभक्ष्या, सुवहा, सुरभि, रसा, महेरुणा, कुन्दुरुकी, वल्लकी, बहुस्रवा",,,वटादिवर्गः,Rasa: तुवर | Virya: शीत,"पित्त-श्लेष्मा-अतिसारजित्, रक्त-पित्त-व्रण-हरी, पुष्टिकृत्समुदीरिता",,
BPN_0426,शिंशिपा,"शिंशपा, पिच्छिला, श्यामा, कृष्णसारा, भस्मगर्भा ",,,वटादिवर्गः,"Rasa: कटु, तिक्त, कषाय | Virya: उष्ण","शोषहारिणी, मेद-कुष्ठ-श्वित्र-वमि-क्रिमी-हर, वस्तिरुग्-व्रण-दाहा-अस्र-बलासहर,  गर्भपातिनी",,
BPN_0427,ककुभः,"ककुभ, नदीसर्ज, इन्द्रदु, वीरवृक्ष, वीर, धवल, अर्जुन संज्ञावाचकशब्दाः (गाण्डीवी, पार्थ, धनञ्जय, कर्णारि)",,,वटादिवर्गः,Rasa: तुवर | Virya: शीत,"हृद्य, क्षतक्षय-विषा-अस्रजित्, मेदो-मेह-व्रण-कफ-पित्तहृत्",,
BPN_0428,बीजकः,"बीजक, पीतसार, पीतशालक, बन्धूकपुष्प, प्रियक, सर्जक, असन",,,वटादिवर्गः,,"कुष्ठ-वीसर्प-श्वित्र-मेह-गुद-क्रिमी-हर, श्लेष्मा-अस्र-पित्तहर , त्वच्य, केश्य, रसायन",,
BPN_0429,खदिरः,"खादिर, रक्तसार, गायत्री, दन्तधावन, कण्टकी, बालपत्र, बहुशल्य, यज्ञिय",,,वटादिवर्गः,"Rasa: तिक्त, कषाय | Virya: शीत","दन्त्य, कण्डू-कासा-अरुचि-प्रणुत्, मेदोघ्न, कृमि-मेह-ज्वर-व्रणापह, श्वित्र-शोथा-आम-पित्ता-अस्र-पाण्डु-कुष्ठ-कफहर",,
BPN_0430,श्वेतखदिरः,"श्वेतखदिर, श्वेतसार, कदर, सोमवल्कल",,,वटादिवर्गः,Guna: विशद,"वर्ण्य, मुखरोग-कफा-अस्रजित्",,
BPN_0431,इरिमेदः,"इरिमेद, विट्खदिर, कालस्कन्ध, अरिमेदक",,,वटादिवर्गः,Rasa: कषाय | Virya: उष्ण,"मुखदन्त-गदा-अस्रजित्, कण्डू-विष-श्लेष्म-कृमि-कुष्ठ-विष-व्रणा-पह",,
BPN_0432,रोहीतकः,"रोहीतक, रोहितक, रोही, दाडिमपुष्पक",,,वटादिवर्गः,,"प्लीहघाती, रुच्य, रक्तप्रसादन",,
BPN_0433,बब्बूलः,"बब्बूल, किङ्किरात, किङ्किराट, सपीतक, आभाषट्पदमोदिनी",,,वटादिवर्गः,,"कफनुत्, ग्राही, कुष्ठ-क्रिमिविषापह",,
BPN_0434,अरिष्टकः,"अरिष्टक, मङ्गल्य, कृष्णवर्ण, अर्थसाधन, रक्तबीज, पीतफेन, फेनिल, गर्भपातन",,,वटादिवर्गः,,"त्रिदोषघ्न, ग्रहजित्, गर्भपातन",,
BPN_0435,पुत्रजीवः,"पुत्रजीव, गर्भकर, यष्टीपुष्प, अर्थसाधक",,,वटादिवर्गः,"Rasa: कटु, स्वादु | Guna: गुरु, रूक्ष | Virya: शीत","पटु, वृष्य, गर्भद, श्लेष्म-वातहृत्, सृष्टमूत्रमल",,
BPN_0436,इङ्गुदः,"इङ्गुद, अङ्गारवृक्ष, तिक्तक, तापसद्रुम",,,वटादिवर्गः,Rasa: तिक्त | Virya: उष्ण | Vipaka: कटु,"कुष्ठ-भूतादिग्रह-व्रण-विष-क्रिमीहर, श्वित्रशूलघ्न",,
BPN_0437,जिङ्गिनी,"जिङ्गिनि, झिङ्गिनि, झिङ्गी, सुनिर्यासा, प्रमोदिनी",,,वटादिवर्गः,"Rasa: मधुर, कषाय, लवण, कटु | Virya: उष्ण","योनिशोधिनी, व्रण-हृद्रोग-वाता-अतीसारहृत्, पटु",,
BPN_0438,तमालः,"तमाल, तापिच्छ, कालस्कन्ध, अमितद्रुम, लोकस्कन्ध, नीलध्वज, नीलताल",,,वटादिवर्गः,,दाहविस्फोटहृत्,,
BPN_0439,तूणी,"तूणी, तुन्नक, आपीन, तुणिक, कच्छक, कुठेरक, कान्तलक, नन्दीवृक्ष, नन्दक",,,वटादिवर्गः,"Rasa: कषाय, मधुर, तिक्त | Guna: लघु | Virya: शीत | Vipaka: कटु","ग्राही, वृष्य, व्रण-कुष्ठा-अस्र-पित्तजित्",,
BPN_0440,भूर्जपत्रः,"भूर्जपत्र, भूर्ज, चर्मी, बहुलवल्कल",,,वटादिवर्गः,Rasa: कषाय,"भूतग्रह-श्लेष्म-कर्णरुक्-पित्त-रक्त-जित्, राक्षसघ्न, मेदोविषहर",,
BPN_0441,पलाशः,"पलाश, किंशुक, पर्ण, यज्ञिय, रक्तपुष्पक, क्षारश्रेष्ठ, वातपोथ, ब्रह्मवृक्ष, समिद्वर",,,वटादिवर्गः,"Rasa: कषाय, कटु, तिक्त | Guna: स्निग्ध | Virya: उष्ण","दीपन, वृष्य, सर, व्रण-गुल्मजित्, भग्नसंधानकृत्, दोष-ग्रहणि-अर्शः-क्रिमीहर, गुदजरोगजित्",,
BPN_0442,अथ तत्पुष्पफलयोर्गुणानाह,,,,वटादिवर्गः,"Rasa: स्वादु, कटु, तिक्त, कषाय | Virya: शीतल | Vipaka: कटु","वातल, कफ-पित्ता-अस्र-कृच्छ्रजित्, ग्राहि, तृड्दाह-शमक, वात-रक्त-कुष्ठ-हर",,
BPN_0443,फलम्,,,,वटादिवर्गः,"Guna: लघु, रूक्ष | Virya: उष्ण | Vipaka: कटु","मेहा-आर्शः-कृमि-वात-कफा-पह, कुष्ठ, गुल्मोदरप्रणुत्",,
BPN_0444,शाल्मलिः,"शाल्मली, मोचा, पिच्छिला, पूरणी, रक्तपुष्पा, स्थिरायु, कण्टकाढ्या, तूलिनी",,,वटादिवर्गः,Rasa: मधुर | Virya: शीतल | Vipaka: स्वादु,"रसायनी, श्लेष्मला, पित्त-वाता-अस्रहारिणी, रक्त-पित्तजित्",,
BPN_0445,मोचरसः,"शाल्मलिनिर्यास पिच्छा, शाल्मलीवेष्टक, मोचास्राव, मोचरस, मोचनिर्यास  ",,,वटादिवर्गः,Rasa: कषाय | Guna: स्निग्ध | Virya: शीत,"ग्राही, वृष्य, प्रवाहिका-अतिसारा-आम-कफ-पित्ता-अस्र-दाहनुत्",,
BPN_0446,कूटशाल्मलिः,"कुत्सितशाल्मलि, रोचन, कूटशाल्मलिक ",,,वटादिवर्गः,"Rasa: तिक्त, कटु | Virya: उष्ण","कफ-वातनुत्, प्लीह-जठरयकृद्गुल्म-विषापह, भूतानाह-विबन्धा-अस्र-मेद-शूल-कफापह, भेदी",,
BPN_0447,धवः,"धट, नन्दितरु, स्थिर, गौर, धुरन्धर  ",,,वटादिवर्गः,"Rasa: मधुर, तुवर | Virya: शीत",प्रमेह-आर्श-पाण्डु-पित्त-कफा-पह,,
BPN_0448,धन्वङ्गः,"धनुर्वृक्ष, गोत्रवृक्ष, सुतेजन ",,,वटादिवर्गः,"Rasa: तुवर | Guna: लघु, रूक्ष","कफ-पित्ता-अस्र-कास-हृत्, बृंहण, बलकृत्, सन्धिकृत्, व्रणरोपण",,
BPN_0449,करीरः,"क्रकरीपत्र, ग्रन्थिल, मरुभूरुह",,,वटादिवर्गः,"Rasa: कटु, तिक्त | Virya: उष्ण","स्वेदी, भेदन, दुर्नाम-कफ-वाता-आम-गरशोथ-व्रणप्रणुत्",,
BPN_0450,शाखोटः,"पीतफलक, भूतावास, खरच्छद ",,,वटादिवर्गः,,रक्त-पित्ता-आर्श-वात-श्लेष्मा-अतिसारजित्,,
BPN_0451,वरुणः,"वरण, सेतु, तिक्तशाक, कुमारक ",,,वटादिवर्गः,"Rasa: कषाय, मधुर, तिक्त, कटु | Guna: रूक्ष, लघु | Virya: उष्ण","वरुण, पित्तल, भेदी-श्लेष्म-कृच्छ्रा-अश्म-मारुतहर, गुल्म-वाता-अस्र-कृमि-उष्ण-अग्निदीपन",,
BPN_0452,कटभी,"स्वादुपुष्प, मधुरेणु, कटंभर ",,,वटादिवर्गः,Rasa: कटु | Guna: रूक्ष,"प्रमेहा-आर्शो-नाडी-व्रण-विष-क्रिमीहर, उष्णहन, कफ-कुष्ठघ्नी",,
BPN_0453,फलम्,,,,वटादिवर्गः,Rasa: तुवर,विशेषात्-कफ-शुक्र-हृत्,,
BPN_0454,मोक्षः,"मोक्षक, गोलीढ, गोलिह, क्षारश्रेष्ठ, क्षारवृक्ष  ",,,वटादिवर्गः,"Rasa: कटु, तिक्त | Virya: उष्ण","कफ-वात-हृत्, विष-मेदो-गुल्म-कण्डू-बस्ति-रुक्-कृमि-शुक्र-नुत्, ग्राही",,
BPN_0455,जलशिरीषिका,"शिरीषिका, टिण्टिनिका, दुर्बला, अम्बुशिरीषिका, वारिशिरीषिका  ",,,वटादिवर्गः,,"त्रिदोष-विष-कुष्ठा-आर्शहरी, वारिशिरीषिका",,
BPN_0456,शमी,"शक्तुफला, तुङ्गा, केशहन्त्री, शिवाफला, मङ्गल्या, लक्ष्मी, शमीर ",,,वटादिवर्गः,"Rasa: तिक्त, कटु, कषाय | Guna: लघु | Virya: शीत","रेचनी, कफ-कास-भ्रम-श्वास-कुष्ठा-आर्शः-कृमिजित्",,
BPN_0457,सप्तपर्णः,"विशालत्वक, शारद, विषमच्छद ",,,वटादिवर्गः,Rasa: तुवर | Guna: स्निग्ध | Virya: उष्ण,"सर, व्रण-श्लेष्म-वात-कुष्ठा-आस्र-जन्तुजित्, दीपन, श्वास-गुल्मघ्न",,
BPN_0458,तिनिशः,"स्यन्दन, नेमि, रथद्रु, वञ्जुल ",,,वटादिवर्गः,Rasa: तुवर,"श्लेष्म-पित्ता-अस्र-मेदः-कुष्ठ-प्रमेहजित्, श्वित्रदाहघ्न, व्रण-पाण्डु-कृमि-प्रणुत्",,
BPN_0459,भूमीसहः,"द्वारदरु, वरदारु, खरच्छद ",,,वटादिवर्गः,Virya: शीत,रक्त-पित्त-प्रसादन,,
BPN_0460,आम्रः,"आम्र, चूत, रसाल, सहकार, अतिसौरभ, कामाङ्ग, मधुदूत, माकन्द, पिकवल्लभ",,,आम्रादिफलवर्गः,,,,
BPN_0461,आम्रपुष्पम्,,,,आम्रादिफलवर्गः,Virya: शीत,"अतीसारक-कफ-पित्त-प्रमेह-नुत्, असृग्-दृष्टिहर, रुचिकृत्, ग्राहि, वातल",,
BPN_0463,बालम्,,,,आम्रादिफलवर्गः,"Rasa: कषाय, अम्ल","रुच्य, मारुत-पित्तकृत्",,
BPN_0464,तरुणम्,,,,आम्रादिफलवर्गः,Rasa: अत्यम्ल | Guna: रूक्ष,दोषत्रया-अस्रकृत्,,
BPN_0465,शुष्काम्रफलम्,,,,आम्रादिफलवर्गः,"Rasa: स्वादु, कषाय, अम्ल","भेदन, कफ-वातजित्",,
BPN_0466,पक्वाम्रफलम्,,,,आम्रादिफलवर्गः,"Rasa: मधुर, कषाय | Guna: स्निग्ध, गुरु | Virya: शीत","वृष्य, बलसुखप्रद, वातहर, हृद्य, वर्ण्य, अपित्तल, वह्नि-श्लेश्म-शुक्र-विवर्द्धन",,
BPN_0467,वृक्षपक्वाम्रफलम्,,,,आम्रादिफलवर्गः,"Rasa: मधुर, अम्ल | Guna: गुरु","वातहर, किञ्चिद्-भवेत्-पित्तप्रकोपण",,
BPN_0468,कृत्रिमपक्वचूषिताम्रफलम्,,,,आम्रादिफलवर्गः,Rasa: मधुर | Guna: लघु | Virya: शीतल,"पित्तनाशन, माधुर्य, चूषित, रुच्य, बल-वीर्यकर, शीघ्रपाकि, वात-पित्तहर, सर",,
BPN_0469,गालिताम्ररसः,,,,आम्रादिफलवर्गः,Guna: गुरु,"गालित, बल्य, वातहर, सर, अहृद्य, तर्पण, अतिबृंहण, कफवर्द्धन",,
BPN_0470,आम्रखण्डः,,,,आम्रादिफलवर्गः,Rasa: मधुर | Guna: गुरु | Virya: शीतल,"रोचन, चिरपाकि, बृंहण, बल्य, वातनाशन",,
BPN_0471,दुग्धयुक्ताम्रः,,,,आम्रादिफलवर्गः,Guna: गुरु | Virya: शीतल,"वात-पित्तहर, रुच्य, बृंहण, बलवर्द्धन, वृष्य, वर्णकर, स्वादु, दुग्धाम्र",,
BPN_0472,अथ आम्रातियोगः।  तस्य दोषानाह,,,,आम्रादिफलवर्गः,,"मन्दानलत्व, विषमज्वर, रक्तामय, बद्धगुदोदर, नयनामयकर, नेत्रहित",,
BPN_0473,अथ आम्रातियोगदोषनिवृत्त्युपायानाह,,,,आम्रादिफलवर्गः,,अतिभक्षणे शुण्ठ्यम्भसोऽनुपान जीरकसौवर्चलाभ्याम्,,
BPN_0474,आम्रावर्त्तः,,,,आम्रादिफलवर्गः,Guna: लघु,"तृषा-च्छर्दि-वात-पित्त-हर, सर, रुच्य",,
BPN_0475,आम्रबीजम्,,,,आम्रादिफलवर्गः,"Guna: कषाय, मधुर, इशदम्ल","छर्दि-अतीसारनाशन, ईषदम्ल, हृदयदाहनुत्",,
BPN_0476,आम्रनवपल्लवः,,,,आम्रादिफलवर्गः,,"रुच्य, कफ-पित्त-विनाशन",,
BPN_0477,आम्रातकः,"आम्रातक, पीतन, मर्कटाम्र, कपीतन, आम्रात ",,,आम्रादिफलवर्गः,Rasa: अम्ल | Guna: गुरु | Virya: उष्ण,"वातघ्न, रुचिकृत्, सर",,
BPN_0478,पक्वम्,,,,आम्रादिफलवर्गः,"Rasa: तुवर, स्वादु | Guna: स्निग्ध, गुरु | Virya: शीत | Vipaka: स्वादु","तर्पण, श्लेष्मल, वृष्य, विष्टम्भि, बृंहण, बल्य, मरुत्-पित्त-क्षतदाह-क्षया-अस्रजित्",,
BPN_0479,राजाम्रः,"राजाम्र, टङ्क, आम्रात, कामाह्व, राजपुत्रक",,,आम्रादिफलवर्गः,"Rasa: तुवर, स्वादु | Guna: विशद, गुरु, रूक्ष | Virya: शीतल","ग्राहि, विबन्ध-अध्म-वातकृत्-कफ-पित्तनुत्",,
BPN_0480,कोशाम्रः,"कोशाम्र, क्षुदाम्र, कृमिवृक्ष, सुकोशक ",,,आम्रादिफलवर्गः,,कुष्ठ-शोथा-अस्र-पित्त-व्रण-कफापह,,
BPN_0481,तत्फलम्,,,,आम्रादिफलवर्गः,Rasa: अम्ल | Guna: गुरु | Virya: उष्ण,"ग्राहि, वातघ्न, पित्तल",,
BPN_0482,पक्वम्,,,,आम्रादिफलवर्गः,Guna: लघु | Virya: उष्ण,"दीपन, रुच्य, कफ-वातनुत्",,
BPN_0483,पनसः,"पनश, कण्टकिफल, पलस, अतिबृहत्फल",,,आम्रादिफलवर्गः,"Rasa: स्वादु, तुवर, मधुर | Guna: गुरु, स्निग्ध | Virya: शीतल","पित्ता-अनिलापह, तर्पण, बृंहण, मांसल, श्लेष्मलंभृश, बल्य, शुक्रप्रद, रक्त-पित्त-क्षत-व्रणा-पह, विष्टम्भि, वातल, दाहकृत्, बल्य, कफ-मेदो-विवर्द्धन",,
BPN_0484,अथ पनसबीजगुणानाह,,,,आम्रादिफलवर्गः,Rasa: मधुर | Guna: गुरु,"वृष्य, बद्धविट्क, सृष्टमूत्र",,
BPN_0485,अथ पनसमज्जगुणानाह,,,,आम्रादिफलवर्गः,,"वृष्य, वात-पित्त-कफा-पह, गुल्मि-मन्दवह्निभिः वर्ज्य",,
BPN_0486,लकुचः,"लकुच, क्षुद्रपनस, लिकुच, डहु",,,आम्रादिफलवर्गः,,,,
BPN_0487,आमं,,,,आम्रादिफलवर्गः,"Rasa: मधुर, अम्ल | Guna: गुरु, उष्ण","विष्टम्भकृत्, दोषत्रितय-रक्तकृत्, शुक्रा-अग्निनाशन, नेत्रयोरहित",,
BPN_0488,सुपक्वं,,,,आम्रादिफलवर्गः,"Rasa: मधुर, अम्ल","अनिल-पित्तहृत्, कफ-वह्निकर, रुच्य, वृष्य, विष्टम्भक",,
BPN_0489,कदली,"कदली, वारणा, मोचा, अम्बुसारा, अंशुमतीफला ",,,आम्रादिफलवर्गः,,,,
BPN_0490,,,,,आम्रादिफलवर्गः,"Rasa: स्वादु | Guna: गुरु, स्निग्ध | Virya: शीत","विष्टम्भि, कफकृत्, पित्ता-अस्र-तृड्दाह-क्षत-क्षय-समीर-जित्",,
BPN_0491,पक्वम्,,,,आम्रादिफलवर्गः,Rasa: स्वादु | Virya: शीत | Vipaka: स्वादु,"वृष्य, बृंहण, क्षुत्तृष्णा-नेत्रगद-हृन्मेहघ्न, रुचि-मांसकृत्",,
BPN_0492,चिर्भिटम्,"चिर्भिट, धेनुदुग्ध, गोरक्षकर्कटी ",,,आम्रादिफलवर्गः,"Rasa: मधुर | Guna: रूक्ष, गुरु, उष्ण | Virya: शीत","पित्त-कफापह, ग्राहि, विष्टम्भि, पक्व, पित्तल",,
BPN_0493,नारिकेलः,"नारिकेल, दृढफल, लाङ्गली, कूर्चशीर्षक, तुङ्ग, स्कन्धफल, तृणराज, सदाफल  ",,,आम्रादिफलवर्गः,Virya: शीत,"दुर्जर, वस्तिशोधन, विष्टम्भि, बृंहण, बल्य, वात-पित्ता-अस्र-दाह-नुत्",,
BPN_0494,अथ कोमलजीर्णतत्फलयोर्गुणानाह,,,,आम्रादिफलवर्गः,Guna: गुरु,"पित्त-ज्वर-पित्तदोषापह, पित्तकारि, विदाहि, विष्टम्भि",,
BPN_0495,अथ नारिकेलजलगुणानाह,,,,आम्रादिफलवर्गः,Rasa: स्वादु | Guna: लघु | Virya: शीतल,"हृद्य, दीपन, शुक्रल, पिपासा-पित्तजित्, वस्तिशुद्धिकर",,
BPN_0496,अथ नारिकेलादीनां शिरोगुणानाह,,,,आम्रादिफलवर्गः,"Rasa: कषाय, मधुर | Guna: गुरु, स्निग्ध",बृंहण,,
BPN_0497,कालिन्दम्,"कालिन्द, कृष्णबीज, कालिङ्ग, सुवर्त्तुल ",,,आम्रादिफलवर्गः,,,,
BPN_0498,,,,,आम्रादिफलवर्गः,Guna: गुरु | Virya: शीतल,"ग्राहि, दृक्-पित्त-शुक्रहृत्",,
BPN_0499,पक्वम्,,,,आम्रादिफलवर्गः,Virya: उष्ण,"सक्षार, पित्तल, कफ-वातजित्",,
BPN_0500,खर्बूजम्,"दशाङ्गुल, खर्बूजा ",,,आम्रादिफलवर्गः,"Guna: गुरु, स्निग्ध | Virya: शीत","मूत्रल, बल्य, कोष्ठशुद्धिकर, स्वादुतर, वृष्य, पित्ता-अनिलापह",,
BPN_0501,त्रपुसम्,"त्रपुस, कण्टकिफल, सुधावास, सुशीतल",,,आम्रादिफलवर्गः,,,,
BPN_0502,,,,,आम्रादिफलवर्गः,Rasa: स्वादु | Guna: लघु | Virya: शीत,"नील, नव, तृट्क्लम-दाहजित्, पित्तापह, रक्त-पित्तहर",,
BPN_0503,बीजम्,,,,आम्रादिफलवर्गः,Guna: रूक्ष | Virya: शीत,"मूत्रल, पित्ता-अस्र-कृच्छ्र-जित्",,
BPN_0504,पक्वम्,,,,आम्रादिफलवर्गः,Rasa: अम्ल | Virya: उष्ण,"पित्तल, कफ-वातनुत्",,
BPN_0505,गुवाकः,"घोरण्ट, पूगी, पूग, गुवाक, क्रमुक",,,आम्रादिफलवर्गः,"Rasa: कषाय | Guna: गुरु, रूक्ष | Virya: शीत","कफ-पित्तजित्, मोहन, दीपन, रुच्य-आस्यवैरस्यनाशन",,
BPN_0506,अथ आद्रस्विन्नतत्फलगुणानाह,,,,आम्रादिफलवर्गः,Guna: गुरु,"अभिष्यन्दि, वह्नि-दृष्टिहर, स्विन्न, दोषत्रयच्छेदि, दृढमध्य, उत्तम",,
BPN_0507,तालः,"ताल, लेख्यपत्र, तृणराज, महोन्नत  ",,,आम्रादिफलवर्गः,,,,
BPN_0508,,,,,आम्रादिफलवर्गः,,"पित्त-रक्त-श्लेष्म-विवर्द्धन, दुर्जर, बहुमूत्र, तन्द्राऽ-अभिष्यन्द-शुक्रद",,
BPN_0509,तरुणः,,,,आम्रादिफलवर्गः,Rasa: मधुर | Guna: लघु,"मदकर, श्लेष्मल, वात-पित्तघ्न, सस्नेह, सर",,
BPN_0510,अथ तालरसः।  नवीनस्य प्राचीनस्य च नामानि गुणाँश्चाह,,,,आम्रादिफलवर्गः,,"मदकृत्, पित्तकृत्, वातदोषहृत्",,
BPN_0511,बिल्वः,"बिल्व, शाण्डिल्य, शैलूष, मालूर, ओफल , ",,,आम्रादिफलवर्गः,,"ग्राहिणी, कफ-वाता-आम-शूलघ्नी",,
BPN_0512,अन्यच्च,"बिल्वफल , बिल्वकर्कटी, बिल्वपेशिका ",,,आम्रादिफलवर्गः,"Rasa: कटु, कषाय, तिक्त | Guna: लघु, स्निग्ध | Virya: उष्ण","ग्राहि, दीपन, पाचन, वात-कफापह",,
BPN_0513,अथ पक्वतत्फलगुणानाह,,,,आम्रादिफलवर्गः,Rasa: मधुर | Guna: गुरु,"त्रिदोष, दुर्जर, पूतिमारुत, विदाहि, विष्टम्भकर, वह्निमान्द्यकृत्",,
BPN_0514,कपित्थः,"कपित्थ, दधित्थ, पुष्पफल, कपिप्रिय, दधिफल, दन्तशठ ",,,आम्रादिफलवर्गः,Rasa: कषाय | Guna: लघु,"संग्राहि, लेखन",,
BPN_0515,पक्वम्,,,,आम्रादिफलवर्गः,"Rasa: अम्ल, तुवर | Guna: गुरु","तृषा-हिक्का-शमन, वात-पित्तजित्, कण्ठशोधन, त्राहिदुर्जर",,
BPN_0516,नारङ्गः,"नारङ्ग, नागरङ्ग, त्वक्सुगन्ध, मुखप्रिय ",,,आम्रादिफलवर्गः,,,,
BPN_0517,,,,,आम्रादिफलवर्गः,"Rasa: मधुर, अम्ल","रोचन, वातनाशन",,
BPN_0518,अपरम्,,,,आम्रादिफलवर्गः,Rasa: अम्ल | Virya: उष्ण,"दुर्जर, वातहृत्, सर",,
BPN_0519,तिन्दुकः,"तिन्दुक, स्फूर्जक, कालस्कन्ध, असितकारक",,,आम्रादिफलवर्गः,,,,
BPN_0520,,,,,आम्रादिफलवर्गः,Guna: लघु | Virya: शीतल,"ग्राहि, वातल",,
BPN_0521,पक्वम्,,,,आम्रादिफलवर्गः,Rasa: मधुर | Guna: गुरु,पित्त-प्रमेहा-अस्र-श्लेष्मघ्न,,
BPN_0522,कुपीलुः,"तिन्दुक, जलद, दीर्घपत्रक, कुपीलु, कुलक, काकतिन्दुक, काकपीलुक, काकेन्दु, विषतिन्दु, मर्कटतिन्दुक ",,,आम्रादिफलवर्गः,Rasa: तिक्त | Guna: लघु | Virya: शीतल,"वातल, मदकृत्, व्यथाहर, ग्राहि, कफ-पित्ता-अस्रनाशन",,
BPN_0523,राजजम्बू,"फलेन्द्रा, नन्दी, राजजम्बू, महाफला, सुरभिपत्रा, महाजम्बू ",,,आम्रादिफलवर्गः,Rasa: स्वादु | Guna: गुरु,"विष्टम्भि, रोचन",,
BPN_0524,जलजंबुका,"क्षुद्रजम्बू, सूक्ष्मपत्रा, नादेयी, जलजम्बुका ",,,आम्रादिफलवर्गः,Guna: रूक्ष,"संग्राहिणी, कफ-पित्ता-अस्र-दाहजित्",,
BPN_0525,बदरी,"कर्कन्धू, बदरी, अजप्रिया कुहा, कोली, विषमा, उभयकण्टका ",,,आम्रादिफलवर्गः,,,,
BPN_0526,,,,,आम्रादिफलवर्गः,Rasa: मधुर | Guna: लघु,"सम्पक्व, बृंहण, पित्त-दाहा-अस्र-क्षय-तृष्णा-निवारण",,
BPN_0527,,,,,आम्रादिफलवर्गः,Rasa: मधुर | Guna: गुरु | Virya: शीत,"पच्यमान, भेदन, शुक्रल",,
BPN_0528,,,,,आम्रादिफलवर्गः,"Rasa: अम्ल, कषाय, मधुर",,,
BPN_0529,,,,,आम्रादिफलवर्गः,Guna: गुरु | Virya: उष्ण,"ग्राहि, रुच्य, वातहृत्, कफ-पित्तकर, सारक",,
BPN_0530,,,,,आम्रादिफलवर्गः,Rasa: तिक्त | Guna: लघु,"वात-पित्ता-पह, शुष्क, भेदी-अग्निकृत्, तृष्णाक्लमास्रजित्",,
BPN_0531,प्राचीनामलकम्,पनीयामलक ,,,आम्रादिफलवर्गः,,"दोषत्रयजित्, ज्वरघाति",,
BPN_0532,लवली,"सुगन्धमूला, लवली, पाण्डु, कोमलवल्कला ",,,आम्रादिफलवर्गः,"Rasa: स्वादु, अम्ल, तुवर | Guna: विशद, गुरु, रूक्ष","लवलीफल-अश्म-अर्शः-कफ-पित्तहर, रोचन",,
BPN_0533,"करमर्दः, करमर्दिका च","करमर्द, सुषेण, कृष्णपाकफल, करमर्दिका",,,आम्रादिफलवर्गः,,,,
BPN_0534,,,,,आम्रादिफलवर्गः,Rasa: अम्ल | Guna: गुरु | Virya: उष्ण,"तृषाहर, रुचिकर, रक्त-पित्त-कफ-प्रद",,
BPN_0535,पक्वम्,,,,आम्रादिफलवर्गः,Rasa: मधुर | Guna: लघु,"रुच्य, पित्त-समीर-जित्",,
BPN_0536,प्रियालः,"प्रियाल, खरस्कन्ध, चार, बहुलवल्कल, राजादन, तापसेष्ट, सन्नकद्रु, धनुष्पट ",,,आम्रादिफलवर्गः,,,,
BPN_0537,,,,,आम्रादिफलवर्गः,,पित्त-कफा-अस्रघ्न,,
BPN_0538,तत्फलम्,,,,आम्रादिफलवर्गः,"Rasa: मधुर | Guna: गुरु, स्निग्ध","सर, मरुत्-पित्त-दाह-ज्वर-तृषा-ऽपह",,
BPN_0539,अथ तन्मज्जगुणानाह,,,,आम्रादिफलवर्गः,Rasa: मधुर | Guna: स्निग्ध,"वृष्य, पित्ता-अनिलापह, हृद्य, अतिदुर्जर, विष्टम्भी, आमवर्द्धन",,
BPN_0540,राजादनः,"राजादन, फलाध्यक्ष, राजन्या, क्षीरिका ",,,आम्रादिफलवर्गः,"Guna: स्निग्ध, गुरु | Virya: शीत","वृष्य, बल्य, तृष्णा-मूर्च्छा-मद-भ्रान्ति-क्षय-दोषत्रया-अस्रजित्",,
BPN_0541,विकङ्कतः,"विकङ्कत, स्रवावृक्ष, ग्रन्थिल, स्वादुकण्टक, यज्ञवृक्ष, कण्टकी, व्याघ्रपाद्  ",,,आम्रादिफलवर्गः,Rasa: मधुर,सर्वदोषजित्,,
BPN_0542,पद्माक्षम्,"पद्मबीज, पद्माक्ष, गालोड्य, पद्मकर्कटी ",,,आम्रादिफलवर्गः,"Rasa: कषाय, तिक्त, स्वादु | Guna: , गुरु, रूक्ष | Virya: शीत","विष्टम्भ, वृष्य, गर्भसंस्थापक, कफ-वातकर, बल्य, ग्राहि, पित्ता-अस्र-दाहनुत्",,
BPN_0543,मखान्नम्,"मखान्न, पद्मबीजाभ, पानीयफल",,,आम्रादिफलवर्गः,,गुणेषु - पद्मबीजतुल्य,,
BPN_0544,शृङ्गाटकम्,"श्रुङ्गाटक, जलफल, त्रिकोणफल",,,आम्रादिफलवर्गः,"Rasa: स्वादु, कषाय | Guna: गुरु | Virya: शीत","वृष्य, , ग्राही, शुक्रा-अनिल-श्लेष्म-प्रद, पित्ता-अस्र-दाहनुत्",,
BPN_0545,कैरविणीफलम्,"कुमुद्वतीबीज, कैरविणीफल, कुमुदबीज ",,,आम्रादिफलवर्गः,"Guna: स्वादु, रूक्ष, गुरु | Virya: शीत",,,
BPN_0546,मधूकः,"मधूक, गुडपुष्प, मधुपुष्प, मधुस्रव, वानप्रस्थ, मधुष्ठील मधूलक ",,,आम्रादिफलवर्गः,Rasa: मधुर | Guna: गुरु | Virya: शीतल,"बृंहण, बल-शुक्रकर, वात-पित्त-विनाशन",,
BPN_0547,फलम्,,,,आम्रादिफलवर्गः,"Rasa: स्वादु | Guna: गुरु, | Virya: शीत","वात-पित्तनुत्, अहृद्य, तृष्णाऽ-अस्र-दाह-श्वास-क्षत-क्षया-पह, शुक्रल",,
BPN_0548,परूषकम्,"परूषक, परुष, अल्पास्थि, परापर",,,आम्रादिफलवर्गः,"Rasa: कषाय, अम्ल | Guna: लघु",पित्तकर,,
BPN_0549,पक्वम्,,,,आम्रादिफलवर्गः,Virya: शीत | Vipaka: मधुर,"विष्टम्भि, बृंहण, हृद्य, पित्त-दाहा-अस्र-ज्वर-क्षय-समीरहृत्",,
BPN_0550,तूतः,"तूत, पूग, तूल, क्रमुक, ब्रह्मदारु",,,आम्रादिफलवर्गः,Rasa: स्वादु | Guna: गुरु | Virya: शीत,"पित्ता-अनिलापह,",,
BPN_0551,अपक्वम्,,,,आम्रादिफलवर्गः,Rasa: अम्ल | Guna: गुरु | Virya: उष्ण,"सर, रक्त-पित्तकृत्",,
BPN_0552,दाडिमः,"दाडिम, करक, दन्तबीज, लोहितपुष्पक ",,,आम्रादिफलवर्गः,,,,
BPN_0553,स्वादु,,,,आम्रादिफलवर्गः,"Rasa: कषाय | Guna: स्निग्ध, लघु","त्रिदोषघ्न, तृड्दाह-ज्वर-नाशन, हृत्-कण्ठ-मुख-गन्धघ्न, तर्पण, शुक्रल, ग्राहि, मेधा-बलावह",,
BPN_0554,स्वाद्वम्लं,,,,आम्रादिफलवर्गः,Guna: लघु,"दीपन, रुच्य, किञ्चित्-पित्तकर",,
BPN_0555,अम्लम्,,,,आम्रादिफलवर्गः,Rasa: अम्ल,"पित्तजनक, वात-कफापह",,
BPN_0556,बहुवारः,"बहुवार, शीत, उद्दाल, बहुवारक, शेलु, श्लेष्मातक, पिच्छिल, भूतवृक्षक  ",,,आम्रादिफलवर्गः,"Rasa: मधुर, तुवर, तिक्त | Guna: रूक्ष","केश्य, कफ-पित्तहृत्, विष्टम्भि, पित्त-कफा-अस्रजित्, विष-स्फोट-व्रण-वीसर्प-कुष्ठ-नुत्",,
BPN_0557,पक्वम्,,,,आम्रादिफलवर्गः,"Rasa: मधुर | Guna: स्निग्ध, गुरु | Virya: शीतल",श्लेष्मल,,
BPN_0558,कतकः,"पयःप्रसादी, कटक ",,,आम्रादिफलवर्गः,"Rasa: मधुर, तुवर | Guna: गुरु | Virya: शीत","नेत्र्य, जलनिर्मलताकर, वात-श्लेष्महर",,
BPN_0559,द्राक्षा,"द्राक्षा, स्वादुफला, मधुरसा, मृद्वीका, हारहूरा, गोस्तनी    ",,,आम्रादिफलवर्गः,,,,
BPN_0560,द्राक्षा पक्वा,,,,आम्रादिफलवर्गः,Rasa: तुवर | Guna: गुरु | Virya: शीत | Vipaka: स्वादु,"सर,चक्षुष्या, बृंहणी, स्वर्या, तुवरा, सृष्ट-मूत्रविट्, कोष्ठ-मारुत-कृत्, वृष्या, कफ-पुष्टि-रुचि-प्रदा, तृष्णा-ज्वर-श्वास-वात-वाता-अस्रकामलापह, कृच्छ्रा-अस्र-पित्त-संमोह-दाह-शोष-मदात्ययघ्न",,
BPN_0561,,,,,आम्रादिफलवर्गः,Rasa: अम्ल | Guna: गुरु,"स्वल्पगुण, रक्त-पित्त-कृत्, वृष्या, गोस्तनी, गुरु, कफ-पित्तनुत्",,
BPN_0562,क्षुद्रखर्जूरी,"भूमिखर्जूरिका, स्वाद्वी, दुरारोहा, मृदुच्छदा, स्कन्धफला, काककर्कटी, स्वादुमस्तका  ",,,आम्रादिफलवर्गः,"Rasa: मधुर | Guna: स्निग्ध, गुरु | Virya: शीत | Vipaka: मधुर","रुचिकर, हृद्य, क्षतक्षयहर, तर्पण, रक्त-पित्तघ्न, पुष्टि-विष्टम्भ-शुक्रद, कोष्ठ-मारुत-हृत्, बल्य, वान्ति-वात-कफा-पह, ज्वरा-अतिसार-क्षुत्तृष्णा-कास-श्वास-निवारक, मद-मूर्च्छा-मरुत्-पित्त-मद्यो-द्भूतगदान्तकृत्",,
BPN_0563,अथ खर्जूरीतरुतोयगुणानाह,,,,आम्रादिफलवर्गः,,"मद-पित्तकर, वात-श्लेष्महर, रुच्य, दीपन, बल-शुक्र-कृत्",,
BPN_0564,पिण्डखर्जूरी,मृदुला सुलेमानी दलहीनफला ,,,आम्रादिफलवर्गः,,श्रम-भ्रान्ति-दाह-मूर्च्छाऽ-अस्र-पित्तहृत्,,
BPN_0565,वातादः,"वाताद, वातवैरी, नेत्रोपमफल ",,,आम्रादिफलवर्गः,"Guna: स्निग्ध, गुरु | Virya: उष्ण","वातघ्न, शुक्रकृत्",,
BPN_0566,वातादमज्जा,,,,आम्रादिफलवर्गः,Rasa: मधुर | Guna: स्निग्ध | Virya: उष्ण,"वृष्य, पित्ता-निलापह, कफकृत्, रक्त-पित्त-विकार्यनिष्ट",,
BPN_0567,सेवम्,"मुष्टिप्रमाण, बदर मुष्टिप्रमाणबदर, सेव, सिवितिकाफल ",,,आम्रादिफलवर्गः,Rasa: मधुर | Guna: गुरु | Virya: शीत | Vipaka: मधुर,"समीर-पित्तघ्न, बृंहण, कफकृत्, शिशिर, रुचि-शुक्र-कृत्",,
BPN_0568,अमृतफलम्,,,,आम्रादिफलवर्गः,Rasa: स्वादु | Guna: लघु,"वृष्य, त्रीदोषहृत्",,
BPN_0569,पीलुः,"पीलु, गुडफल, स्रंसी, शीतफल ",,,आम्रादिफलवर्गः,"Rasa: स्वादु, तिक्त | Virya: शीत","स्रंसी, शीतफल, श्लेष्म-समीरघ्न, पित्तल, भेद, गुल्मनुत्, त्रिदोषहृत्",,
BPN_0570,अक्षोटः,"शैलभवपीलु, अक्षोट, कर्पराल",,,आम्रादिफलवर्गः,,वातादसदृशः कफ-पित्तकृत्,,
BPN_0571,बीजपूरः,"बीजपूर, मातुलुङ्ग, रुचक, फलपूरक ",,,आम्रादिफलवर्गः,"Rasa: स्वादु, अम्ल | Guna: लघु","दीपन, रक्त-पित्तहर, कण्ठ-जिह्वा-हृदय-शोधन, श्वास-कासा-अरुचिहर, हृद्य, तृष्णाहर",,
BPN_0572,मधुकर्कटी,,,,आम्रादिफलवर्गः,Rasa: स्वादु | Guna: गुरु | Virya: शीतला,"रोचनी, रक्त-पित्त-क्षय-श्वास-कास-हिक्का-भ्रमापहा",,
BPN_0573,जम्बीरफलम्,"जम्बीर, दन्तशठ, जम्भ, जम्भीर, जम्भल ",,,आम्रादिफलवर्गः,Rasa: अम्ल | Guna: गुरु | Virya: उष्ण,"वात-श्लेष्म-विबन्धनुत्, शूल-कास-कफो-उत्क्लेश-च्छर्दि-तृष्णा-आमदोषजित्, आस्यवैरस्यहृत्-पीडा-वह्निमान्द्य-क्रिमीहर, तृष्णा-च्छर्दि-निवारिणी",,
BPN_0574,निम्बूकम्,"निम्बू, निम्बुक, निम्बूक ",,,आम्रादिफलवर्गः,Rasa: अम्ल | Guna: लघु,"वातल, दीपन, पाचन",,
BPN_0575,अन्यच्च,,,,आम्रादिफलवर्गः,Rasa: अम्ल | Guna: तीक्ष्ण,"कृमिसमूहनाशन –उदरग्रहापह, वात-पित्त-कफ-शूलिहित, कष्टनष्टरुचिरोचन, त्रिदोष-वह्निक्षय-वातरोग-पीडित -विशविह्वल - मन्दानल-बद्धगदप्रदान",,
BPN_0576,मिष्टनिम्बूकफलम्,मिष्टनिम्बू ,,,आम्रादिफलवर्गः,Rasa: स्वादु | Guna: गुरु,"मारुत-पित्तनुत्, गलरोग-विषध्वंसि-कफोत्क्लेशि, रक्तहृत्, शोषा-अरुचि-तृषा-च्छर्दि-हर, बल्य, बृंहण",,
BPN_0577,कर्मरङ्गम्,"कर्मरङ्ग, शिराल  विशाल, बृहदम्ल, रुजाकर ",,,आम्रादिफलवर्गः,"Rasa: स्वादु, अम्ल | Virya: शीत","ग्राहि, कफ-वातहृत्",,
BPN_0578,आम्लिका,"आम्लिका, चुक्रिका, अम्ली, चुक्रा, दन्तशठा, अम्ला, चिञ्चिका, चिञ्चा, तिन्तिडीका, तिन्तिडी ",,,आम्रादिफलवर्गः,,,,
BPN_0579,,,,,आम्रादिफलवर्गः,Rasa: अम्ल | Guna: गुरु,"वातहरी, पित्त-कफा-अस्रकृत्",,
BPN_0580,पक्वा,,,,आम्रादिफलवर्गः,Guna: रूक्ष | Virya: उष्ण,"दीपनी, सर, कफ-वातनुत्",,
BPN_0581,आम्लवेतसः,"अम्लवेतस, चुक्र, शतवेधि, सहस्रनुत् ",,,आम्रादिफलवर्गः,"Rasa: अम्ल | Guna: लघु, रूक्ष","भेदन, दीपन, हृद्रोग-शूल-गुल्मघ्न, पित्तल, लोमहर्षण, विण्मूत्रदोषघ्न, प्लीहोदावर्त्तनाशन, हिक्का-आनाह-अरुचि-श्वास-कासा-अजीर्ण-वमिप्रणुत्, कफवातामयध्वंसिच्छागमांसद्रवत्वकृत्, लोहसूचीद्रवत्वकृत्",,
BPN_0582,वृक्षाम्लकम्,"वृक्षाम्ल, तिन्तिडीक, चुक्र, अम्लवृक्षक",,,आम्रादिफलवर्गः,,,,
BPN_0583,,,,,आम्रादिफलवर्गः,Rasa: अम्ल | Virya: उष्ण,"वातघ्न, कफ-पित्तल",,
BPN_0584,पक्वम्,,,,आम्रादिफलवर्गः,"Rasa: कटु, तुवर, अम्ल | Guna: गुरु, लघु, रूक्ष | Virya: उष्ण","संग्राहि, रोचन, दीपन, कफवातकृत्, तृष्णा-अर्शोग्रहणी-गुल्म-शूल-हृद्रोग-जन्तुजित्",,
BPN_0585,चतुरम्लम्,"अम्लवेतस, व्रुक्षाम्ल बृहज्जम्बीर निम्बुक ",,,आम्रादिफलवर्गः,,,,
BPN_0586,पञ्चाम्लम्,"अम्लवेतस, व्रुक्षाम्ल बृहज्जम्बीर निम्बुक, बीजपूर  ",,,आम्रादिफलवर्गः,,,,
BPN_0588,सुवर्ण,"स्वर्ण, सुवर्ण, कनक, हिरण्य, हेम, हाटक, तपनीय, गाङ्गेय, कलधौत, काजन चामीकर, शातकुम्भ, कार्त्तस्वर, जाम्बूनद, जातरूप तथा महारजत",,,आम्रादिफलवर्गः,,,,
BPN_0589,अथ उत्तमसुवर्णलक्षणमाह,,,,आम्रादिफलवर्गः,"Guna: गुरु, स्निग्ध, कोमल","दाहरक्त, छेदसित, निकषकुङ्कुमप्रभ, तारशुल्बोज्झित",,
BPN_0590,अथ निकृष्टसुवर्णलक्षणमाह,,,,आम्रादिफलवर्गः,"Guna: रूक्ष, लघु","श्वेत, कठिन, विवर्ण, समल, दल, दाहछेदासितश्वेत, कषत्याज्य, स्फुट",,
BPN_0591,अथ सम्यक् मारितसुवर्णगुणानाह,,,,आम्रादिफलवर्गः,"Rasa: तिक्त, तुवर, स्वादु, पिच्छिल | Guna: गुरु | Virya: शीतल | Vipaka: स्वादु","वृष्य, बल्य, रसायन, पवित्र, बृंहण, नेत्र्य, मेधा-स्मृति-मतिप्रद, हृद्य, आयुष्कर, कान्ति-वाग्विशुद्धि-स्थिरत्वकृत्, विषद्वय-क्षय-उन्माद-त्रिदोष-ज्वर-शोषजित्",,
BPN_0592,अथ असम्यक् मारितसुवर्णदोषानाह,,,,आम्रादिफलवर्गः,,"बलस-वीर्यहर, नररोग-व्रजपोषक, असौख्यकृत्, सदा सुवर्णमशुद्धमेतन्मरणप्रद, असम्यङ्मारितं बल-वीर्य्य-नाशक,  रोग-मृत्यु-प्रदायक",,
BPN_0594,अथ उत्तमाधमयोः रूप्ययोर्लक्षणान्याह,,,,आम्रादिफलवर्गः,"Guna: गुरु, स्निग्ध, रूक्ष, लघु, मृदु","मृदु, श्वेत, दाहछेदघनक्षम, वर्णाढ्य, चन्द्रवत्स्वच्छ, रूप्य, नवगुण, शुभ, कठिन, कृत्रिम, रक्त, पीतदल, दाहच्छेदघननष्टरूप्य",,
BPN_0595,सम्यक्मारितरूप्य,,,,आम्रादिफलवर्गः,"Rasa: कषाय, अम्ल, स्वादु | Guna: स्निग्ध | Virya: शीत | Vipaka: स्वादु","रूप्य, सर, वयसःस्थापन, लेखन, वात-पित्तजित्, प्रमेहादिक-रोगानाशक",,
BPN_0596,असम्यक्मारितरूप्य,,,,आम्रादिफलवर्गः,,"तापकर, विध्वंसक, शुक्रनाश, वीर्यबलह, तनुपुष्टिहर, महागदापोषक",,
BPN_0597,अथ ताम्रम्।  तस्योत्पत्तिमाह,,,,आम्रादिफलवर्गः,Guna: स्निग्ध,"जपाकुसुमसङ्काश, मृदु, घनक्षम, लौहनागोज्झित, मारणप्रशस्य",,
BPN_0598,ताम्र,"ताम्र, आंदुम्बर, शुल्ब, उदुम्बर, रविप्रिय, म्लेच्छमुख, सूर्यपर्यायनामक ",,,आम्रादिफलवर्गः,,,,
BPN_0599,उत्तमताम्र,,,,आम्रादिफलवर्गः,"Guna: स्निग्ध, मृदु","जपाकुसुमसङ्काश, मृदु, घनक्षम, लौहनागोज्झितताम्रं मारणप्रशस्य",,
BPN_0600,अधमताम्र,,,,आम्रादिफलवर्गः,,"कृष्ण, रूक्ष, अतिस्तब्ध, श्वेत, घनासह, लौहनागयुत, शुल्ब, दुष्ट",,
BPN_0601,सम्यक्मारितताम्र,,,,आम्रादिफलवर्गः,"Rasa: कषाय, मधुर, तिक्त, अम्ल, | Guna: सार, लघु | Virya: शीत | Vipaka: कटु","पित्तापह, श्लेष्महर, रोपण, लेखन, पाण्डू-उदरा-आर्शो-ज्वर-कुष्ठ-कास-श्वास-क्षय-पीनस-अम्लपित्तापह, शोथ, कृमि, शूलापकर, अल्पबृंहण",,
BPN_0602,असम्यक्मारितताम्र,,,,आम्रादिफलवर्गः,,"दाह, स्वेद, अरुचि, मूर्च्छा, क्लेद, रेक, वमिर्भ्रम",,
BPN_0603,रङ्गम्,"रङ्ग, वङ्ग, त्रपु, पिच्चट ",,,आम्रादिफलवर्गः,,,,
BPN_0604,सम्यक् मारितरङ्ग,,,,आम्रादिफलवर्गः,"Guna: लघु, रूक्ष | Virya: उष्ण","मेह-कफ-क्रिमी-पाण्डु-सश्वास-हर, चक्षुष्य, पित्तल, अखिलमेहवर्गहर, देहसौख्य-प्रबलेन्द्रियत्व-नरपुष्टिविदधाति, सर",,
BPN_0605,अथ यशदम्।  तस्य नामगुणानाह,"रङ्गसदृश, रीतिहेतु  ",,,आम्रादिफलवर्गः,"Rasa: तुवर, तिक्त | Virya: शीतल","कफ-पित्तहृत्, चक्षुष्य, मेह-पाण्डु-श्वास-नाशन",,
BPN_0606,सीसम्,"ब्रध्न, वप्र, योगेष्ठ, नागनामक ",,,आम्रादिफलवर्गः,,नरसर्वरोगापहा,,
BPN_0607,अथ सीसस्य गुणानाह,,,,आम्रादिफलवर्गः,,"रङ्गगुण, विशेषात् -मेहनाशन, नागशततुल्यबल, व्याधिविनाश, जीवनविस्तारक, वह्निप्रदीपन, कामबलकर, मृत्युनाशक सन्ततसेवि",,
BPN_0608,अशुद्धवङ्गनाग,,,,आम्रादिफलवर्गः,,कुष्ठानि गुल्मांश्च तथाऽ अतिकष्टान् कण्डू-प्रमेहा-अनिलसाद-शोथ-भगन्दरादीन् कुरुतः प्रयुक्तौ ।,,
BPN_0609,लोहं,"शस्रक, तीक्ष्ण, पिण्ड, कालायस, अयस् ",,,आम्रादिफलवर्गः,,,,
BPN_0610,अथ लोहस्य सप्तदोषानाह,,,,आम्रादिफलवर्गः,,"गुरुता, दृढता-उत्क्लेद, कश्मल, दाहकारिता, अश्मदोष, सुदुर्गन्ध",,
BPN_0611,अथ लोहगुणानाह,,,,आम्रादिफलवर्गः,"Rasa: तिक्त, मधुर, तुवर, | Guna: गुरु, रूक्ष | Virya: शीत","सर, वयस्य, चक्षुष्य, लेखन, वातल, कफ-पित्त-गर-शूल-शोथा-आर्शः-प्लीह-पाण्डुता-मेदो-मेह-क्रिमीहर, कुष्ठ-तकिट्टहर",,
BPN_0612,अथाशुद्धलोहदोषानाह,,,,आम्रादिफलवर्गः,,"षण्ढत्व-कुष्ठा-आमय-मृत्युद, हृद्रोग-शूली, अश्मरी, मानारुजप्रकोपक, हल्लास-मशुद्धलोह, जीवहारि, मदकार, आयस, चेदशुद्धिमद, पाटवकर, शरीर-हृदिरुजप्रदायक",,
BPN_0613,सारलोह,,,,आम्रादिफलवर्गः,,"ग्रहणी, अतिसारक, अर्धाङ्गसर्वाङ्गजवात, परिणामशूलज, छर्दि, पीनस, पित्त, श्वास, कासव्यपोहक",,
BPN_0614,कान्तलौह,,,,आम्रादिफलवर्गः,,"गुल्मोदरा-अर्शः-शूलाम-आमवात-भगन्दर, कामला-शोथ-कुष्ठ-क्षय-कान्तमयहर, प्लीहा-अम्लपित्त-यकृत्छिरोहर, सर्वरोगविजयी, बलवीर्यवपुःपुष्टिकर, अग्निविवर्धन",,
BPN_0615,किट्टी,"लोहासिहानिका , सिहान, मण्डूर ",,,आम्रादिफलवर्गः,,,,
BPN_0616,सुवर्णमाक्षिकम्,"तापीज, मधुमाक्षिक, माक्षिकधातु , ताप्य, मधुधातु, स्वर्णमाक्षिक  ",,,आम्रादिफलवर्गः,"Rasa: स्वादु, तिक्त","रसायन, चक्षुष्य, वस्तिरुक्-कुष्ठ-पाण्डु-मेह-विषोदरहर, अर्शः-शोथ-विष-कण्डू-त्रिदोषनाशक, वृष्य",,
BPN_0617,अथ अशुद्धसुवर्णमाक्षिकदोषानाह,,,,आम्रादिफलवर्गः,,"मन्दानलत्व, बलहानि, मुग्राविष्टम्भिता, नेत्रगदस-कुष्ठ-माला-व्रणपूर्विकाकर",,
BPN_0618,तारमाक्षिकम्,रौप्यमाक्षिक ,,,आम्रादिफलवर्गः,"Rasa: स्वादु, त्तिक्त | Vipaka: मधुर","वृष्य, रसायन, चतुष्य, बस्ति-रुक्-कुष्ठ-पाण्डु-मेह-विषोदरा-आर्श-शोथ-क्षय-कण्डू-त्रिदोषनाशक",,
BPN_0619,अथ अशुद्धतारमाक्षिकदोषानाह,,,,आम्रादिफलवर्गः,,"मन्दानलत्व, बलहानि, उग्रविष्टम्भिता, नेत्रगदस-कुष्ठ-माला-व्रणपूर्विकाकर",,
BPN_0620,तुत्थम्,वितुन्नक ,,,आम्रादिफलवर्गः,"Rasa: कटु, क्षार, कषाय, | Guna: लघु | Virya: शीत","वामक, लेखन, भेदन, चक्षुष्य, कफ-पित्तहृत्, विषा-अश्म-कुष्ठ-कण्डूघ्न",,
BPN_0621,कांस्यम्,"ताम्रत्रपुज, कांस्य, घोष कंसक ",,,आम्रादिफलवर्गः,"Rasa: कषाय, तिक्त, विशद | Guna: रूक्ष | Virya: उष्ण","लेखन, सर, गुरु, नेत्रहित, कफ-पित्तहर",,
BPN_0622,अरकूटम्,"पित्तल , आर, रीति, राजरीति, ब्रह्मरीति, कपिला, पिङ्गला ",,,आम्रादिफलवर्गः,"Rasa: तिक्त, लवण | Guna: रूक्ष","शोधन, पाण्डुरोगघ्न, कृमिघ्न, नातिलेखन",,
BPN_0623,सिन्दूरम्,"नागरेणु, रक्तगर्भ, सीसज ",,,आम्रादिफलवर्गः,Virya: उष्ण,"वीसर्प-कुष्ठ-कण्डू-विषापह, भग्नसन्धानजनन-व्रणशोधनरोपण",,
BPN_0624,शिलाजतु,"अद्रिजतु, शैलनिर्यास, गैरेय, अश्मज, गिरिज, शैलधातुज",,,आम्रादिफलवर्गः,"Rasa: कटु, तिक्त | Virya: उष्ण | Vipaka: कटु","रसायन, छेदि, योगवह, कफ-मेहा-अश्म-शर्करा-मूत्र-कृच्छ्र-क्षय-श्वास-वाता-आर्शा-पाण्डुता-अपस्मारो-उन्माद-शोथ-कुष्ठोदर-क्रिमीहर",,
BPN_0626,सौवर्ण,,,,आम्रादिफलवर्गः,"Rasa: मधुर, कटु, तिक्त | Virya: शीतलं | Vipaka: कटु",,,
BPN_0627,राजतं,,,,आम्रादिफलवर्गः,Rasa: कटु | Virya: शीत | Vipaka: मधुर,,,
BPN_0628,ताम्रं,,,,आम्रादिफलवर्गः,Guna: तीक्ष्ण | Virya: उष्ण,मयूरकण्ठाभ,,
BPN_0629,लौहं,,,,आम्रादिफलवर्गः,"Rasa: त्तिक्त, लवण, | Virya: शीत | Vipaka: कटु","सर्वश्रेष्ठ, जटायुपक्षाभ",,
BPN_0632,पारदस्य,"पारद, रसधातु,  रसेन्द्र,महारस, चपल, शिववीर्य, रस, सूत, शिवाह्वय ",,,आम्रादिफलवर्गः,Rasa: षड्रसः | Guna: स्निग्ध,"त्रिदोषघ्न, रसायन, योगवाही, महावृष्य, सदा-दृष्टिबलप्रद, सर्वामयहर, विशेषात्सर्वकुष्ठनुत्",,
BPN_0633,अथ पारदस्य अवस्थाभेदेन नामानि सर्वश्रेष्ठतां चाह,,,,आम्रादिफलवर्गः,,"रुग्विनाशक, खेगतिक, अजरीकर, नरकुञ्जरवाजिरोगहर",,
BPN_0634,अथ फलनिर्देशपूर्वकं पारदस्थितिदोषानाह,,,,आम्रादिफलवर्गः,,देहनाशकर,,
BPN_0635,उपरसाः,,,,आम्रादिफलवर्गः,"Rasa: तिक्त, कषाय, कटु","हिङ्गुल, नेत्रामयघ्न, कफपित्तहारि, हृल्लास-कुष्ठ-ज्वर-कामला-प्लीहा-आम-वात-विषहर",,
BPN_0636,हिङ्गुलम्,"इङ्गुल, दरद, म्लेच्छ, चूर्णपारद  ",,,आम्रादिफलवर्गः,,,,
BPN_0637,गन्धकः,"गन्धिक, गन्धपाषाण, सौगन्धिक बली बलरस.",,,आम्रादिफलवर्गः,,,,
BPN_0638,अथ गन्धकगुणानाह,,,,आम्रादिफलवर्गः,"Rasa: कटु, तिक्त, तुवर | Virya: उष्ण | Vipaka: कटु","सर, पित्तल, जन्तु-कण्डू-विसर्प-जित्, कुष्ठ-क्षय-प्लीह-कफ-वात-रसायन-हर",,
BPN_0639,अथ अशुद्धगन्धकदोषानाह,,,,आम्रादिफलवर्गः,,"शरीरे ताप-विषमकुष्ठकर, सौख्य-रूप-बल-ओजः-अस्रनिहन",,
BPN_0640,अभ्रकम्,"वज्र, गगन ",,,आम्रादिफलवर्गः,"Rasa: कटु, कषाय | Guna: गुरु, स्निग्ध | Virya: उष्ण","स्वर्णवर्ण, सपत्र, अभ्रपत्रवत्, गुणाढ्य, रसायन, निष्पत्र, पिण्डसदृश, स्वल्पसत्त्व, गुरु, स्रीपुष्पहारक, स्वल्पगुण, तत्पिण्डतालक, हरिद्विष, कण्डू-कुष्ठा-आस्यरोगा-अस्र-कफ-पित्त-कचव्रणापह",,
BPN_0641,अथ मृताभ्रकगुणानाह,,,,आम्रादिफलवर्गः,"Rasa: कषाय, मधुर | Guna: शीत",आयुष्करं धातुविवर्द्धनं च हन्यात्रिदोषं व्रण-मेह-कुष्ठ-प्लीहो-उदर-ग्रन्थि-विषक्रिमींश्च रोगान्हन्ति द्रढयति वपुर्वीर्यवृद्धि विधत्ते तारुण्याढ्यं  रमयति शतं योषितां नित्यमेव । दीर्घायुष्काञ्जनयति सुतान्विक्रमैः सिंहतुल्यान् मृत्योर्भीति हरति सततं सेव्यमानं मृताभ्रम् ।,,
BPN_0642,अथ अशुद्धाभ्रकदोषानाह,,,,आम्रादिफलवर्गः,,"देहचारुता, बहुतापञ्चाङ्गसङ्कोचपीडाकर, कफवातकुष्ठरोगकर  पीडां विधत्ते विविधां नराणां कुष्ठं क्षयं पाण्डुगदं च शोथम् । हृत्पार्श्वपीडां च करोत्यशुद्धमभ्रं त्वसिद्धं गुरु तापदं स्यात्",,
BPN_0643,हरितालम्,ताल आल तालक ,,,आम्रादिफलवर्गः,"Rasa: कटु, कषाय | Guna: स्निग्ध, उष्ण",कण्डू-कुष्ठा-आस्यरोग-अस्र-कफ-पित्त-कचव्रणान्,,
BPN_0644,अथ अशुद्धस्य असम्यक् मारितस्य च हरितालस्य दोषानाह,,,,आम्रादिफलवर्गः,,हरति च हरितालं चारुतां देहजातां सृजति च बहुतापञ्चाङ्गसङ्कोचपीडाम् । वितरति कफ-वातौ कुष्ठरोगं विदध्या दिदमाशितमशुद्धं मारितं चाप्यसम्यक ।,,
BPN_0645,मनःशिला,"मनःशिला, मनोगुप्ता, मनोह्वा, नागजिह्विका, नैपाली, कुनटी, गोला, शिला दिव्यौषधि",,,आम्रादिफलवर्गः,"Rasa: कटु, तिक्ता, | Guna: स्निग्धा, गुरु | Virya: उष्णा","सर ,वर्ण्या, लेखनी, विष-श्वास-कास-भूत-कफा-अस्रनुत्",,
BPN_0646,अथ अशुद्धायाः तस्यादोषानाह,,,,आम्रादिफलवर्गः,,"मन्दबल, मलानुबन्ध, मूत्ररोध, सशर्कर, कृच्छ्रगद",,
BPN_0647,स्रोतो अञ्जनं सौवीरं,"यामुन, कापोताञ्जन ",,,आम्रादिफलवर्गः,"Rasa: कषाय, स्वादु | Guna: स्निग्ध","चक्षुष्य, कफपित्तनुत्, लेखन, ग्राहि, च्छर्दि-विषापह, सिध्म-क्षया-अस्र-हृच्छीतसेवनं सदा बुधैः",,
BPN_0648,टङ्कणः,,,,आम्रादिफलवर्गः,Guna: रूक्ष,"अग्निकर, कफघ्न, वात-पित्तकृत्",,
BPN_0649,स्फटिका,"स्फटी, स्फटिका, श्वेता, शुभ्रा, रङ्गदा, दृढ़रङ्गा, रङ्गाङ्गा",,,आम्रादिफलवर्गः,Rasa: कषाय | Virya: उष्णा,"वात-पित्त-कफ-व्रणापह, श्वित्र-वीसर्पहर, योनिसङ्कोचकारिणी",,
BPN_0650,राजावार्तः,"राजावर्त्त, नृपावर्त्त, राजन्यावर्त्तक, आवर्त्तमणिसंज्ञक, आवर्त्त",,,आम्रादिफलवर्गः,"Rasa: कटु, तिक्त | Guna: शीतल","शिशिर, पित्तनाशन, प्रमेह-घ्न-छर्दि-हिक्कानिवारण",,
BPN_0651,चुम्बकः,"चुम्बक, कान्तपाषाण, अयस्कान्त लौहकर्षक ",,,आम्रादिफलवर्गः,Virya: शीत,"चुम्बक, लेखन, मेदो-विषगरापह",,
BPN_0652,गैरिकं सुवर्णगौरिकं,"गौरिक, रक्तधातु, गौरेय, गिरिज",,,आम्रादिफलवर्गः,"Rasa: मधुर, तुवर | Guna: स्निग्ध | Virya: हिम","चक्षुष्य, दाह-पित्ता-अस्र-कफ-हिक्का-विषापह",,
BPN_0653,खटिका गौरखटिका,कठिनी लेखनी ,,,आम्रादिफलवर्गः,Rasa: मधुरा | Guna: शीता,"दाहा-अस्रजित्-शीता, विष-शोथ-जित्, लेपादेतद्गुणाप्रोक्ता, भक्षिता-मृत्तिकासमा, गुणैस्तुल्ये",,
BPN_0654,वालुका,सिकता शर्करा रेतजा ,,,आम्रादिफलवर्गः,Virya: शीता,"लेखनी, व्रणोरःक्षतनाशिनी",,
BPN_0655,खर्परी,खर्परी तुत्थक तुत्थभेद रसक ,,,आम्रादिफलवर्गः,,तुत्थकप्रोक्तास्ते गुणाः,,
BPN_0656,काशीशम्,"धातुकाशीश पांशुकाशीश, पुष्पकाशीश  ",,,आम्रादिफलवर्गः,"Rasa: तिक्त, तुवर, अम्ल | Virya: उष्ण","वात-श्लेष्महर, केश्य, नेत्र-कण्डू-विष-प्रणुत्, मूत्र-कृच्छ्रा-अश्मरी-श्वित्रनाशन",,
BPN_0657,सौराष्ट्री मृत्तिका,"सौराष्ट्री, तुवरी, काली, मृत्तालक, सुराष्ट्रज, आढकी, मृत्स्ना तथा सुरमृत्तिका",,,आम्रादिफलवर्गः,,स्फटिकागुणाः सर्वे सौराष्ट्रयाः,,
BPN_0658,कृष्णमृत्तिका,"मृद्, मृदा, मृत्तिका, मृत्स्ना, क्षेत्रजा, कृष्णमृत्तिका कृष्णमृत् ",,,आम्रादिफलवर्गः,,क्षत-दाहा-अस्र-प्रदर-श्लेष्म-पित्तनुत्,,
BPN_0659,कर्दमः,"पङ्क, जलकल्क, चुलुक, कर्दम, मल, चिकिल, पलित, द्राप, पलल निषद्वर",,,आम्रादिफलवर्गः,Virya: शीतल,"दाह-पित्ता-अस्र-शोथघ्न, सर",,
BPN_0660,कपर्दकम्,"कपर्दक, वराट, कपर्दी, वराटिका कपर्दिका",,,आम्रादिफलवर्गः,Virya: हिमा,"नेत्रहिता, स्फोटक्षयापहा, कर्णस्राव-अग्निमान्द्यघ्न, पित्ता-अस्र-कफ-नाशिनी",,
BPN_0661,शङ्खः,"शंख, समुद्रज, कम्बु, सुनाद तथा पावनध्वनि ये सब",,,आम्रादिफलवर्गः,Guna: लघु | Virya: शीत,"नेत्र्य, पित्त-कफा-अस्रजित्",,
BPN_0662,बोलम्,"बोल, गन्धरस, प्राण, पिण्ड तथा गोपरस",,,आम्रादिफलवर्गः,"Rasa: मधुर, कटु, तिक्त | Virya: शीत","रक्तहर, मेध्य, दीपनपाचन, दाह-स्वेद-त्रिदोषजित्, ज्वरा-अपस्मार-कुष्ठघ्न, गर्भाशयविशुद्धिकृत्",,
BPN_0664,अथ उत्तमः धमकङ्कुष्ठयोः लक्षणमाह,,,,आम्रादिफलवर्गः,"Guna: गुरु, स्निग्ध, लघु","श्रेष्ठ, श्याम, पीत, त्यक्तसत्त्व",,
BPN_0665,अथ कङ्कुष्ठस्य नामगुणानाह,"कङ्गुष्ठ, काककुष्ठ, विरङ्ग तथा कोलकाकुल",,,आम्रादिफलवर्गः,"Rasa: तिक्त, कटु | Virya: उष्ण","रेचन, वर्णकारक, कृमि-शोथोदरा-अध्मान-गुल्मा-आनाह-कफापह",,
BPN_0667,हीरकः,हीरक वज्र चन्द्र मणिवर ,,,आम्रादिफलवर्गः,,,,
BPN_0668,अथ तद्भेदानां गुणानाह,,,,आम्रादिफलवर्गः,,"सर्वसिद्धिप्रदायक, व्याधिविध्वंसी, जरा-मृत्युहर, धनप्रद, देहस्यदार्व्यकृत्, व्याधीनाशक, वयःस्तम्भक",,
BPN_0669,अथ पुंस्रीनपुंसकभेदात् त्रिविधस्य तस्य लक्षणानिगुणानुपयोग्विषयान् चाह,,,,आम्रादिफलवर्गः,,पुरुषाः - रेखाबिन्दुविवर्जिताः | स्रियः - रेखाबिन्दुसमायुक्ताः षडस्रास्ते,,
BPN_0670,अथ अशुद्धहीरकदोषानाह,,,,आम्रादिफलवर्गः,,कुष्ठ-पार्श्वव्यथा-पाण्डु-तापङ्गुलत्वकर,,
BPN_0671,मारितवज्र,,,,आम्रादिफलवर्गः,,"आयु-पुष्टि-बल-वीर्य-वर्ण-सौख्यकर, सेवित, सर्वरोगघ्न",,
BPN_0672,गारुत्मतम्,"मरकत अश्मगर्भा, हरिन्मणि ",,,आम्रादिफलवर्गः,,,,
BPN_0673,माणिक्यम्,"पद्मराग शोणरत्न, लोहित  ",,,आम्रादिफलवर्गः,,,,
BPN_0674,पुष्परागः,"मन्जुमणि, वचस्पतिवल्लभ",,,आम्रादिफलवर्गः,,,,
BPN_0675,इन्द्रनीलं गोमेद,"नील, इन्द्रनील, - गोमेद, पीतरत्नक ",,,आम्रादिफलवर्गः,,,,
BPN_0676,वैदूर्यम्,"वैदूर्य दूरज, रत्न, केतुग्रहवल्लभ ",,,आम्रादिफलवर्गः,,,,
BPN_0677,मौक्तिकम्,"मौक्तिक, शौक्तिक, मुक्ता, मुक्ताफल ",,,आम्रादिफलवर्गः,Virya: शीतल,"वृष्य, चक्षुष्य, बलपुष्टिद",,
BPN_0681,विषम्,"विष, गरल, क्ष्वेड ",,,आम्रादिफलवर्गः,,,,
BPN_0692,अथ विषस्य दुर्गुणानाह,,,,आम्रादिफलवर्गः,,"प्राणहर, व्यवायि, विकाशि, आग्नेय, वात-कफ-हृद्-योगवाहि, मदावह",,
BPN_0693,अथ शोधितविषस्य गुणानाह,,,,आम्रादिफलवर्गः,,"प्राणदायि, रसायन, योगवाहि, त्रिदोषघ्न, बृंहण, वीर्यवर्द्धन",,
BPN_0696,अथ शालीनां गुणानाह,,,,धान्यवर्गः,"Rasa: मधुर, कषाय | Guna: लघु, स्निग्ध | Virya: शीत","बल्या, बद्धाल्पवर्चस, रुच्य, स्वर्य, वृष्य, बृंहण, अल्पा-अनिल-कफा, पित्तघ्न, मूत्रल",,
BPN_0697,दग्धमृञ्जातशालिः,,,,धान्यवर्गः,"Rasa: कषाय | Guna: लघु, रूक्ष","सृष्टमूत्रपुरीष, श्लेष्मापकर्षण",,
BPN_0698,कैदारजशालिः,,,,धान्यवर्गः,Rasa: कषाय | Guna: गुरु,"वात-पित्तघ्न, कफ-शुक्रल, अल्पवर्चस्क , मेध्य, बलावह",,
BPN_0699,स्थलजशालिः,,,,धान्यवर्गः,"Rasa: कषाय,तिक्त , स्वादु | Vipaka: कटु","पित्त-कफघ्न, वात-वह्निद, किञ्चित्तिक्त",,
BPN_0700,वापितशालिः,,,,धान्यवर्गः,"Rasa: मधुर, कषाय | Guna: गुरु | Virya: शीत","वृष्य, बल्य, पित्तप्रणाशन, श्लेष्मल, अल्पवर्चस्क",,
BPN_0701,अवापितशालिः,,,,धान्यवर्गः,,किञ्चिद्गुणहीन,,
BPN_0702,नवपुराणरोपितशालिः,,,,धान्यवर्गः,,"भूयःशीघ्रपाक, गुणाधिक",,
BPN_0703,नवा,,,,धान्यवर्गः,,"वृष्य, शीघ्रपाक, गुणाधिक",,
BPN_0704,पुराण,,,,धान्यवर्गः,Guna: लघु,,,
BPN_0705,छिन्नरूढशालिः,,,,धान्यवर्गः,"Rasa: कषाय, अल्पतिक्त | Guna: लघु, रूक्ष | Virya: शीत","बल्य, पित्त-कफापह, बद्धविट्क,",,
BPN_0706,रक्तशालिः,"रक्तशालि, कलम, पाण्डुक, शकुनाहृत, सुगन्धक, कर्दमक, महाशालि, दूषक, पुष्पाण्डक, पुण्डरीक, महिषमस्तक, दीर्घशूक, काञ्चनक, हायन, लोध्रपुष्पक ",,,धान्यवर्गः,,"वर, बल्य, वर्ण्य, त्रिदोषजित्, चक्षुष्य, मूत्रल, स्वर्य, शुक्रल, तृड्-ज्वरापह, विष-व्रण-श्वास-कास-दाहनुत्, वह्नि-पुष्टिद, अल्पान्तरगुण",,
BPN_0707,व्रीहिधान्यम्,,,,धान्यवर्गः,Rasa: मधुर | Virya: शीत,"अल्पाभिष्यन्दि, बद्धवर्चस, षष्टिकसम, कृष्णव्रीहिवर, अल्पगुण",,
BPN_0708,षष्टिकाः,,,,धान्यवर्गः,Rasa: मधुर | Guna: लघु | Virya: शीत,"बद्धवर्चस, वात-पित्तप्रशमन, शालिसदृशगुण",,
BPN_0709,षष्टिकाः,"षष्टिक, शतपुष्प, प्रमोदक, मुकुन्दक, महाषष्टिक",,,धान्यवर्गः,,,,
BPN_0710,षष्टिकाः,,,,धान्यवर्गः,"Rasa: स्वादु | Guna: लघु, स्निग्ध","प्रवर, त्रिदोषजित्, मृदु, ग्राहिणी, बलदा, ज्वरहारिणी,  रक्तशालिगुणतुल्य,  स्वल्पगुण",,
BPN_0711,षष्टिकाः,,,,धान्यवर्गः,"Rasa: स्वाद्वी | Guna: लघ्वी, स्निग्धा, मृदु","मृद्वी, ग्राहिणी, बलदा, ज्वरहारिणी, रक्तशालितुल्या, स्वल्पगुणा, त्रिदोषजित्",,
BPN_0713,अथ तेषां गुणानाह,,,,धान्यवर्गः,"Rasa: कषाय, मधुर | Guna: रूक्ष, गुरु, मृदु | Virya: शीत | Vipaka: कटु","लेखन, तिलवत्पथ्य, मेधाऽ-अग्निवर्धक, अनभिष्यन्दी, स्वर्य, बलकर, बहुवातमल, वर्णस्थैर्यकारी, पिच्छिल, कण्ठ-त्वगा-आमय-श्लेष्म-पित्त-मेद-प्रणाशन, पीनस-श्वास-कासो-उरुस्तम्भ-लोहित-तृट्प्रणुत्",,
BPN_0715,अथ गोधूमगुणानाह,,,,धान्यवर्गः,"Rasa: मधुर | Guna: गुरु, स्निग्ध, | Virya: शीत","वात-पित्तहर, कफ-शुक्रप्रद, बल्य, सन्धानकृत्, सर, जीवन, बृंहण, वर्ण्य, व्रण्य, रुच्य, स्थिरत्वकृत्",,
BPN_0716,मधूलीनन्दीमुखौ,,,,धान्यवर्गः,"Rasa: मधुर | Guna: स्निग्ध, लघु | Virya: शीतल","पित्तघ्नी, शुक्रल, बृंहणी, पथ्य, नन्दीमुख",,
BPN_0717,शिम्बीधान्यम्,"यमीज, शिम्बिज, शिम्बीभव, सूप्य, वैदल ",,,धान्यवर्गः,,,,
BPN_0718,अथ शिम्बीधान्यस्य गुणानाह,,,,धान्यवर्गः,"Rasa: मधुर, कषाय | Guna: रूक्ष | Virya: शीत | Vipaka: कटु","वातल, कफ-पित्तघ्न, बद्धमूत्रमला, आध्मानकारिण",,
BPN_0719,मुद्गः,,,,धान्यवर्गः,"Rasa: स्वादु | Guna: रूक्ष, लघु | Virya: शीत","लघुग्रही, कफ-पित्तहर, अल्पानिल, नेत्र्य, ज्वरघ्न, वनज",,
BPN_0720,माषः,,,,धान्यवर्गः,"Guna: गुरु, स्निग्ध | Vipaka: स्वादु","रुच्य, अनिलापह,  स्रंसन, तर्पण, बल्य, शुक्रल, बृंहण, भिन्नमूत्रमल, स्तन्य, मेद-पित्त-कफप्रद, गुदकीला-अर्दितश्वास-पक्तिशूलनाशन",,
BPN_0721,राजमाषः,"राजमाष, महामाष, चपल, बल ",,,धान्यवर्गः,"Rasa: स्वादु, तुवर | Guna: गुरु, रुक्ष","तर्पण, सर, वातकर, रुच्य, स्तन्य, भूरिबलप्रद",,
BPN_0722,निष्पावः,"निष्पाव, राजशिम्बि, वल्लक, श्वेतशिम्बिक ",,,धान्यवर्गः,"Rasa: मधुर, कषाय | Guna: रूक्ष, गुरु | Virya: उष्ण | Vipaka: अम्ल","सर, स्तन्य-पित्ता-अस्र-मूत्र-वात-विबन्धकृत्, विदाहि, विष-श्लेष्म-शोथ-हृच्छुक्रनाशन",,
BPN_0723,वनमुद्गः,"मकुष्ठ, वनमुद्ग, मकुष्ठक, मुकुष्ठक ",,,धान्यवर्गः,"Guna: लघु, | Vipaka: मधुर","वातल, ग्राही, कफ-पित्तहर, वह्निजित्, कृमिकृत्, ज्वरनाशन",,
BPN_0724,मसूरः,"मङ्गल्यक, मसूर, मङ्गल्या, मसूरिका ",,,धान्यवर्गः,"Guna: लघु, रूक्ष | Virya: शीतल | Vipaka: मधुर","संग्राही, कफ-पित्ता-अस्रजित्, वातल, ज्वरनाशन",,
BPN_0725,आढकी,"आढकी, तुवरी, शणपुष्पिका ",,,धान्यवर्गः,"Rasa: तुवर, मधुर | Guna: लघु, रूक्ष | Virya: शीतल","ग्रहिणी, वातजननी, वर्ण्य, पित्त-कफा-अस्रजित्",,
BPN_0726,चणकः,"चणक, हरिमन्थ, सकलप्रिय ",,,धान्यवर्गः,"Rasa: कषाय | Guna: रूक्ष, लघु | Virya: शीतल","पित्त-रक्त-कफापह, विष्टम्भी, वातल, ज्वरनाशन",,
BPN_0727,आर्द्रभृष्टः,,,,धान्यवर्गः,,"बलकर, रोचन",,
BPN_0728,स्विन्नः,,,,धान्यवर्गः,,पित्त-कफापह,,
BPN_0729,शुष्कभृष्टः,,,,धान्यवर्गः,,"अतिरूक्ष, वात-कुष्ठ-प्रकोपण",,
BPN_0730,सूपः,,,,धान्यवर्गः,,क्षोभकरः,,
BPN_0731,आर्द्रः,,,,धान्यवर्गः,Rasa: कषाय | Guna: लघु | Virya: शीत,"अतिकोमल, रुच्य, पित्तशुक्रहर, वातल, ग्राही, कफ-पित्तहर",,
BPN_0732,कलायः,"कलाय, वर्त्तुल, सतीन, हरेणुक ",,,धान्यवर्गः,Rasa: मधुर | Guna: रूक्ष | Virya: शीतल | Vipaka: स्वादु,,,
BPN_0733,त्रिपुटः,,,,धान्यवर्गः,"Rasa: मधुर, तिक्त, तुवर | Guna: रूक्षण | Virya: शीतल","कफ-पित्तहर, रुच्य, ग्राहक, खञ्जत्व-पङ्गुत्वकारी, वातातिकोपन",,
BPN_0734,कुलत्थः,"कुलत्थिका, कुलत्थ",,,धान्यवर्गः,"Rasa: , कषाय | Guna: लघु | Virya: उष्ण | Vipaka: कटु","पित्त-रक्तकृत्, विदाही, श्वास-कास-कफा-अनिलापह, हिक्काऽ-अश्मरी-शुक्र-दाहास-पीनस-मेदो-ज्वर-क्रिमिहर, स्वेदसङ्ग्राहक, सर",,
BPN_0735,तिलः,तिल ,,,धान्यवर्गः,"Rasa: तिक्त, मधुर, तुवर, कटु, | Guna: गुरु, स्निग्ध | Virya: उष्ण | Vipaka: कटु","कफ-पित्तनुत्, बल्य, केश्य, शीतस्पर्श, त्वच्य, स्तन्य, व्रणहित, दन्त्य, अल्पमूत्रकृत्, ग्राही, वातघ्न, अग्निमतिप्रद शुक्रलो",,
BPN_0739,अतसी,"अतसी, नीलपुष्पी, पार्वती, उमा, क्षुमा ",,,धान्यवर्गः,"Rasa: मधुर, तिक्त, | Guna: स्निग्ध, गुरु | Virya: उष्ण | Vipaka: कटु","दृक्छुक्रवातघ्नी, कफ-पित्त-विनाशिनी",,
BPN_0740,तुवरी,,,,धान्यवर्गः,"Guna: लध्वी, तीक्ष्ण | Virya: उष्ण","ग्राहिणी, कफ-विषा-अस्रजित्, वह्निवा, कण्डू-कुष्ठ-कोष्ठ-क्रिमिप्रणुत्",,
BPN_0741,"सर्षपः, रक्तः, पीतः","क्षव, क्षुताभिजनक, कृष्णिका, कृष्णसर्षप, सिद्धार्थ    ",,,धान्यवर्गः,"Rasa: कटु, तिक्त | Guna: स्निग्ध, तीक्ष्ण, | Virya: उष्ण | Vipaka: कटु","सतिक्त, कफ-वातघ्न, रक्त-पित्ता-अग्निवर्धन, रक्षोहर, कण्डू-कुष्ठ-कोष्ठ-क्रिमिग्रहापह",,
BPN_0742,"राजिका, कृष्णराजिका","राजी, राजिका, तीक्ष्णगन्धा, क्षुज्जनिका, आसुरी ",,,धान्यवर्गः,"Guna: तीक्ष्ण, रुक्ष | Virya: उष्ण","रक्त-पित्तकृत्, किञ्चित् रूक्षाऽग्निदा, कण्डू-कुष्ठ-कोष्ठ-क्रिमीहर, अतितीक्ष्ण, कफपित्तघ्नी",,
BPN_0743,क्षुद्रधान्यम्,"क्षुद्रधान्य, कुधान्य, तृणधान्य ",,,धान्यवर्गः,"Rasa: कषाय, मधुर, , | Guna: लघु, रूक्ष | Virya: उष्ण - अनुष्ण | Vipaka: कटु","लेखन, क्लेदशोषक, वातकृत्, बद्धविट्क, पित्त-रक्त-कफापह",,
BPN_0744,कङ्गुः,"कङ्गु, प्रियङ्गु ",,,धान्यवर्गः,"Guna: गुरु, रूक्ष","भग्नसन्धानवातकृत्, बृंहणी, श्लेष्महर, वाजिगुणकृत्",,
BPN_0745,चीनाकः,"चीनाक, काककङ्गु, सुश्लक्ष्ण, श्लक्ष्णक, कङ्गुभेद ",,,धान्यवर्गः,,"कङ्गुभेदो, कङ्गुवद्गुण",,
BPN_0746,श्यामाकः,"श्यामाक, श्यामक, श्याम, त्रिबीज, अविप्रिय, सुकुमार, राजधान्य, त्रुणबीजोत्तम ",,,धान्यवर्गः,Guna: रूक्ष,"शोषण, वातल, कफ-पित्तहृत्",,
BPN_0747,अथ कोद्रवः वनकोद्रवश्च । तयोर्णामानि गुणाँश्चाह,"कोद्रव, कोरदूष ",,,धान्यवर्गः,Virya: उष्ण,"पित्त-कफापह, उद्दाल, ग्राही, अतिवातकर",,
BPN_0748,कोद्रवः,कोद्रवो,,,धान्यवर्गः,Virya: हिम,"वातल, ग्राही, पित्त-कफापह",,
BPN_0749,,उद्दाल,,,धान्यवर्गः,Virya: उष्ण,"ग्राही, भृशवातकर",,
BPN_0750,चारुकः,"चारुक, शरबीज ",,,धान्यवर्गः,"Rasa: कषाय, मधुर | Guna: रूक्ष, लघु | Virya: शीतल","रक्त-पित्त-कफापह, वृष्य, वातकोपन",,
BPN_0751,वंशयवाः,"वंशयव, वंशबीज ",,,धान्यवर्गः,"Rasa: कषाय, | Guna: रूक्ष | Vipaka: कटु","वंशभव, बद्धमूत्र, कफघ्न, वात-पित्तकर, सर",,
BPN_0752,कुसुम्भबीजम्,"कुसुम्भबीज, वरटा, वरट्टिका ",,,धान्यवर्गः,"Rasa: मधुर, कषाय | Guna: स्निग्ध, गुरु | Virya: शीतल","रक्त-पित्त-कफापह, अवृष्य-अनिलापह",,
BPN_0753,गवेधुका,"गवेधुका, गवेधु ",,,धान्यवर्गः,Rasa: कटु,"स्वादु, कार्श्य-कृत्-कफनाशिनी",,
BPN_0754,नीवरः,"प्रसाधिका, नीवार, तृणान्न  ",,,धान्यवर्गः,Virya: शीतल,"ग्राही, पित्तघ्न, कफ-वातकृत्",,
BPN_0755,यावनालः,,,,धान्यवर्गः,"Rasa: स्वादु, तुवर | Guna: लघु, रूक्ष | Virya: शीत","लोहित, श्लेष्म-पित्तजित्, अवृष्य, क्लेदकृत्",,
BPN_0756,नवं,,,,धान्यवर्गः,Rasa: स्वादु | Guna: गुरु,श्लेष्मकर,,
BPN_0757,वर्षोषितं,,,,धान्यवर्गः,,"पथ्य, लघुतर",,
BPN_0758,वर्षोषितं,,,,धान्यवर्गः,,सर्वधान्यं गौरवपरिमुञ्चति,,
BPN_0759,नवा यवगोधूमतिलमाषा,,,,धान्यवर्गः,,हिताः,,
BPN_0760,पुराणा,,,,धान्यवर्गः,,"विरसा, रूक्षा, न तथा गुणकारिणाः",,
BPN_0761,अथ शाकानां गुणानाह,,"प्रायः शाकानि सर्वाणि विष्टम्भीनि गुरूणि च |	
	
रूक्षाणि बहुवर्चांसि सृष्टविण्मारुतानि च ||२||	
	
शाकं भिनत्ति वपुरस्थि निहन्ति नेत्रं वर्णं विनाशयति रक्तमथापि शुक्रम् |	
	
प्रज्ञाक्षयं च कुरुते पलितं च नूनं हन्ति स्मृतिं गतिमिति प्रवदन्ति तज्ज्ञाः ||३||	
	
शाकेषु सर्वेषु वसन्ति रोगास्ते हेतवो देहविनाशनाय |	
	
तस्माद् बुधः शाकविवर्जनं तु कुर्यात्तथाम्लेषु स एव दोषः ||४||	",,धान्यवर्गः,"Guna: गुरूणि, रूक्षाणि","विष्टम्भीनि, बहुवर्चासि, सृष्टविण्मारुतानि, प्रज्ञाक्षय, स्मृतिहर",,
BPN_0762,"पत्रशाकानि, वास्तूकद्वयम्","वास्तूक, वास्तुक, क्षारपत्र, शाकराट् ","वास्तूकं वास्तुकं च स्यात्क्षारपत्रं च शाकराट् |

तदेव तु बृहत्पत्रं रक्तं स्याद् गौडवास्तुकम् |

प्रायशो यवमध्ये स्याद्यवशाकमतः स्मृतम् ||५||

वास्तूकद्वितयं स्वादु क्षारं पाके कटूदितम् |

दीपनं पाचनं रुच्यं लघु शुक्रबलप्रदम् |

सरं प्लीहास्रपित्तार्शःकृमिदोषत्रयापहम् ||६||",,धान्यवर्गः,"Rasa: स्वादु, क्षार, | Guna: लघु | Vipaka: कटु","दीपन, पाचन, रुच्य, शुक्र-बलप्रद, सर, प्लीह-अस्र-पित्त-आर्शः-कृमि-दोषत्रयापह",,
BPN_0763,पोतकी,"पोतकी, उपोदिका, मालवा, अमृतवल्लरी  ","पोतक्युपोदिका सा तु मालवाऽमृतवल्लरी |

पोतकी शीतला स्निग्धा श्लेष्मला वातपित्तनुत् |

अकण्ठ्या पिच्छिला निद्राशुक्रदा रक्तपित्तजित् |

बलदा रुचिकृत्पथ्या बृंहणी तृप्तिकारिणी ||७||",,धान्यवर्गः,Guna: स्निग्धा | Virya: शीतला,"श्लेष्मला, वातपित्तनुत्, अकण्ठ्या, पिच्छिला, निद्राशुक्रदा, रक्तपित्तजित्, बलदा, रुचिकृत्, पथ्या, बृंहणी, तृप्तिकारिणी",,
BPN_0764,श्वेतरक्तमारिषौ,"मारिष, वाष्पक, मार्ष ","मारिषो बाष्पको मार्षः श्वेतो रक्तश्च स स्मृतः |

मारिषो मधुरः शीतो विष्टम्भी पित्तनुद् गुरुः |

वातश्लेष्मकरो रक्तपित्तनुद्विषमाग्निजित् ||८||

रक्तमार्षो गुरुर्नातिसक्षारो मधुरः सरः |

श्लेष्मलः कटुकः पाके स्वल्पदोष उदीरितः ||९||",,धान्यवर्गः,,,,
BPN_0765,श्वेतम्,,,,धान्यवर्गः,Rasa: मधुर | Guna: गुरु | Virya: शीत,"विष्टम्भी, पित्तनुत्, वात-श्लेष्मकर, रक्त-पित्तनुत्, विषमाग्निजित्",,
BPN_0766,रक्तम्,,,,धान्यवर्गः,"Rasa: क्षार, मधुर, | Guna: गुरु | Vipaka: कटु","सर, श्लेष्मल, स्वल्पदोष",,
BPN_0767,तण्डुलीयः,"तण्डुलीय, मेघनाद, काण्डेर, तण्डुलेरक, भण्डीर, तण्डुलीबीज, विषघ्न, अल्पमारिष ","तण्डुलीयो मेघनादः काण्डेरस्तण्डुलेरकः |

भण्डीरस्तण्डुलीबीजो विषघ्नश्चाल्पमारिषः ||१०||

तण्डुलीयो लघुः शीतो रूक्षः पित्तकफास्रजित् |

सृष्टमूत्रमलो रुच्यो दीपनो विषहारकः |",,धान्यवर्गः,"Guna: रूक्ष, लघु | Virya: शीत","पित्त-कफा-अस्रजित्, सृष्टमूत्रमल, रुच्य, दीपन, विषहारक",,
BPN_0768,पानीयतण्डुलीयम्,"पानीयतण्डुलीय, जलतण्डुलीय, कञ्चट ","पानीयं तण्डुलीयं तु कचटं समुदाहृतम् |

कचटं तिक्तकं रक्तपित्तानिलहरं लघु ||११||",,धान्यवर्गः,Rasa: तिक्त | Guna: लघु,रक्त-पित्त-अनिलहर,,
BPN_0769,पलक्या,"पलक्या, वास्तुकाकारा, छुरिका, चीरितच्छदा ","पालक्या वास्तुकाकारा छुरिका चीरितच्छदा |

पालक्या वातला शीता श्लेष्मला भेदिनी गुरुः |

विष्टम्भिनी मदश्वासपित्तरक्तकफापहा ||१२||",,धान्यवर्गः,Guna: गुरु | Virya: शीता,"वातला, श्मेष्मला, भेदिनी, विष्टम्भिनी, मद-श्वास-पित्त-रक्त-कफा-पहा",,
BPN_0770,कालशाकम्,"नाडिक, कालशाक, श्राद्धशाक, कालक","नाडिकं कालशाकं च श्राद्धशाकं च कालकम् |

कालशाकं सरं रुच्यं वातकृत्कफशोथहृत् |

बल्यं रुचिकरं मेध्यं रक्तपित्तहरं हिमम् ||१३||",,धान्यवर्गः,Virya: शीत,"सर, रुच्य, वातकृत्, कफशोथहृत्, बल्य, रुचिकर, मेध्य, रक्तपित्तहर",,
BPN_0771,पट्टशाकः,"पट्टशाक, नाडीक, नाडीशाक","पट्टशाकस्तु नाडीको नाडीशाकश्च स स्मृतः |

नाडीको रक्तपित्तघ्नो विष्टम्भो वातकोपनः ||१४||",,धान्यवर्गः,,"रक्तपित्तघ्न, विष्टम्भ, वातकोपन",,
BPN_0772,कलम्बी,"कलम्बी, शतपर्वी ","कलम्बी शतपर्वी च कथ्यन्ते तद्गुणा अथ |

कलम्बी स्तन्यदा प्रोक्ता मधुरा शुक्रकारिणी ||१५||",,धान्यवर्गः,Rasa: मधुरा,"स्तन्यदा, शुक्रकारिणी",,
BPN_0773,"लोणी, बृहल्लोणी","लोणा, लोणी, घोटिका ","लोणा लोणी च कथिता बृहल्लोणी तु घोटिका |

लोणी रूक्षा स्मृता गुर्वी वातश्लेष्महरी पटुः |

अर्शोघ्नी दीपनी चाम्ला मन्दाग्निविषनाशिनी ||१६||

घोटिकाऽम्ला सरा चोष्णा वातकृत्कफपित्तहृत् |

वाग्दोषव्रणगुल्मघ्नी श्वासकासप्रमेहनुत् |

शोथलोचनरोगे च हिता तज्ज्ञैरुदाहृता ||१७||",,धान्यवर्गः,,,,
BPN_0774,लोणी,"लोणा, लोणी, ",,,धान्यवर्गः,"Rasa: अम्ला | Guna: रूक्षा, गुर्वी","वात-श्लेष्म-हरी, पटु, अर्शोघ्नी, दीपनी, मन्दाग्निविषनाशिनी",,
BPN_0775,घोटिका,"बृहल्लोणी, घोटिका ",,,धान्यवर्गः,Rasa: अम्ला | Virya: उष्णा,"सरा, वातकृत् कफ-पित्तहृत्, वाग्दोष-व्रण-गुल्मघ्नी, श्वास-कास-प्रमेहनुत्, शोथ-लोचनरोगहिता",,
BPN_0776,चाङ्गेरी,"चाङ्गेरी, चुक्रिका, दन्तशठा, अम्बष्ठा, अम्ललोणिका, अश्मन्तक, शफरी, कुशली, अम्लपत्रक ","चाङ्गेरी चुक्रिका दन्तशठाम्बष्ठाऽम्ललोणिका |

अश्मन्तकस्तु शफरी पिसली चाम्लपत्रका ||१८||

चाङ्गेरी दीपनी रुच्या रूक्षोष्णा कफवातनुत् |

पित्तलाऽम्ला ग्रहण्यर्शःकुष्ठातीसारनाशिनी ||१९||",,धान्यवर्गः,Rasa: अम्ला | Guna: रूक्ष | Virya: उष्णा,"दीपनी, रुच्या, कफवातनुत्, पित्तला, ग्रहणी, अर्शः-कुष्ठा-अतीसारनाशिनी",,
BPN_0777,चुक्रिका,"चुक्रिका, पत्राम्ला, रोचनी, शतवेधिनी ","चुक्रिका स्यात्तु पत्राम्ला रोचनी शतवेधिनी |

चुक्रा त्वम्लतरा स्वाद्वी वातघ्नी कफपित्तकृत् |

रुच्या लघुतरा पाके वृन्ताकेनातिरोचनी ||२०||",,धान्यवर्गः,Rasa: अम्ला,"रोचनी, शतवेधिनी, अम्लतरा, स्वाद्वी, वातघ्नी, कफ-पित्तकृत्, रुच्या, लघुतरा, वृन्ताकातिरोचनी",,
BPN_0778,चञ्चुकी,"चिञ्चा, चञ्चु, चञ्चुकी दीर्घपत्रा, सतिक्तका  ","चिञ्चा चञ्चुश्चञ्चुकी च दीर्घपत्रा सतिक्तका |

चञ्चुः शीता सरा रुच्या स्वाद्वी दोषत्रयापहा |

धातुपुष्टिकरी बल्या मेध्या पिच्छिलका स्मृता ||२१||",,धान्यवर्गः,Guna: पिच्छिलका | Virya: शीता,"सरा, रुच्या, स्वाद्वी, दोषत्रयापहा, धातुपुष्टिकरी, बल्या, मेध्या, पिच्छिलका",,
BPN_0779,हिलमोचिका,"ब्राह्मी, शङ्खधरा, आचारी, मत्स्याक्षी, हिलमोचिका ","ब्राह्मी शङ्खधराऽऽचारी ब्राह्मी च हिलमोचिका |

शोथं कुष्ठं कफं पित्तं हरते हिलमोचिका ||२२||",,धान्यवर्गः,,शोथ-कुष्ठ-कफ-पित्तहर,,
BPN_0780,शितिवारः,"शितिवार, शितिवर, स्वस्तिक, सुनिषण्णक, श्रीवारक, सूचिपत्र, पर्णक, कुक्कुट, शिखी ","शितिवारः शितिवरः स्वस्तिकः सुनिषण्णकः |

श्रीवारकः सूचिपत्रः पर्णकः कुक्कुटः शिखी ||२३||

चाङ्गेरीसदृशः पत्रैश्चतुर्दल इतीरितः |

शाको जलान्वितो देशे चतुष्पत्रीति चोच्यते ||२४||

सुनिषण्णो हिमो ग्राही मोहदोषत्रयापहः |

अविदाही लघुः स्वादुः कषायो रूक्षदीपनः |

वृष्यो रुच्यो ज्वरश्वासमेहकुष्ठभ्रमप्रणुत् ||२५||",,धान्यवर्गः,"Rasa: स्वादु, कषाय | Guna: लघु, रूक्ष | Virya: शीत","ग्राही, मेदो-दोषत्रयापह, अविदाही, दीपन, वृष्य, रुच्यो, ज्वर-श्वास-मेह-कुष्ठ-भ्रमप्रणुत्",,
BPN_0781,मूलकपत्रम्,,"पाचनं लघुः रुच्योष्णं पत्रं मूलकजं नवम् |

स्नेहसिद्धं त्रिदोषघ्नमसिद्धं कफपित्तकृत् ||२६||",,धान्यवर्गः,"Guna: लघु, उष्ण","पाचन, रुच्योष्ण, मूलकज, स्नेहसिद्ध-त्रिदोषघ्न, असिद्ध-कफ-पित्तकृत्",,
BPN_0782,द्रोणपुष्पी पत्रम्,,"द्रोणपुष्पीदलं स्वादु रूक्षं गुरु च पित्तकृत् |

भेदनं कामलाशोथमेहज्वरहरं कटु ||२७||",,धान्यवर्गः,"Rasa: कटु, स्वादु | Guna: रूक्ष, गुरु","पित्तकृत्, भेदन, कामला-शोथ-मेह-ज्वरहर",,
BPN_0783,यवानीशाकम्,,"यवानीशाकमाग्नेयं रुच्यं वातकफप्रणुत् |

उष्णं कटु च तिक्तं च पित्तलं लघुशूलहृत् ||२८||",,धान्यवर्गः,"Rasa: कटु, तिक्त, | Guna: लघु | Virya: उष्ण","आग्नेय, रुच्य, वात-कफ-प्रणुत्, पित्तल, शूलहृत्",,
BPN_0784,दद्रुघ्नपत्रम्,,"दद्रुघ्नपत्रं दोषघ्नमस्रवातकफापहम् |

कण्डूकासक्रिमिश्वासदद्रुकुष्ठप्रणुल्लघु ||२९||",,धान्यवर्गः,Rasa: अम्ल | Guna: लघु,"दोषघ्न, वात-कफापह, कण्डू-कास-क्रिमि-श्वास-दद्रु-कुष्ठप्रणुत्",,
BPN_0785,सेहुण्डः,,"सेहुण्डस्य दलं तीक्ष्णं दीपनं रोचनं हरेत् |

आध्मानाष्ठीलिकागुल्मशूलशोथोदराणि च ||३०||",,धान्यवर्गः,Guna: तीक्ष्ण,"दीपन, रेचन, आध्मान-अष्ठीलिका-गुल्म-शूल-शोथोदराहर",,
BPN_0786,पर्पटः,,"पर्पटो हन्ति पित्तास्रज्वरतृष्णाकफभ्रमान् |

संग्राही शीतलस्तिक्तो दाहनुद्वातलो लघु ||३१||",,धान्यवर्गः,Rasa: तिक्त | Guna: लघु | Virya: शीतल,"पित्ता-अस्र-ज्वर-तृष्णा-कफ-भ्रमहर, संग्राही, दाहनुत्, वातल",,
BPN_0787,गोजिह्वा,,गोजिह्वा कुष्ठमेहास्रकृच्छ्रज्वरहरी लघुः ||३२||,,धान्यवर्गः,Guna: लघु,कुष्ठ-मेहा-अस्र-कृच्छ्र-ज्वरहरी,,
BPN_0788,पटोलपत्रम्,,"पटोलपत्रं पित्तघ्नं दीपनं पाचनं लघु |

स्निग्धं वृष्यं तथोष्णं च ज्वरकासक्रिमिप्रणुत् ||३३||",,धान्यवर्गः,"Guna: लघु, स्निग्ध | Virya: उष्ण","पित्तघ्न, दीपन, पाचन, वृष्य, ज्वर-कास-क्रिमि-प्रणुत्",,
BPN_0789,गुडुचीपत्रम्,,"गुडूचीपत्रमाग्नेयं सर्वज्वरहरं लघु |

कषायं कटु तिक्तं च स्वादुपाकं रसायनम् ||३४||

बल्यमुष्णं च संग्राहि हन्याद्दोषत्रयं तृषाम् |

दाहप्रमेहवातासृक्कामलाकुष्ठपाण्डुताः ||३५||",,धान्यवर्गः,"Rasa: कषाय, कटु, तिक्त, | Guna: लघु | Virya: उष्ण | Vipaka: स्वादु","आग्नेय, सर्वज्वरहर, रसायन, बल्य, संग्राहि, दोषत्रयहर, तृषा-दाह-प्रमेह-वाता-असृक्-कामला-कुष्ठ-पाण्डुतापह",,
BPN_0790,कासमर्दः,"कासमर्द, अरिमर्द, कासारि, कर्कश","कासमर्दोऽरिमर्दश्च कासारिः कर्कशस्तथा |

कासमर्ददलं रुच्यं वृष्यं कासविषास्रनुत् |

मधुरं कफवातघ्नं पाचनं कण्ठशोधनम् |

विशेषतः कासहरं पित्तघ्नं ग्राहकं लघु ||३६||",,धान्यवर्गः,Rasa: मधुर | Guna: लघु,"रुच्य, वृष्य, कास-विषा-अस्रनुत्, कफ-वातघ्न, पाचन, कण्ठशोधन, विशेषकासहर, पित्तघ्न, ग्राहक",,
BPN_0791,चणकशाकम्,,"रुच्यं चणकशाकं स्याद् दुर्जरं कफवातकृत् |

अम्लं विष्टम्भजनकं पित्तनुद्दन्तशोथहृत् ||३७||",,धान्यवर्गः,Rasa: अम्ल,"रुच्य, दुर्जर, कफ-वातकृत्, विष्टम्भजनक, पित्तनुत्, दृन्तशोथहृत्",,
BPN_0792,कलायशाकम्,,कलायशाकं भेदि स्याल्लघु तिक्तं त्रिदोषजित् ||३८||,,धान्यवर्गः,Rasa: तिक्त | Guna: लघु,"भेदि, त्रिदोषजित्",,
BPN_0793,सर्षपं शाकम्,,"कटुकं सार्षपं शाकं बहुमूत्रमलं गुरु |

अम्लपाकं विदाहि स्यादुष्णं रूक्षं त्रिदोषजित् |

सक्षारलवणं तीक्ष्णं स्वादु शाकेषु निन्दितम् ||३९||",,धान्यवर्गः,"Rasa: स्वादु, कटु, सक्षारलवणं | Guna: गुरु, रूक्ष, तीक्ष्ण, | Virya: उष्ण | Vipaka: अम्ल","बहुमूत्रमल, विदाहि, त्रिदोषकृत्, सक्षारलवण, शाकनिन्दित",,
BPN_0794,"पुष्पशाकानि, अगस्तिपुष्पम्",,"अगस्तिकुसुमं शीतं चातुर्थिकनिवारणम् |

नक्तान्ध्यनाशनं तिक्तं कषायं कटुपाकि च |

पीनसश्लेष्मपित्तघ्नं वातघ्नं मुनिभिर्मतम् ||४०||",,धान्यवर्गः,"Rasa: तिक्त, कषाय, , | Virya: शीत | Vipaka: कटु","चातुर्थिकनिवारण, नक्तान्ध्यनाशन, पीनस-श्लेष्म-पित्तघ्न, वातघ्न",,
BPN_0795,कदलीपुष्पम्,,"कदल्याः कुसुमं स्निग्धं मधुरं तुवरं गुरु |

वातपित्तहरं शीतं रक्तपित्तक्षयप्रणुत् ||४१||",,धान्यवर्गः,"Rasa: मधुर, तुवर | Guna: स्निग्ध, गुरु | Virya: शीत","वात-पित्तहर, रक्त-पित्त-क्षयप्रणुत्",,
BPN_0796,शिग्रोः मधुशिग्रोः पुष्पम्,,"मधुशिग्रु, शोभाञ्जनपुष्प

शिग्रोः पुष्पं तु कटुकं तीक्ष्णोष्णं स्नायुशोथकृत् |

कृमिहृत्कफवातघ्नं विद्रधिप्लीहगुल्मजित् |

मधु शिग्रोस्त्वक्षिहितं रक्तपित्तप्रसादनम् ||४२||",,धान्यवर्गः,Rasa: कटु | Guna: तीक्ष्ण | Virya: उष्ण,"स्नायुशोथनुत्, कृमिहृत्, कफ-वातघ्न, विद्रधि-प्लीह-गुरुम-जित्, अक्षिहित, रक्त-पित्त-प्रसादन",,
BPN_0797,शाल्मलीपुष्पम्,,"शाल्मलीपुष्पशाकं तु घृतसैन्धवसाधितम् |

प्रदरं नाशयत्येव दुःसाध्यं च न संशयः ||४३||

रसे पाके च मधुरं कषायं शीतलं गुरु |

कफपित्तास्रजिद् ग्राहि वातलं च प्रकीर्तितम् ||४४||",,धान्यवर्गः,"Rasa: मधुर, कषाय, | Guna: गुरु | Virya: शीतल | Vipaka: मधुर","कफपित्त अस्रजित्, ग्राहि, वातल",,
BPN_0798,"फलशाकानि, कूष्माण्डम्","कूष्माण्ड, पुष्पफल, पीतपुष्प, बृहत्फल  ","कूष्माण्डं स्यात्पुष्पफलं पीतपुष्पं बृहत्फलम् |

कूष्माण्डं बृंहणं वृष्यं गुरु पित्तास्रवातनुत् |

बालं पित्तापहं शीतं मध्यमं कफकारकम् ||४५||

वृद्धं नातिहिमं स्वादु सक्षारं दीपनं लघु |

बस्तिशुद्धिकरं चेतोरोगहृत्सर्वदोषजित् ||४६||",,धान्यवर्गः,"Rasa: स्वादु | Guna: , गुरु | Virya: शीत","बृंहण, वृष्य, पित्ता-अस्रवातनुत्,,",,
BPN_0799,बाल,,,,धान्यवर्गः,Virya: शीत,"बाल, पित्तापह",,
BPN_0800,मध्यम,,,,धान्यवर्गः,,"मध्यम, कफकारक,",,
BPN_0801,वृद्ध,,,,धान्यवर्गः,Rasa: स्वादु | Guna: लघु,"वृद्धंनातिहिम, सक्षार, दीपन, बस्तिशुद्धिकर, चेतोरोगहृत्, सर्वदोषजित्",,
BPN_0802,कूष्माण्डी,"कुष्माण्डी, कर्कारु ","कूष्माण्डी तु भृशं लघ्वी कर्कारुरपि कीर्तिता |

कर्कारुर्ग्राहिणी शीता रक्तपित्तहरा गुरुः |

पक्वा तिक्ताऽग्निजननी सक्षारा कफवातनुत् ||४७||",,धान्यवर्गः,Guna: गुरु | Virya: शीता,"ग्राहिणी, रक्त-पित्तहरा",,
BPN_0803,पक्वा,,,,धान्यवर्गः,Rasa: तिक्त,"अग्निजननी, सक्षारा, कफ-वातनुत्",,
BPN_0804,अलाबुः - दीर्घा वर्तुला च,"अलाबू, तुम्बी ","अलाबूः कथिता तुम्बी द्विधा दीर्घा च वर्तुला |

मिष्टतुम्बीफलं हृद्यं पित्तश्लेष्मापहं गुरु |

वृष्यं रुचिकरं प्रोक्तं धातुपुष्टिविवर्धनम् ||४८|||",,धान्यवर्गः,Guna: गुरु,"हृद्य, पित्त-श्लेष्मा-पह, वृष्य, रुचिकर, धातुपुष्टिविवर्धन",,
BPN_0805,कटुतुम्बी,"इक्ष्वाकु, कटुतुम्बी, तुम्बी, महाफला ","इक्ष्वाकुः कटुतुम्बी स्यात्सा तुम्बी च महाफला |

कटुतुम्बी हिमा हृद्या पित्तकासविषापहा |

तिक्ता कटुर्विपाके च वातपित्तज्वरान्तकृत् ||४९||",,धान्यवर्गः,"Rasa: तिक्ता, , | Virya: शीता | Vipaka: कटु","हृद्या, पित्त-कास-विषापहा, वात-पित्त-ज्वरान्तकृत्",,
BPN_0806,कर्कटी,"एर्वारु, कर्कटी ","एर्वारुः कर्कटी प्रोक्ता कथ्यन्ते तद्गुणा अथ |

कर्कटी शीतला रूक्षा ग्राहिणी मधुरा गुरुः |

रुच्या पित्तहरा सामा पक्वा तृष्णाऽग्निपित्तकृत् ||५०||",,धान्यवर्गः,"Rasa: मधुरा | Guna: रूक्षा, गुरु | Virya: शीतला","रुच्या, पित्तहरा, सामा, तृष्णाऽ-अग्नि-पित्तकृत्, ग्राहिणी",,
BPN_0807,चिचिण्डः,,"चिचिण्डः श्वेतराजिः स्यात्सुदीर्घो गृहकूलकः |

चिचिण्डो वातपित्तघ्नो बल्यः पथ्यो रुचिप्रदः |

शोषणोऽतिहितः किञ्चिद् गुणैर्न्यूनः पटोलतः ||५१||",,धान्यवर्गः,,"वात-पित्तघ्न, बल्य, पथ्य, रुचिप्रद, शोषण, अतिहित, गुणन्यून",,
BPN_0808,कारवेल्लं कारवेल्ली च,"कारवेल्ल, कठिल्ल, कारवेल्ली ","कारवेल्लं कठिल्लं स्यात्कारवेल्ली ततो लघुः |

कारवेल्लं हिमं भेदि लघु तिक्तमवातलम् |

ज्वरपित्तकफास्रघ्नं पाण्डुमेहकृमीन्हरेत् |

तद्गुणा कारवेल्ली स्याद्विशेषाद्दीपनी लघुः ||५२||",,धान्यवर्गः,Rasa: तिक्त | Guna: लघु | Virya: शीत,"भेदि, अवातल, ज्वर-पित्त-कफा-अस्रघ्न, पाण्डु-मेह-कृमीहर, विशेषाद्दीपनी",,
BPN_0809,महाकोशातकी,"महाकोशातकी, हस्तिघोषा, महाफला, धामार्गव, घोषक, हस्तिपर्ण ","महाकोशातकी प्रोक्ता हस्तिघोषा महाबला |

धामार्गवो घोषकश्च हस्तिपर्णश्च स स्मृतः |

महाकोशातकी स्निग्धा रक्तपित्तानिलापहा ||५३||",,धान्यवर्गः,Guna: स्निग्धा,रक्त-पित्ता-अनिलापहा,,
BPN_0810,राजकोशातकी,"धामार्गव, पीतपुष्प, जालिनी, कृतवेधा, राजकोशातकी, राजिमस्फला  ","धामार्गवः पीतपुष्पो जालिनी कृतवेधना |

राजकोशातकी चेति तथोक्ता राजिमत्फला ||५४||

राजकोशातकी शीता मधुरा कफवातकृत् |

पित्तघ्नी दीपनी श्वासज्वरकासकृमिप्रणुत् ||५५||",,धान्यवर्गः,Rasa: मधुरा | Virya: शीता,"कफ-वात-कृत्, पितघ्नी, दीपनी, श्वास-ज्वर-कास-कृमि-प्रणुत्",,
BPN_0811,पटोलः,"पटोल, कुलक, तिक्त, पाण्डुक, कर्कशच्छद, राजीफल, पाण्डुफल, राजेय, अमृतफल, बीजगर्भ, प्रतीक, कुष्ठहा, कासभञ्जन  ","पटोलः कूलकस्तिक्तः पाण्डुकः कर्कशच्छदः |

राजीफलः पाण्डुफलो राजेयश्चामृतफलः |

बीजगर्भः प्रतीकश्च कुष्ठहा कासभञ्जनः ||५६||

पटोलं पाचनं हृद्यं वृष्यं लघ्वग्निदीपनम् |

स्निग्धोष्णं हन्ति कासास्रज्वरदोषत्रयक्रिमीन् ||५७||

",,धान्यवर्गः,"Guna: लघु, स्निग्ध | Virya: उष्ण","पाचन, हृद्य, वृष्य, अग्निदीपन, कासा-अस्र-ज्वर-दोषत्रय-क्रिमीहर",,
BPN_0812,अथ पटोलस्य मूल नाल पत्र फलानां गुणानाह,,"पटोलस्य भवेन्मूलं विरेचनकरं सुखात् |

नालं श्लेष्महरं पत्रं पित्तहारी फलं पुनः |

दोषत्रयहरं प्रोक्तं तद्वत्तिक्ता पटोलिका ||५८||",,धान्यवर्गः,,मूलं विरेचनकर; नालं श्लेष्महर; पत्रं पित्तहारी; फलं दोषत्रयहर,,
BPN_0813,"बिम्बी (कुन्दुरी, कन्दूरी)","बिम्बी, रक्तफला, तुण्डी, तुण्डीकेरी, बिम्बिका, ओष्ठोपमफला, पीलुपर्णी  ","बिम्बी रक्तफला तुण्डी तुण्डीकेरी च बिम्बिका |

ओष्ठोपमफला प्रोक्ता पीलुपर्णी च कथ्यते ||५९||

बिम्बीफलं स्वादु शीतं गुरु पित्तास्रवातजित् |

स्तम्भनं लेखनं रुच्यं विबन्धाध्मानकारकम् ||६०||",,धान्यवर्गः,Rasa: स्वादु | Guna: गुरु | Virya: शीत,"पित्तास्रवातजित्, स्रंभन, लेखन, रुच्य, विबन्धाध्मानकारक",,
BPN_0814,शिम्बीः - पुस्तशिम्बी च,"शिम्बी, पुस्तशिम्बि, पुस्तकशिम्बिका ","शिम्बिः शिम्बी पुस्तशिम्बी तथा पुस्तकशिम्बिका |

शिम्बीद्वयं च मधुरं रसे पाके हिमं गुरु |

बल्यं दाहकरं प्रोक्तं श्लेष्मलं वातपित्तजित् ||६१||",,धान्यवर्गः,Rasa: मधुर | Guna: गुरु | Virya: शीत | Vipaka: मधुर,"बल्य, दाहकर, श्लेष्मल, वात-पित्तजित्",,
BPN_0815,कोलशिम्बिः,"कोलशिम्बि, कृष्णफला, पर्यङ्कपट्टिका ","
कोलशिम्बिः कृष्णफला तथा पर्यङ्कपट्टिका |

कोलशिम्बिः समीरघ्नी गुर्व्युष्णा कफपित्तकृत् |

शुक्राग्निसादकृत् वृष्या रुचिकृद् बद्धविड्गुरुः ||६२||",,धान्यवर्गः,Guna: गुरु | Virya: उष्ण,"समीरघ्नी, कफ-पित्तकृत्, शुक्रा-अग्नि-सादकृत्, वृष्या, रुचिकृत्, बद्धविड्",,
BPN_0816,शोभाञ्जनफलम्,,"फलं सौभाञ्जनं स्वादु कषायं कफपित्तनुत् |

शूलकुष्ठक्षयश्वासगुल्महृद् दीपनं परम् ||६३||",,धान्यवर्गः,"Rasa: स्वादु, कषाय","कफपित्तनुत्, शूल-कुष्ठ-क्षय-श्वास-गुल्महृत्, दीपन",,
BPN_0817,वृन्ताकम्,"वृन्ताक, वार्त्ताकु, भण्टाकी, भाण्टिका","वृन्ताकं स्त्री तु वार्त्ताकुर्भण्टाकी भाण्टिकापि च |

वृन्ताकं स्वादु तीक्ष्णोष्णं कटुपाकमपित्तलम् |

ज्वरवातबलासघ्नं दीपनं शुक्रलं लघु ||६४||

",,धान्यवर्गः,"Rasa: स्वादु | Guna: लघु, तीक्ष्ण, उष्ण | Vipaka: कटु","अपित्तल, ज्वर-वात-बलासघ्न, दीपन, शुक्रल",,
BPN_0818,अथ तद्बालवृद्धफलयोर्गुणानाह,,"तद्बालं कफपित्तघ्नं वृद्धं पित्तकरं लघु |

वृन्ताकं पित्तलं किञ्चिदङ्गारपरिपाचितम् ||६५||

कफमेदोऽनिलामघ्नमत्यर्थं लघु दीपनम् |

तदेव हि गुरु स्निग्धं सतैलं लवणान्वितम् ||६६||

अपरं श्वेतवृन्ताकं कुक्कुटाण्डसमं भवेत् |

तदर्शःसु विशेषेण हितं हीनं च पूर्वतः ||६७||",,धान्यवर्गः,Guna: गुरु,"कफ-पित्तघ्न, पित्तकर",,
BPN_0819,अथ अङ्गारपरिपाचित वृन्ताक फलगुणानाह,,"तद्बालं कफपित्तघ्नं वृद्धं पित्तकरं लघु |

वृन्ताकं पित्तलं किञ्चिदङ्गारपरिपाचितम् ||६५||

कफमेदोऽनिलामघ्नमत्यर्थं लघु दीपनम् |

तदेव हि गुरु स्निग्धं सतैलं लवणान्वितम् ||६६||

अपरं श्वेतवृन्ताकं कुक्कुटाण्डसमं भवेत् |

तदर्शःसु विशेषेण हितं हीनं च पूर्वतः ||६७||",,धान्यवर्गः,Guna: लघु,"पित्तल, किञ्चिदङ्गारपरिपाचित, कफ-मेदो-अनिल-आमघ्न, दीपन",,
BPN_0820,अथ तैल लवणान्वितवृन्ताकस्य श्वेतवृन्ताकस्य च गुणानाह,,"तद्बालं कफपित्तघ्नं वृद्धं पित्तकरं लघु |

वृन्ताकं पित्तलं किञ्चिदङ्गारपरिपाचितम् ||६५||

कफमेदोऽनिलामघ्नमत्यर्थं लघु दीपनम् |

तदेव हि गुरु स्निग्धं सतैलं लवणान्वितम् ||६६||

अपरं श्वेतवृन्ताकं कुक्कुटाण्डसमं भवेत् |

तदर्शःसु विशेषेण हितं हीनं च पूर्वतः ||६७||",,धान्यवर्गः,"Guna: गुरु, स्निग्ध","सतैल, लवणान्वित, कुक्कुटाण्डसम, अर्शःसुविशेषहित, हीन",,
BPN_0821,डिण्डिशः,"डिण्डिश, रोमशफल, मुनिनिर्मित","डिण्डिशो रोमशफलो मुनिनिर्मित इत्यपि |

डिण्डिशो रुचिकृद्भेदी पित्तश्लेष्मापहः स्मृतः |

शीतलो वातकृद्रूक्षो मूत्रलश्चाश्मरीहरः ||६८||",,धान्यवर्गः,Guna: रूक्ष | Virya: शीत,"रुचिकृत्, भेदी, पित्त-श्लेष्मा-पह, वातल, मूत्रल, अश्मरीहर",,
BPN_0822,पिण्डारम्,,"पिण्डारं शीतलं बल्यं पित्तघ्नं रुचिकारकम् |

पाके लघु विशेषेण विषशान्तिकरं स्मृतम् ||६९||",,धान्यवर्गः,Guna: लघु | Virya: शीतल,"बल्य, पित्तघ्न, रुचिकारक, विशेषविषशान्तिकर",,
BPN_0823,कर्कोटी,"कर्कोटकी, पीतपुष्पा, महाजाली ","कर्कोटकी पीतपुष्पा महाजालीति चोच्यते |

कर्कोटी मलहृत्कुष्ठहृल्लासारुचिनाशिनी |

श्वासकासज्वरान्हन्ति कटुपाका च दीपनी ||७०||",,धान्यवर्गः,Vipaka: कटु,"मलहृत्, कुष्ठ-हृल्लासा-अरुचि-नाशिनी, श्वास-कास-ज्वरहर, दीपनी",,
BPN_0824,डोडिका,"डोडिका, विषमुष्टि, डोडी, सुमुष्टिका ","डोडिका विषमुष्टिश्च डोडीत्यपि सुमुष्टिका |

डोडिका पुष्टिदा वृष्या रुच्या वह्निप्रदा लघुः |

हन्ति पित्तकफार्शांसि कृमिगुल्मविषामयान् ||७१||",,धान्यवर्गः,"Guna: लघु,","पुष्टिदा, वृष्या, रुच्या, वह्निप्रदा, पित्त-कफा-आर्श-कृमि-गुल्म-विषा-आमया-पह",,
BPN_0825,कण्टकारीफलम्,,"कण्टकारीफलं तिक्तं कटुकं दीपनं लघु |

रूक्षोष्णं श्वासकासघ्नं ज्वरानिलकफापहम् ||७२||",,धान्यवर्गः,"Rasa: तिक्त, कटु, | Guna: लघु, रूक्ष | Virya: उष्ण","दीपन, श्वासकासघ्न, ज्वरा-अनिल-कफापह",,
BPN_0826,"नालशाकानि, सार्षपनालम्",,"तीक्ष्णोष्णं सार्षपं नालं वातश्लेष्मव्रणापहम् |

कण्डूवमिहरं दद्रुकुष्ठघ्नं रुचिकारकम् ||७३||",,धान्यवर्गः,Guna: तीक्ष्ण | Virya: उष्ण,"वात-श्लेष्म-व्रणापह, कण्डू-कृमिहर, दद्रु-कुष्ठघ्न, रुचिकारक",,
BPN_0827,"कन्दशाकानि, सुरणम्","सूरन, कन्द, ओल, कन्दल, अर्शोघ्न ","सूरणः कन्द ओलश्च कन्दलोऽर्शोघ्न इत्यपि |

सूरणो दीपनो रूक्षः कषायः कण्डुकृत् कटुः |

विष्टम्भी विशदो रुच्यः कफार्शः कृन्तनो लघुः ||७४||

विशेषादर्शसे पथ्यः प्लीहगुल्मविनाशनः |

सर्वेषां कन्दशाकानां सूरणः श्रेष्ठ उच्यते ||७५||

दद्रूणां कुष्ठिनां रक्तपित्तिनां न हितो हि सः |

सन्धानयोगं सम्प्राप्तः सूरणो गुणवत्तरः ||७६||",,धान्यवर्गः,"Rasa: कषाय, कटु, विशद | Guna: रूक्ष, लघु","कण्डुकृत्, विष्टम्भी, रुच्य, कफा-आर्शःकृन्तन, विशेषादर्शसपथ्य, प्लीह-गुल्म-विनाशन, श्रेष्ठ, दद्रू-कुष्टि-रक्त-पित्ताहित, सन्धानयोगसम्प्राप्त, गुणवत्तर, दीपन",,
BPN_0828,आलुकम्,"आरूक, वीरसेन, वीर, वीरारुक, आरुक, आलुक, वीरसेनक","आरुकमप्यालुकं तत्कथितं वीरसेनकम् |

काष्ठालुकशङ्खालुकहस्त्यालुकानि कथ्यन्ते |

पिण्डालुकसप्तालुकरक्तालुकानिचोक्तानि ||७७||

आलुकं शीतलं सर्वं विष्टम्भि मधुरं गुरु |

सृष्टमूत्रमलं रूक्षं दुर्जरं रक्तपित्तनुत् |

कफानिलकरं बल्यं वृष्यं स्वल्पाग्निवर्द्धनम् ||७८||",,धान्यवर्गः,"Rasa: मधुर | Guna: रूक्ष, गुरु | Virya: शीतल","सर्वविष्टम्भि, सृष्टमूत्र-मल, दुर्जर, रक्त-पित्तनुत्, कफा-अनिलकर, बल्य, वृष्य, स्वल्पाग्निवर्द्धन",,
BPN_0829,आलुकी,आलुकी ,"रक्तालुभेदे या दीर्घा तन्वी च पृथुतालुकी |

आलुकी बलकृत्स्निग्धा गुर्वी हृत्कफनाशिनी |

विष्टम्भकारिणी तैले तलिताऽतिरुचिप्रदा ||७९||",,धान्यवर्गः,"Guna: स्निग्धा, गुरु","बलकृत्, हृत्कफनाशिनी, विष्टम्भकारिणी,  तैलतलिताऽतिरुचिप्रदा",,
BPN_0831,लघुमूलं,"लघुमूलक, शालामर्कटक, विस्र, शालेय, मरुसंभव, चाणक्यमूलक, तीक्ष्ण, मूलकपोतिका ",,,धान्यवर्गः,Rasa: कटु | Guna: लघु | Virya: उष्ण,"रुच्य, पाचन, दोषत्रयहर, स्वर्य, ज्वर-श्वास-विनाशन, नासिका-कण्ठरोगघ्न, नयनामयनाशन",,
BPN_0832,महत्,,,,धान्यवर्गः,"Guna: रूक्ष, गुरु | Virya: उष्ण","दोषत्रयप्रद, स्नेहसिद्ध, दोषत्रयविनाशन",,
BPN_0833,गृज्जनकम्,"गृज्जन, गाजर, नारङ्गवर्णक ","गृञ्जनं गाजरं प्रोक्तं तथा नारङ्गवर्णकम् |

गाजरं मधुरं तीक्ष्णं तिक्तोष्णं दीपनं लघु |

संग्राहि रक्तपित्तार्शोग्रहणीकफवातजित् ||८४||",,धान्यवर्गः,"Rasa: मधुर, तिक्त | Guna: लघु, तीक्ष्ण | Virya: उष्ण","दीपन, संग्राहि, रक्त-पित्ता-आर्शो-ग्रहणी-कफ-वात-जित्",,
BPN_0834,कदलीकन्दः,,"शीतलः कदलीकन्दो बल्यः केश्योऽम्लपित्तजित् |

वह्निकृद्दाहहारी च मधुरो रुचिकारकः ||८५||",,धान्यवर्गः,Rasa: मधुर | Virya: शीतल,"बल्य, केश्य, अम्लपित्तजित्, वह्निकृत्, दाहहारी, रुचिकारक",,
BPN_0835,मानकन्दः,महापत्र ,"मानकः स्यान्महापत्रः कथ्यन्ते तद्गुणा अथ |

मानकः शोथहृच्छीतो रक्तपित्तहरो लघुः ||८६||",,धान्यवर्गः,Guna: लघु | Virya: शीत,"शोथहृत्, रक्त-पित्तहर",,
BPN_0836,वाराहीकन्दः,,"वाराही पित्तला बल्या कट्वी तिक्ता रसायनी |

आयुःशुक्राग्निकृन्मेहकफकुष्ठानिलापहा ||८७||",,धान्यवर्गः,"Rasa: कटु, तिक्ता,","पित्तला, बल्या, रसायनी, आयुः-शुक्रा-अग्नि-कृत् -मेह-कफ-कुष्ठा-अनिलापहा",,
BPN_0837,हस्तिकर्णा,"गजकर्णा, हस्तिकर्णा","गजकर्णा तु तिक्तोष्णा तथा वातकफाञ्जयेत् |

शीतज्वरहरी स्वादुः पाके तस्यास्तु कन्दकः ||८८||

पाण्डुशोथकृमिप्लीहगुल्मानाहोदरापहः |

ग्रहण्यर्शोविकारघ्नो वनसूरणकन्दवत् ||८९||",,धान्यवर्गः,"Rasa: , तिक्त, | Virya: उष्णा","वात-कफाञ्जय, ,",,
BPN_0838,कन्द,,,,धान्यवर्गः,Virya: शीत | Vipaka: स्वादु,"ग्रहणी -अर्शविकारघ्नी, ज्वरहरी,पाण्डु-शोथ-कृमि-प्लीह-गुल्मा-आनाहोदरापह",,
BPN_0839,केमुकम्,,"केमुकं कटुकं पाके तिक्तं ग्राहि हिमं लघु |

दीपनं पाचनं हृद्यं कफपित्तज्वरापहम् |

कुष्ठकासप्रमेहास्रनाशनं वातलं कटु ||९०||",,धान्यवर्गः,"Rasa: कटु, तिक्त | Guna: लघु | Virya: शीत | Vipaka: कटु","ग्राहि, दीपन, पाचन, हृद्य, कफ-पित्त-ज्वरापह, कुष्ठ-कास-प्रमेहा-अस्रनाशन, वातल",,
BPN_0840,कसेरु चिचोढम्,"राजकसेरुक, चिचोढ ","कसेरु द्विविधं तत्तु महद्राजकसेरुकम् |

मुस्ताकृति लघु स्याद्यत्तच्चिचोढमिति स्मृतम् ||९१||

कसेरुकद्वयं शीतं मधुरं तुवरं गुरु |

पित्तशोणितदाहघ्नं नयनामयनाशनम् |

ग्राहि शुक्रानिलश्लेष्मारुचिस्तन्यकरं स्मृतम् ||९२||",,धान्यवर्गः,"Rasa: मधुर, तुवर | Guna: गुरु | Virya: शीत","पित्त-शोणित-दाहघ्न, नयनामयनाशन, ग्राहि, शुक्रा-अनिल-श्लेष्मा-अरुचि-स्तन्यकर",,
BPN_0841,शूलकम् भिस्साण्डम्,"कमलकन्द, शालूक, करहाट","पद्मादिकन्दः शालूकं करहाटश्च कथ्यते |

मृणालमूलं भिस्साण्डं लजालूकश्च कथ्यते ||९३||

शालूकं शीतलं वृष्यं पित्तदाहास्रहृद्गुरु |

दुर्जरं स्वादुपाकश्च स्तन्यानिलकफप्रदम् |

संग्राहि मधुरं रूक्षं भिस्साण्डमपि तद्गुणम् ||९४||",,धान्यवर्गः,"Guna: रूक्ष, गुरु | Virya: शीतल | Vipaka: मधुर","वृष्य, पित्त-दाह-अस्रनुत्, दुर्जर, स्तन्या-अनिल-कफप्रद,",,
BPN_0842,मृणाल,"मृणालमूल, भिस्साण्ड, जलालूक  ",,,धान्यवर्गः,Guna: रूक्ष,"संग्राहि, भिस्साण्डगुण, शलूकसमगुण",,
BPN_0844,संस्वेदजशाकानि,"संस्वेदज, भूमिच्छत्र, शिलीन्ध्रक ","उक्तं संस्वेदजं शाकं भूमिच्छत्रं शिलीन्ध्रकम् |

क्षितिगोमयकाष्ठेषु वृक्षादिषु तदुद्भवेत् ||९७||

सर्वे संस्वेदजाः शीता दोषलाः पिच्छिलाश्च ते |

गुरवश्छर्द्यतीसारज्वरश्लेष्मामयप्रदाः ||९८||

श्वेताशुभ्रस्थलीकाष्ठवंशगोव्रणसम्भवाः |

नातिदोषकरास्ते स्युः शेषास्तेभ्यो विगर्हिताः ||९९||",,धान्यवर्गः,Guna: पिच्छिल | Virya: शीता,"दोषला, गुरु -छर्दि-अतीसार-ज्वर-श्लेष्मा-आमयप्रदा, श्वेताशुचिस्थलीकाष्ठवंशगोमयसम्भव, नातिदोषकर",,
BPN_0845,अथ मांसम् । तस्य नामानि गुणाँश्चाह,,,,मांसवर्गः,Rasa: मधुर | Guna: गुरु | Vipaka: मधुर,"वातहर, बृंहण, बलपुष्टिकृत्, प्रीणन, हृद्य",,
BPN_0846,अथ जाङ्गलमांसस्य भेदान् गुणाँश्चाह,,,,मांसवर्गः,"Rasa: मधुरा | Guna: रूक्षा, तुवरा, लघु","बल्या, बृंहण, वृष्या, दीपना, दोषहारिण,  मूकता-मिन्मिंनत्व-गद्गदत्वार्दित-बाधिर्य्यमरुचिच्छर्दिप्रमेहमुखजगद-श्लीपद-गलगण्ड-अनिलामयानाशक",,
BPN_0847,अथ अनूपमांसस्य भेदान् गुणाँश्चाह,,,,मांसवर्गः,"Rasa: मधुरा | Guna: स्निग्धा, गुरव, पिच्छिला","वह्निसादना, श्लेष्मला, , मांसपुष्टिप्रदा, अभिष्यन्दिन, पथ्यतमा",,
BPN_0848,जाङ्गलाः,,,,मांसवर्गः,Guna: लघु,"पित्त-श्लेष्महरा, किञ्चिद्-वातकरा, बलवर्द्धना",,
BPN_0849,बिलेशयः,,,,मांसवर्गः,Rasa: मधुरा | Guna: उष्णा | Virya: उष्णा | Vipaka: मधुरा,"वातहरा, बृंहणा, बद्धविण्मूत्रा",,
BPN_0850,गुहाशयाः,,,,मांसवर्गः,"Rasa: मधुरा, | Guna: गुरु, स्निग्धा | Virya: उष्णा","वातहरा, बल्या, नेत्र-गुद-विकारि-हिता",,
BPN_0851,पर्णमृगाः,,,,मांसवर्गः,,"वृष्या, चतुष्या, शोषिणहिता, श्वासा-आर्शः-कास-शमना, सृष्टमूत्रपुरीषका",,
BPN_0852,विष्किराः,,,,मांसवर्गः,"Rasa: मधुरा, कषाया | Guna: लघु | Virya: शीता | Vipaka: कटु","कटुपाकिन, बल्या, वृष्या, त्रिदोषघ्ना, पथ्या",,
BPN_0853,प्रतुदाः,,,,मांसवर्गः,"Rasa: मधुरा, तुवरा | Guna: लघु | Virya: शीता","पित्त-कफघ्ना, बद्धवर्चस्का, किञ्चिद्-वातकरा",,
BPN_0854,प्रसहाः,,,,मांसवर्गः,Virya: उष्णा,शोष-भस्मक-उन्माद-शुक्र-क्षीणकर,,
BPN_0855,ग्राम्याः,,,,मांसवर्गः,Rasa: मधुरा | Vipaka: मधुरा,"वातहरा, दीपना, कफ-पित्तला, बृंहणा, बलवर्द्धना",,
BPN_0856,अनूपाः,,,,मांसवर्गः,Rasa: मधुरा | Guna: स्निग्धा | Virya: शीतला,"मरु-त्पित्त-हरा, वृष्या, बलावहा, मूत्रला, श्लेष्मवर्धना",,
BPN_0857,प्लवाः,,,,मांसवर्गः,"Rasa: मधुरा | Guna: स्निग्धा, गुरव | Virya: हिमा","वात-श्लेष्म-प्रदा, बल-शुक्र-करा, सर, पित्तहरा",,
BPN_0858,कोशस्थाः,,,,मांसवर्गः,Rasa: मधुरा | Guna: स्निग्धा | Virya: हिमा,"वात-पित्तहरा, बृंहणा, बहुवर्चस्का, वृष्या, बलवर्द्धन",,
BPN_0859,पादिनः,,,,मांसवर्गः,,कोशस्थगुणसमाः,,
BPN_0860,मत्स्याः,"मीन, विसार, झष, वैसारिण, अण्डज, शकुली, पृथुरोमा, सुदर्शन ",,,मांसवर्गः,"Rasa: मधुरा | Guna: स्निग्ध, गुरव | Virya: उष्ण","कफ-पित्तला, वातघ्ना, बृंहणा, वृष्या, रोचका, बलवर्द्धना, मद्यव्यवायासक्तदीप्ताग्निपूजिता",,
BPN_0861,अथ जङ्घालाः।  तत्र हरिणस्य मांसगुणानाह,,,,मांसवर्गः,Rasa: मधुर | Guna: लघु | Virya: शीतल | Vipaka: मधुर,"बद्धविण्मूत्र, दीपन, सुगन्धि, सन्निपातहा",,
BPN_0862,एणहरिणः,,,,मांसवर्गः,"Rasa: कषाय, मधुर","पित्ता-असृक्-कफ-वातहृत्, संग्राही, रोचन, बल्य, ज्वरप्रशमन",,
BPN_0863,कुरङ्गः,,,,मांसवर्गः,"Guna: गुरु, मधुर | Virya: शीतल","बृंहण, बल्य, पित्तहृत्, वातहृत्, ग्राही, किञ्चित्कफकर",,
BPN_0864,ऋष्यः,"नीलाण्डक, गवय, रोझ  ",,,मांसवर्गः,Rasa: मधुर | Guna: स्निग्ध | Virya: उष्ण,"कफ-पित्तल, बल्य",,
BPN_0865,पृषतः,,,,मांसवर्गः,Rasa: स्वादु | Guna: लघु | Virya: शीतल,"ग्राहक, दीपन, रोचन, श्वास-ज्वर-दोषत्रया-अस्रजित्",,
BPN_0866,न्यङ्कुः,,,,मांसवर्गः,Rasa: स्वादु | Guna: लघु,"बल्य, वृष्य, दोषत्रयापह",,
BPN_0867,साबरम्,,,,मांसवर्गः,"Rasa: मधुर | Guna: स्निग्ध, गुरु | Virya: शीतल | Vipaka: मधुर","कफद, रक्त-पित्तहृत्",,
BPN_0868,राजीवः,,,,मांसवर्गः,,पृषतसमगुणाः,,
BPN_0869,मुण्डी,,,,मांसवर्गः,Virya: हिम,ज्वर-कासा-अस्र-क्षय-श्वासापह,,
BPN_0870,"बिलेशयाः, शशः","लम्बकर्ण, शश, शूली, लोमकर्ण, बिलेशय ",,,मांसवर्गः,"Rasa: स्वादु | Guna: लघु, रूक्ष | Virya: शीत","सदाहित, वह्निकृत्, कफ-पित्तघ्न, वातसाधारण, ज्वरा-अतीसार-शोषा-अस्र-श्वास-आमयहर, ग्राही",,
BPN_0871,सेधा,शल्यक श्वावित् ,,,मांसवर्गः,,श्वास-कासा-अस्र-शोष-दोषत्रयापह,,
BPN_0872,पक्षिणः,"पक्षी, खग, विहङ्ग, विहग, विहङ्गम, शकुनि, वि, पतत्री, विष्किर, विकिर तथा अण्डज ",,,मांसवर्गः,Guna: स्निग्ध,"बलकृत्, गुरुतर",,
BPN_0873,वर्त्तकः,,,,मांसवर्गः,"Virya: शीत,","अग्निकर, ज्वर-दोषत्रयापह, सुरुच्य, शुक्रद, बल्य, वर्त्तकाल्पगुणा",,
BPN_0875,लवा,,,,मांसवर्गः,Guna: स्निग्धा,"वह्निकरा, गरघ्ना, ग्राहका, हिता",,
BPN_0876,पांशुल,,,,मांसवर्गः,Virya: उष्ण,"श्लेष्मल, वीर्य, अनिलनाशन",,
BPN_0877,गौरक,,,,मांसवर्गः,"Guna: लघुतर, रूक्ष","वह्निकारी, त्रिदोषजित्",,
BPN_0878,पौण्ड्रक,,,,मांसवर्गः,,"पित्तकृत्, किञ्चिल्लघुर्वातकफापह",,
BPN_0879,दर्भर,,,,मांसवर्गः,Virya: हिम,"रक्त-पित्तघ्न, हृदामयहर",,
BPN_0880,वार्त्तीकः,वार्त्तीचटक ,,,मांसवर्गः,Rasa: मधुर | Guna: रूक्ष | Virya: शीत,कफ-पित्तनुत्,,
BPN_0881,तित्तिरिः कृष्णवर्णः,,,,मांसवर्गः,,"बलद, ग्राही, हिक्का-दोषत्रयापह, श्वास-कास-ज्वरहर,",,
BPN_0882,गौरः कपिञ्जलः,,,,मांसवर्गः,,तस्माद्गौरो गुणाधिक,,
BPN_0883,चटकः,"कलविङ्क, कुलिङ्ग, कालकण्ठक ",,,मांसवर्गः,Rasa: स्वादु | Guna: स्निग्ध | Virya: शीतल,"शुक्र-कफ-प्रद, सन्निपातहर, वेश्मचटकश्चातिशुक्रल",,
BPN_0884,कुक्कुटः,"कुक्कुट, कृकवाकु, कालज्ञ, चरणायुध, ताम्रचूड, दक्ष, यामनादी ,शिखण्डिक",,,मांसवर्गः,"Guna: गुरु, स्निग्ध | Virya: उष्ण","बृंहण, अनिलहृत्, चक्षुष्य, शुक्र-कफकृत्, बल्य, वृष्य, कषायक",,
BPN_0885,अरण्यकुक्कुटः,वनकुक्कुट,,,मांसवर्गः,"Guna: गुरु, स्निग्ध","बृंहण, श्लेष्मल, वात-पित्त-क्षय-वमि-विषमज्वर-नाशन",,
BPN_0886,"प्रतुदाः, हारीतः",,,,मांसवर्गः,"Guna: रुक्ष, उष्ण","रक्त-पित्त-कफापह, स्वेद-स्वर-कर, इषद्-वातकर",,
BPN_0887,पाण्डुर्धवलपाण्डुः,,,,मांसवर्गः,Rasa: मधुर,"कफहर, वातघ्न ग्रहणीप्रनुत्",,
BPN_0888,र्धवलपाण्डुः,,,,मांसवर्गः,Rasa: मधुर | Virya: हिम | Vipaka: मधुर,"रक्त-पित्तहर, संग्राही, वात-शान्तिकृत्",,
BPN_0889,मयूरः,"मयूर, चन्द्रकी, केकी, मेघराव, भुजङ्गभुक्, शिखी, शिखाबल, बहीं, शिखण्डी, नीलकण्ठक, शुक्लापाङ्ग, कलापी ,मेघनादानुलासी ",,,मांसवर्गः,Rasa: मधुर | Vipaka: मधुर,"संग्राही, वात-शान्तिकृत्",,
BPN_0890,पारावतः,"पारावत, कलरव, कपोत, रक्तलोचन",,,मांसवर्गः,"Guna: गुरु, स्निग्ध | Virya: शीतल","रक्त-पित्ता-अनिलापह, संग्राही, वीर्यवर्द्धन",,
BPN_0891,पक्ष्यण्डानि,,,,मांसवर्गः,"Rasa: स्वादु | Guna: नातिस्निग्ध, गुरूणि | Vipaka: स्वादु","वृष्य, वातघ्न, अतिशुक्र",,
BPN_0892,"ग्राम्याः, छागः","छागल, बर्कर, छाग, बेस्त, अज, छेलक , स्तुभ ",,,मांसवर्गः,"Rasa: स्वादु | Guna: लघु, स्निग्ध | Vipaka: स्वादु,","त्रिदोषनुत्, नातिशीत, अदाहि, पीनस, नाशन बलकर, रुच्य, बृंहण, वीर्यवर्द्धन",,
BPN_0893,अप्रसूताजाया,,,,मांसवर्गः,,"पीनसनाशनम्, शुष्ककासा-अरुचि-शोषहितं अग्निदीपनं",,
BPN_0894,बलकाजासुतः,,,,मांसवर्गः,Guna: लघु,"लघुतर, हृद्य, ज्वरहर, श्रेष्ठ, सुखद, बलद",,
BPN_0895,अथ निष्कासिताण्ड वृद्ध व्याधिमृतानां छागानां मांसस्य चागमुण्डस्य च गुणानाह,,,,मांसवर्गः,,",",,
BPN_0896,निष्कासिताण्ड,,,,मांसवर्गः,Guna: गुरु,"कफकृत्, स्रोत, शुद्धिकर, बल्य, मांसद, वात-पित्तनुत्,",,
BPN_0897,वृद्ध,,,,मांसवर्गः,"Guna: , रूक्ष",वातल,,
BPN_0898,व्याधिमृतानां,,,,मांसवर्गः,"Guna: , रूक्ष",वातल,,
BPN_0899,छागमुण्ड,,,,मांसवर्गः,,"ऊर्ध्वजत्रुविकारघ्न, रुचिप्रद",,
BPN_0900,मेषः,"मेढ्र, मेढ, हुड, मेष, उरण, एडक, अवि, वृष्णि और ऊर्णायु ",,,मांसवर्गः,"Guna: गुरु, लघु","पुष्टिकर, पित्त-श्लेष्मकर",,
BPN_0901,एडकः,मेदःपुच्छ दुम्बक  ,,,मांसवर्गः,,"हृद्य, वृष्य, श्रमापह, पित्त-श्लेष्मकर, किञ्चिद्-वातव्याधिविनाशन",,
BPN_0902,वृषभः,"बलीवर्द, वृषभ, ऋषभ, वृष, अनड्वान् (अनडुह), सौरभेय, गौः (गो), उक्षा (लक्षन्) सुरभि, सौरभेयी, माहेयी तथा गौः (गो)",,,मांसवर्गः,"Guna: सुगुरु, स्निग्ध","पित्त-श्लेष्म-विवर्द्धन, बृंहण, वातहृत्, बल्य, अपथ्य, पीनसप्रणुत्",,
BPN_0903,अश्वः,"घोटक, अश्व, तुरग, तुरङ्ग, तुरङ्गम, बाजि, वाह, अर्व (अर्वन्) गन्धर्व, हय, सैन्धव",,,मांसवर्गः,"Rasa: तुवर, मधुर | Guna: लघु","वह्निकृत्, कफ-पित्तल, वातहृत्, बृंहण, बल्य, चक्षुष्य,",,
BPN_0904,"कूलेचराः, महिषः",,,,मांसवर्गः,"Rasa: स्वादु | Guna: स्निग्ध, गुरु | Virya: उष्ण","वातनाशन, निद्रा-शुक्रप्रद, बल्य, तनुदार्ढ्यकर, वृष्य, सृष्टविण्मूत्र, वात-पित्ता-अस्रनाशन",,
BPN_0905,मण्डूकः,"मण्डूक, प्लवग, भेक, वर्षाभू, दर्दुर ,हरि",,,मांसवर्गः,,"श्लेष्मल, नातिपित्तल, बलकारक",,
BPN_0906,"पादिनः, कच्छपः","कच्छप, गूढपाद, कूर्म, कमठ, दृढपृष्ठक",,,मांसवर्गः,,"बलद, वात-पित्तनुत्, पुंस्त्वकारक",,
BPN_0907,विशेषाः,,,,मांसवर्गः,,"वयस्य, बृंहण, सात्म्य",,
BPN_0908,अथ स्वयं मृतस्य मांसगुणानाह,,,,मांसवर्गः,Guna: गुरु,"अबल्य, अतीसारकर",,
BPN_0909,अथ वृद्धबालयोर्मांसगुणानाह,,,,मांसवर्गः,Guna: लघु,"दोषल, बलद",,
BPN_0910,अथ सर्पव्यालदष्टयोर्मांसयोः शुष्कमांसस्य च गुणानाह,,,,मांसवर्गः,,"त्रिदोषकृत्, व्याघ्रदष्ट, शुष्क, शूलकर",,
BPN_0911,अथ विषादिमृतस्य मांसगुणानाह,,,,मांसवर्गः,,"मृत्युदोषरुजाकर, क्लिन्नमुत्क्लेशजनक, कृश, वातप्रकोपण, त्रिदोषकृत्",,
BPN_0912,अथ जात्यादिपरत्वेन मांसस्य गुणानाह,,,,मांसवर्गः,"Guna: लघु, रूक्ष, गुरु","पित्तकर, वातघ्न, श्लेष्मकर, बृंहण, वातघ्न",,
BPN_0913,रोहितः,,,,मांसवर्गः,"Rasa: कषाय, स्वादु","वर, वृष्य, अर्दितार्तिजित्, वातघ्न, नातिपित्तकृत्, ऊर्ध्वजत्रुगतरोगहन्य",,
BPN_0914,शिलीन्ध्रः,,,,मांसवर्गः,Guna: गुरु | Vipaka: मधुर,"श्लेष्मल, बल्य, वात-पित्तहर, हृद्य, आम-वातकर",,
BPN_0915,भाकुरः,,,,मांसवर्गः,Rasa: मधुर | Guna: गुरु | Virya: शीत,"वृष्य, श्लेष्मकर, विष्टम्भजनक, रक्त-पित्तहर",,
BPN_0916,मोचिका,,,,मांसवर्गः,Rasa: मधुरा | Guna: गुरु,"वातहृत्, बल्या, बृंहणी, पित्तहृत्, कफकृत्, रुच्या, वृष्या, दीप्ताग्निहिता",,
BPN_0917,पाठीनः,,,,मांसवर्गः,,"श्लेष्मल, बल्य, निद्रालु, पिशिताशन, दूषयेद्रुधिर, पित्त-कुष्ठरोगकर",,
BPN_0918,शृङ्गी,,,,मांसवर्गः,"Rasa: तिक्ता, कषाया, | Guna: स्निग्धा, लघ्वी","वातशमनी, श्लेष्मप्रकोपणी, रुच्या",,
BPN_0919,इल्लीसः,,,,मांसवर्गः,Rasa: मधुर | Guna: स्निग्ध,"रोचन, वह्निवर्द्धन, पित्तहृत्, कफकृत्, किञ्चिल्लघुर्वृष्यो-अनिलापह",,
BPN_0920,शष्कुली,,,,मांसवर्गः,"Rasa: मधुरा, तुवरा,","ग्राहिणी, हृद्या,",,
BPN_0921,गर्गरः,,,,मांसवर्गः,,"पित्तल, किञ्चिद्-वातजित्-कफकोपन",,
BPN_0922,कविका,,,,मांसवर्गः,Rasa: मधुरा | Guna: स्निग्धा,"कफघ्नी, रुचिकारिणी, कञ्चित्-पित्तकरी, वातनाशिनी, वह्निवर्द्धिनी",,
BPN_0923,वर्मिमत्स्यः,,,,मांसवर्गः,Guna: लघु,"वात-पित्तहर, रुचिकर",,
BPN_0924,दण्डमत्स्यः,,,,मांसवर्गः,Guna: तिक्त,"पित्त-रक्त-कफ-हर, वातसाधारण, शुक्रल, बलवर्द्धन",,
BPN_0925,एरङ्गः,,,,मांसवर्गः,"Rasa: मधुर | Guna: स्निग्ध, लघु | Virya: शीतल","विष्टम्भी,",,
BPN_0926,महाशफरः,,,,मांसवर्गः,"Rasa: तिक्त, मधुर | Guna: शीतल","पित्त-कफापह, शिशिर, रुच्य, वातसाधारण",,
BPN_0927,गरघ्नी,,,,मांसवर्गः,"Rasa: मधुरा, तिक्ता, तुवरा | Guna: लघ्वी","वात-पित्तहृत्, कफघ्नी, रुचिकृत्, दीपनी, बल-वीर्यकृत्",,
BPN_0928,मद्गुरः,,,,मांसवर्गः,Guna: लघु,"वातहृत्, बल्य, वृष्य, कफकर",,
BPN_0929,सपादमत्स्यः,,,,मांसवर्गः,,"मेधाकृत्, मेद-क्षयकर, वात-पित्तकर, रुचिकृत्",,
BPN_0930,प्रोष्ठी,,,,मांसवर्गः,"Rasa: तिक्ता, कटु, स्वादु | Guna: लघु, स्निग्ध","शुक्रदा, कफ-वातजित्, स्निग्ध-आस्य-कण्ठ-रोगघ्नी, रोचनी",,
BPN_0931,क्षुद्रमत्स्यः,,,,मांसवर्गः,,"स्वादुरसा, दोषत्रयविनाशन, लघुपाका, रुचिकरा, बलदा, हिता",,
BPN_0932,अतिक्षुद्रमत्स्याः,,,,मांसवर्गः,,"पुंस्त्वहरा, रुच्या, कासा-अनिलापहा",,
BPN_0933,मत्स्यगर्भः,,,,मांसवर्गः,"Guna: लघु, स्निग्ध","वृष्य, पुष्टिकर, कफमेदप्रद, बल्य, ग्लानिकृत्-मेहनाशन",,
BPN_0934,शुष्कमत्स्याः,,,,मांसवर्गः,,"बल्या, दुर्जरा, विड्विबन्धिन",,
BPN_0935,दग्धमत्स्यः,,,,मांसवर्गः,,"गुणश्रेष्ठ, पुष्टिकृत्, बलवर्धन",,
BPN_0937,कौपमत्स्याः,,,,मांसवर्गः,,शुक्र-मूत्र-कुष्ठ-श्लेष्म-विवर्द्धन,,
BPN_0938,सरोजा,,,,मांसवर्गः,Rasa: मधुरा | Guna: स्निग्धा,"बल्या, वातविनाशना",,
BPN_0939,नादेया,,,,मांसवर्गः,"Guna: गुरु, स्निग्ध, | Virya: उष्णा","बृंहणा, अनिलनाशना, रक्त-पित्तकरा, वृष्या, स्वल्पवर्चस",,
BPN_0940,चौब्ज्याः,,,,मांसवर्गः,"Rasa: मधुरा | Guna: स्निग्धा, लघु | Vipaka: हिमा",पित्तकरा,,
BPN_0941,तडागा,,,,मांसवर्गः,Guna: गुरव | Virya: शीतला,"वृष्या, मलमूत्रदा",,
BPN_0942,"ताडगनिर्झरजा,",,,,मांसवर्गः,,बल-आयु-मति-दृक्-करा,,
BPN_0943,अथर्त्तुविशेषे मत्स्य विशेषाणां मांसगुणानाह,,,,मांसवर्गः,,हेमन्ते कूपजा ; शिशिरे सारसा हिताः ; वसन्ते नादेया ; ग्रीष्मे चौब्ज्यसमुद्भवाः ; वर्षासु तडागजाता ; अपथ्या नदीभवाः शरदि नैर्झरा श्रेष्ठा,,
BPN_0944,भक्तम्,भक्त अन्न अन्ध कूर ओदन मिस्सा दीदिवि  ,,,कृतान्नवर्गः,"Rasa: विशद | Guna: गुर, लघु, शीत | Virya: उष्ण","गुणवत्, वह्निकर, पथ्य, तर्पण, रोचन, अधौतमस्रुत, अरुच्य, कफप्रद",,
BPN_0945,दाली,दालि ,,,कृतान्नवर्गः,"Guna: लाघव, रूक्ष | Virya: शीत","विष्टम्भक, निस्तुष",,
BPN_0946,कृशरा,,,,कृतान्नवर्गः,Guna: गुरु,"शुक्रला, बल्या, पित्त-कफप्रदा, दुर्जरा, बुद्धि-विष्टम्भ-मल-मूत्रकरी",,
BPN_0947,तापहरी,,,,कृतान्नवर्गः,Guna: गुर्वी,"बल्या, वृष्या, श्लेष्माण, बृंहणी, तर्पणी, रुच्या, पित्तहरी",,
BPN_0948,क्षीरिका,"पायस, परमान्न ",,,कृतान्नवर्गः,,"दुर्जरा, बृंहणी, बलवर्द्धिनी, विष्टम्भिनी, पित्त-रक्त-पित्ताग्नि-मारुतहर",,
BPN_0949,नारिकेरक्षीरी,,,,कृतान्नवर्गः,"Rasa: सुमधुरा | Guna: गुर्वी, स्निग्धा | Virya: शीता","अतिपुष्टिदा, अतृष्या, रक्त-पित्त-अनिलापहा",,
BPN_0950,सेविका,,,,कृतान्नवर्गः,"Guna: गुर्वी,","तर्पणी, बल्या, पित्त-अनिलापहा, ग्राहिणी, सन्धिकृत्, रुच्या, खादेन्नातिमात्रया",,
BPN_0953,सानुपानम्,,,,कृतान्नवर्गः,Rasa: मधुर | Guna: लघु,"बृंहण, वृष्य, बल्य, रुचिकर, ग्राही, र्दोषत्रयापह",,
BPN_0954,पोलिका,,,,कृतान्नवर्गः,,मण्डकवद्गुणाः,,
BPN_0955,लप्सिका,,,,कृतान्नवर्गः,"Guna: स्निग्धा, गुर्वी","बृंहणी, वृष्या, बल्या, पित्त-अनिलापहा, श्लेष्मकरी, रोचनी, तर्पणी",,
BPN_0956,रोटिका,,,,कृतान्नवर्गः,Guna: गुर्वी,"बलकृत्, रुच्या, बृंहणी, धातुवर्द्धनी, वातघ्नी, कफकृत्, दीप्ताग्निप्रपूजिता",,
BPN_0957,अङ्गारकर्कटी,,,,कृतान्नवर्गः,"Guna: लघु,","बृंहणी, शुक्रला, दीपनी, कफकृत्, बल्या, पीनस-श्वास-कासजित्",,
BPN_0958,यवरोटिका,,,,कृतान्नवर्गः,"Rasa: मधुरा, | Guna: लघु, विशदा","रुच्या, मल-शुक्र-अनिलकरी, बल्या, कफामयहर",,
BPN_0959,बलभद्रिका,,,,कृतान्नवर्गः,Guna: रूक्ष | Virya: उष्णा,"वातला, बल्या, दीप्ताग्निसुपूजिता",,
BPN_0961,झ्हर्झ्हरी,,,,कृतान्नवर्गः,,"कफ-पित्तघ्नी, किञ्चिद् वात-करी",,
BPN_0962,चणकरोटिका,,,,कृतान्नवर्गः,"Guna: रूक्षा, गुरु","श्लेष्म-पित्त-अस्रनुत्, विष्टम्भिनी,  न चक्षुष्या, शष्कुली",,
BPN_0964,बेढमिका,,,,कृतान्नवर्गः,Guna: गुर्वी | Virya: उष्णा,"बल्या, वृष्या, रुच्याऽ- अनिलापहा, सन्तर्पणी, बृंहणी, शुक्रला, भिन्न-मूत्र-मला, स्तन्य-मेद, पित्त-कफप्रदा, गुदकीला-आर्दितश्वास-पक्ति-शूलनाश",,
BPN_0965,पर्पटः,,,,कृतान्नवर्गः,"Guna: रूक्षा, गुरव","परमरोचका, दीपना, पाचना",,
BPN_0966,मुद्गः - चणकोद्भवः,,,,कृतान्नवर्गः,Guna: लघव,"हिता, चणकगुणयुक्ताः, मध्यमगुणाः",,
BPN_0967,पूरिका तैलपक्का घृतपक्का च,,,,कृतान्नवर्गः,"Guna: गुरु, स्निग्धा | Virya: उष्णा","रुच्या, स्वाद्वी , बल्या, पिता-अस्रदूषिका, चक्षुस्तेजोहरी, वातविनाशिनी, घृतपक्वा, चक्षुष्या, रक्तपित्तहृत्",,
BPN_0968,वटकः शुष्कः सरसः च,,,,कृतान्नवर्गः,"Guna: गुरु,","बल्या, बृंहणा, वीर्य्यवर्द्धना, वातामयहरा, रुच्या, विशेषादर्दितापहा, विबन्धभेदि, श्लेष्मकारिण, अत्यग्निपूजिता, शुक्रल, बलकृत्, रोचन, विबन्धहृत्, विदाही, श्लेष्मल, पवनापह",,
BPN_0969,काञ्जिकावटकः,,,,कृतान्नवर्गः,,"रुच्य, वातघ्न, श्लेष्मकारक, शूलघ्न, अजीर्णदाहनुत्, नेत्ररोगाहित",,
BPN_0970,आम्लिकावटकाः,,,,कृतान्नवर्गः,,"रुच्या, वह्निप्रदीपना, पूर्वोक्तवटकगुणसमानाः",,
BPN_0971,मुद्गवटकाः,,,,कृतान्नवर्गः,Guna: लघव | Virya: शीत,संस्कारजप्रभावेण त्रिदोषशमनहिता,,
BPN_0972,माषवटिकाः,,,,कृतान्नवर्गः,,"पूर्वोक्तवटकगुणसमानाः, रोचना",,
BPN_0973,कूष्माण्डकवटी,,,,कृतान्नवर्गः,Guna: लघ्वी,"पूर्वोक्तवटिकागुणा, विशेषात्-पित्त-रक्तघ्नी,",,
BPN_0974,मुद्गवटी,,,,कृतान्नवर्गः,"Guna: लघ्वी,","पथ्या, रुच्या, मुद्गसूपगुणा",,
BPN_0975,अलीकमत्स्यः,,,,कृतान्नवर्गः,"Guna: ,",,,
BPN_0976,क्वथिता,,,,कृतान्नवर्गः,Guna: लघ्वी,"पाचनी, रुच्या, वह्निप्रदीपनी, कफ-अनिलाविबन्धघ्नी, किञ्चित्-पित्तप्रकोपणी",,
BPN_0977,अलीकमत्स्यस्य गुणानाह,,,,कृतान्नवर्गः,,"बृंहणा, रोचना, वृष्या, बल्या, वातगदापह, कोष्ठशुद्धिकरा, शुष्का, किञ्चित्-पित्तप्रकोपणी, अर्दितसहनुस्तम्भविशेषेण हिता",,
BPN_0978,मुद्गार्द्रवटकाः,,,,कृतान्नवर्गः,Guna: लघ्व,"रुच्या, बलकारका, दीपना, तर्पणा, पथ्या, त्रिदोषपूजिता",,
BPN_0980,वेसनवटिका,,,,कृतान्नवर्गः,,"रुच्या, विष्टम्भजननी, बल्या, पुष्टिकरी",,
BPN_0982,शुद्धमांसम्,,,,कृतान्नवर्गः,,"वृष्य, बल्य, रुच्य, बृंहण, त्रिदोषशमन, श्रेष्ठ, दीपन, धातुवर्द्धन",,
BPN_0983,सहद्रकम्,,,,कृतान्नवर्गः,,शुद्धमांसगुणसमानम्,,
BPN_0984,तक्रमांसम्,,,,कृतान्नवर्गः,Guna: लघु,"वातघ्न, रुच्य, बलप्रद, कफघ्न, पित्तल, किञ्चित्सर्वाहारपाचन",,
BPN_0985,हरीसा,,,,कृतान्नवर्गः,"Guna: गुरु, स्निग्ध | Virya: शीत, उष्णा","बलकृत्, वात-पित्तापहा, शुक्रदा, सरा, सन्धानकारिणी",,
BPN_0986,तलितमांसम्,,,,कृतान्नवर्गः,"Guna: लघु, सुस्निग्ध,","बल-मेधा-अग्नि-मांस-ओजः-शुक्रवृद्धिकृत्, तर्पण, रोचन, दृढताकर",,
BPN_0987,शूल्यपलम्,,,,कृतान्नवर्गः,"Guna: लघु,","सुधातुल्य, रुच्य, वह्निकर, कफ-वात-हर, बल्य, किञ्चित्-पित्तकर",,
BPN_0988,मांसशृङ्गाटकम्,,,,कृतान्नवर्गः,"Guna: गुरु,","रुच्य, बृंहण, बलकृत्, वात-पित्तहर, वृष्य, कफघ्न, वीर्यवर्धन",,
BPN_0989,सिद्धमांसरसः,,,,कृतान्नवर्गः,,"रुच्य, श्रम-श्वास-क्षयापह, प्रीणन, वात-पित्तघ्न, क्षीणानामल्परेतसाम्, विश्लिष्टभग्नसन्धीनां, शुद्धानां, शुद्धिकाङ्क्षिणां, स्मृति -ओजो-बलहीनानां, ज्वरक्षीणक्षतोरसां, स्वरहीनानां, दृष्ट्यायुःश्रवणार्थिनां शस्यम्",,
BPN_0992,मण्ठकः,,,,कृतान्नवर्गः,Rasa: सुमधुर | Guna: गुरु,"बृंहण, वृष्य, बल्य, पित्त-अनिलहर, रुच्य, दीप्ताग्निसुपूजित",,
BPN_0993,सम्पावः,,,,कृतान्नवर्गः,,मण्ठकगुणसमः,,
BPN_0994,कर्पूरनालिका,,,,कृतान्नवर्गः,,सम्पावसदृशा गुणाः,,
BPN_0995,फेनिका,,,,कृतान्नवर्गः,,मण्ठकसमागुणाः,,
BPN_0996,शुष्कली,,,,कृतान्नवर्गः,,फेनिकासमगुणा,,
BPN_0997,सेविकामोदकाः,,,,कृतान्नवर्गः,,मण्ठकसमगुणा,,
BPN_0998,मुक्तामोदका मुद्गमोदका वा,,,,कृतान्नवर्गः,Rasa: स्वादु | Guna: लघु | Virya: शीत,"ग्रही, त्रिदोषघ्न, रुचिप्रद, चक्षुष्य, ज्वरहृत्, बल्य, तर्पण, मुद्गमोदक",,
BPN_0999,वेसनमोदकाः,,,,कृतान्नवर्गः,Guna: लघव | Virya: शीता,"बल्या, किञ्चिद्-वातकर, विष्टम्भि, ज्वरघ्न, पित्त-रक्त-कफापह",,
BPN_1000,दुग्धकूपिका,,,,कृतान्नवर्गः,Guna: गुर्वी | Virya: शीता,"बल्या, पित्त-अनिलापह, वृष्या, शुक्रकरी, तर्पणी, रुच्या, कायपुष्टि-दृष्टि-दूरप्रसारिणी-सुचिरं विदधाति",,
BPN_1001,कुण्डलिनी,,,,कृतान्नवर्गः,,"पुष्टि-कान्ति-बल-प्रदा, धातुवृद्धिकरी, वृष्या, रुच्या, इन्द्रियतर्पणी",,
BPN_1002,"परिवेष्याणि, रसाला",,,,कृतान्नवर्गः,"Rasa: मधुरा | Guna: स्निग्धा, शीतल","शुक्रला, बल्या, रोचनी, वात-पित्तजित्, दीपनी, बृंहणी, शिशिरा, सरा, रक्त-पित्त-तृषा-दाह-प्रतिश्यायविनाशक",,
BPN_1003,शर्करोदकम्,,,,कृतान्नवर्गः,"Rasa: स्वादु | Guna: लघु, शीतल","शुक्रल, शिशिर, सर, बल्य, रुच्य, वात-पित्त-प्रणाशन, मूर्च्छा-छर्दि-तृषा-दाह-ज्वर-शान्तिकर",,
BPN_1004,"प्रपाणकानि, आम्रफलप्रपाणकम्",,,,कृतान्नवर्गः,,"सद्यो रुचिकर, बल्य, शीघ्रम् इन्द्रियतर्पण",,
BPN_1005,आम्लिकाफलपानकम्,,,,कृतान्नवर्गः,,"वातनाशन, पित्त-श्लेष्मकर, किञ्चित्सुरुच्य, वह्निबोधन",,
BPN_1006,निम्बुकफलपानकम्,,,,कृतान्नवर्गः,,"अत्यम्ल, वातनाशन, वह्निदीप्तिकर, रुच्य, समस्ताहारपाचक",,
BPN_1007,धान्याकपानकम्,,,,कृतान्नवर्गः,,पित्तहर,,
BPN_1008,काञ्जी,,,,कृतान्नवर्गः,,"रोचन, रुच्य, पाचन, वह्निदीपन, शूल-अजीर्णविबन्धघ्न, कोष्ठशुद्धिकर",,
BPN_1009,जालिः,,,,कृतान्नवर्गः,,"जिह्वाकुण्ठत्वहर, कण्ठशोधिनी, रोचनी, वह्निबोधिनी",,
BPN_1010,तक्रम्,,,,कृतान्नवर्गः,,"रुचिकर, वह्निदीपन, पाचन, गदनाशन, तृप्तिकारक",,
BPN_1011,दुग्धम्,,,,कृतान्नवर्गः,,विदाहप्रशान्त्यर्थं भोजनान्ते पयःपान,,
BPN_1013,यवसक्तवः,,,,कृतान्नवर्गः,"Rasa: मधुरा | Guna: लघव, रूक्षा | Virya: शीता","दीपना, सरा, कफपित्तहरा, लेखना, पीता, बलदा, वृष्या, बृंहणा, भेदना, तर्पणा, रुच्या, परिणामे बलावहा, कफ-पित्त-श्रम-क्षुत्तृड् -व्रण-नेत्रामयापहा, धर्मदाहाध्वव्यायामार्त्तशरीरिणां प्रशस्ता",,
BPN_1015,शालिसक्तवः,,,,कृतान्नवर्गः,Rasa: मधुरा | Guna: लघव | Virya: हिमा,"वह्निदा, ग्राहिण, रुच्या, पथ्या, बलशुक्रदा",,
BPN_1016,धानाः,,,,कृतान्नवर्गः,"Guna: रूक्षा, गुरव,","दुर्जरा, तृट्प्रदा, मेह-कफ-च्छर्दि-नाशिनी",,
BPN_1017,लाजाः,,,,कृतान्नवर्गः,"Rasa: मधुरा | Guna: लघव, रूक्षा, | Virya: शीता","दीपन, स्वल्पमूत्रमला, बल्या, पित्त-कफच्छिद, छर्दि -अतीसार-दाहा-अस्र-मेह-मेद-तृषा-ऽपहा",,
BPN_1018,चिपिटाः,,,,कृतान्नवर्गः,Guna: गुरव,"वातनाशना, श्लेष्मला, सक्षीरा, बृंहणा, वृष्या, बल्य, भिन्नमला",,
BPN_1019,होलकः,,,,कृतान्नवर्गः,,"अल्पानिल, मेदः-कफ-दोषत्रयापह",,
BPN_1020,ऊची,,,,कृतान्नवर्गः,"Guna: लघ्वी,","अर्द्धपक्वा, तृणानलसंभृष्टा, ऊची, कफप्रदा, बल्या, पित्त-अनिलापहा",,
BPN_1021,कुल्माषाः,,,,कृतान्नवर्गः,"Guna: गुरव, रूक्षा,","वातला, भिन्नवर्चस",,
BPN_1022,पललम्,,,,कृतान्नवर्गः,"Guna: गुरु, स्निग्ध,","मलकृत्, वृष्य, वातघ्न, कफ-पित्तकृत्, बृंहण, मूत्राधिक्यनिवर्त्तक",,
BPN_1023,पिण्याकः,तिलकिट्ट तिलखलि ,,,कृतान्नवर्गः,"Guna: रूक्ष,","लेखन, विष्टम्भी, दृष्टिदूषण",,
BPN_1024,अथ तण्डुलः।  तस्य गुणानाह,,,,कृतान्नवर्गः,,"मेहजन्तुघ्न, नवस्त्वतिदुर्जर",,
BPN_1025,पानीयम्,"पानीय, सलिल, नीर, कीलाल, जल, अम्बु, आपः, वार्, वारि, क, तोय, पयः,पायः, पाथः , उदक, जीवन, वन, अम्भ, अर्णः, अमृत, घनरस","पानीयं सलिलं नीरं कीलालं जलमम्बु च |

आपो वार्वारि कं तोयं पयः पाथस्तथोदकम् |

जीवनं वनमम्भोऽर्णोऽमृतं घनरसोऽपि च ||१||

पानीयं श्रमनाशनं क्लमहरं मूर्च्छापिपासापहं तन्द्राच्छर्दिविबन्धहृद्बलकरं निद्राहरं तर्पणम् |

हृद्यं गुप्तरसं ह्यजीर्णशमकं नित्यं हितं शीतलं लघ्वच्छं रसकारणं निगदितं पीयूषवज्जीवनम् ||२||",,वारिवर्गः,Guna: लघु | Virya: शीतल,"श्रमनाशन, क्लमहर, मूर्च्छा-पिपासापहं, तन्द्रा-च्छर्दि-विबन्ध-हृद्बलकर, निद्राहर, तर्पण, हृद्य, गुप्तरस, अजीर्णशमक, नित्यहित,  स्वच्छ, पीयूषवज्जीवन, रसकारण",,
BPN_1027,दिव्यम्,,"पानीयं मुनिभिः प्रोक्तं दिव्यं भौममिति द्विधा |

दिव्यं चतुर्विधं प्रोक्तं धाराजं करकाभवम् |

तौषारञ्च तथा हैमं तेषु धारं गुणाधिकम् ||३||",,वारिवर्गः,,धाराज - गुणाधिक,,
BPN_1028,धाराजलम्,,"धाराभिः पतितं तोयं गृहीतं स्थूलवाससा |

शिलायां वा सुधायां वा धौतायां पतितञ्च तत् ||४||

सौवर्णे राजते ताम्रे स्फाटिके काचनिर्मिते |

भाजने मृण्मये वापि स्थापितं धारमुच्यते ||५||

धारं नीरं त्रिदोषघ्नमनिर्देश्यरसं लघु |

सौम्यं रसायनं बल्यं तर्पणं ह्लादि जीवनम् ||६||

पाचनं मतिकृन्मूर्च्छातन्द्रादाहश्रमक्लमान् |

तृष्णां हरति चात्यर्थं विशेषात्प्रावृषि स्थितम् ||७||",,वारिवर्गः,Guna: लघु,"त्रिदोषघ्न, अनिर्देश्यरस, सौम्य, रसायन, बल्य, तर्पण,ह्लादी, जीवन, पाचन, मतिकृत्, मूर्च्छा-तन्द्रा-दाह-श्रम-क्लमह, तृष्णाहर, पथ्य",,
BPN_1030,गाङ्गम्,,"गाङ्गमाश्वयुजे मासि प्रायो वर्षति वारिदः |

सर्वथा तज्जलं ज्ञेयं तथैव चरके वचः ||१०||

स्थापिते हेमजे पात्रे राजते मृण्मयेऽपि वा |

शाल्यन्नं येन संसिक्तं भवेदक्लेदि वर्णवत् |

तद् गाङ्गं सर्वदोषघ्नं ज्ञेयं सामुद्रमन्यथा ||११||

तत्तु सक्षारलवणं शुक्रदृष्टिबलापहम् |

विस्रञ्च दोषलं तीक्ष्णं सर्वकर्मसु नो हितम् ||१२||",,वारिवर्गः,,सर्वदोषघ्न,,
BPN_1031,सामुद्रम्,,"सामुद्रं त्वाश्विने मासि गुणैर्गाङ्गवदादिशेत् |

यतोऽगस्त्यस्य दिव्यर्षेरुदयात्सकलं जलम् ||१३||

निर्मलं निर्विषं स्वादु शुक्रलं स्याददोषलम् |

फूत्कारविषवातेन नागानां व्योमचारिणाम् |

वर्षासु सविषं तोयं दिव्यमप्याश्विनं विना ||१४||",,वारिवर्गः,Rasa: सक्षारलवण | Guna: तीक्ष्ण,"सक्षारलवण, शुक्रदृष्टिवलापह, विस्र, दोषल, तीक्ष्ण, सर्वकर्महित",,
BPN_1032,अथ शरदि वर्षासु च जलस्य निर्विषत्वे च हेतुमाह,,,,वारिवर्गः,Rasa: स्वादु,"निर्मल, निर्विष, शुक्रल, अदोषल",,
BPN_1033,अत एवाह,,,,वारिवर्गः,,"नागानां फुत्कारात विशवातेन सविष, दिव्य",,
BPN_1034,अथानार्त्तवजलस्य लक्षणं गुणानाह,,,,वारिवर्गः,,त्रिदोषकारक,,
BPN_1035,करकाजलम्,,"दिव्यवाय्वग्निसंयोगात् संहताः खात्पतन्ति याः |

पाषाणखण्डवच्चापस्ताः कारक्योऽमृतोपमाः ||१६||

करकाजं जलं रूक्षं विशदं गुरु च स्थिरम् |

दारुणं शीतलं सान्द्रं पित्तहृत्कफवातकृत् ||१७||",,वारिवर्गः,"Guna: रूक्ष, विशद, गुरु | Virya: शीतल","स्थिर, सान्द्र, दारुणं, पित्तहृत्, कफ-वातकृत्",,
BPN_1036,तौषारजलम्,,"अपि नद्याः समुद्रान्ते वह्निरापस्तदुद्भवाः |

धूमावयवनिर्मुक्तास्तुषाराख्यास्तु ताः स्मृताः ||१८||

अपथ्याः प्राणिनां प्रायो भूरुहाणां तु नाहिताः |

तुषाराम्बु हिमं रूक्षं स्याद्वातलमपित्तलम् |

कफोरुस्तम्भकण्ठाग्निमेहगण्डादिरोगनुत् ||१९||",,वारिवर्गः,Guna: रूक्ष | Virya: शीतल,"वातल, अपित्तल, कफ-उरुस्तम्भ-कण्ठाग्नि-मेह-गण्डा-दिरोगनुत्",,
BPN_1037,हैमजलम्,,"
हिमवच्छिखरादिभ्यो द्रवीभूयाभिवर्षति |

यत्तदेव हिमं हैमं जलमाहुर्मनीषिणः ||२०||

हिमाम्बु शीतं पित्तघ्नं गुरु वातविवर्द्धनम् |

और्वानलधूमेरितमम्बु समुद्रस्य यद्घनीभूतम् |

पवनानीतमुदीच्यां तद्धिममिति कथ्यते सद्धिः |

हिमन्तु शीतलं रूक्षं दारुणं सूक्ष्ममित्यपि |

न तद् दूषयते वातं न च पित्तं न वा कफम् ||२१||",,वारिवर्गः,Guna: गुरु | Virya: शीत,"पित्तघ्न, वातविवर्द्धन",,
BPN_1038,अन्ये तु,,,,वारिवर्गः,"Guna: रूक्ष, सूक्ष्म | Virya: शीतल","दारुण, सूक्ष्म, वात-पित्त-कफादूषक",,
BPN_1039,भौमजलम्,,"भौममम्भो निगदितं प्रथमं त्रिविधं बुधैः |

जाङ्गलं परमानूपं ततः साधारणं क्रमात् ||२२||

",,वारिवर्गः,,"जाङ्गलम्, आनूपम्, साधारणम्",,
BPN_1040,जाङ्गलम्,,"अल्पोदकोऽल्पवृक्षश्च पित्तवातामयान्वितः |

ज्ञातव्यो जाङ्गलो देशस्तत्रत्यं जाङ्गलं जलम् ||२३||

जाङ्गलं सलिलं रूक्षं लवणं लघु पित्तनुत् |

वह्निकृत्कफहृत्पथ्यं विकारान्हरते बहून् ||२६||",,वारिवर्गः,"Rasa: लवण | Guna: रूक्ष, लघु","पित्त-रक्ता-आमयान्वित, पित्तनुत्, वह्निकृत्, कफहृत्, पथ्य, विकारहर",,
BPN_1041,आनूपम्,,"बह्वम्बुर्बहुवृक्षश्च वातश्लेष्मामयान्वितः |

देशोऽनूप इति ख्यात आनूपं तद्भवं जलम् ||२४||

आनूपं वार्यभिष्यन्दि स्वादु स्निग्धं घनं गुरु |

वह्निहृत्कफकृद्धृद्यं विकारान्हरते बहून् ||२७||

",,वारिवर्गः,"Rasa: स्वादु | Guna: स्निग्ध, घन, गुरु","वात-श्लेष्मा-आमयान्वित, अभिष्यन्दि, वह्निहृत्, कफकृत्, हृद्य, विकारकर",,
BPN_1042,साधारणम्,,"मिश्रचिह्नस्तु यो देशः स हि साधारणः स्मृतः |

तस्मिन्देशे यदुदकं तत्तु साधारणं स्मृतम् ||२५||

साधारणं तु मधुरं दीपनं शीतलं लघु |

तर्पणं रोचनं तृष्णादाहदोषत्रयप्रणुत् ||२८||
",,वारिवर्गः,Rasa: मधुर | Guna: लघु | Virya: शीतल,"मिश्रचिह्नक, दीपन, तर्पण, रोचन, तृष्णा-दाह-दोषत्रयप्रणुत्",,
BPN_1043,अथ भौमानामेव नादेयादीनां लक्षणानि गुणांश्च ।,,"नद्या नदस्य वा नीरं नादेयमिति कीर्तितम् |

नादेयमुदकं रूक्षं वातलं लघु दीपनम् |

अनभिष्यन्दि विशदं कटुकं कफपित्तनुत् ||२९||",,वारिवर्गः,"Rasa: कटु | Guna: रूक्ष, लघु, विशद","वातल, दीपन, अनभिष्यन्दि, कफपित्तनुत्",,
BPN_1044,शीघ्रवहाः नद्यः,,"नद्यः शीघ्रवहा लघ्व्यः सर्वा याश्चामलोदकाः |

गुर्व्यः शैवलसंछन्ना मन्दगाः कलुषाश्च याः ||३०||",,वारिवर्गः,Guna: लघु,,,
BPN_1045,मन्दगाः,,"नद्यः शीघ्रवहा लघ्व्यः सर्वा याश्चामलोदकाः |

गुर्व्यः शैवलसंछन्ना मन्दगाः कलुषाश्च याः ||३०||",,वारिवर्गः,Guna: गुरु,,,
BPN_1046,हिमवत्प्रभावाः,,"हिमवत्प्रभवाः पथ्या नद्योऽश्माहतपाथसः |

गङ्गाशतद्रुसरयूयमुनाद्या गुणोत्तमाः ||३१||",,वारिवर्गः,,"पथ्य, गुणोत्तम, अश्माह",,
BPN_1047,सह्यशैलभवा,,"सह्यशैलभवा नद्यो वेणागोदावरीमुखाः |

कुर्वंति प्रायशः कुष्ठमीषद्वातकफावहाः ||३२||",,वारिवर्गः,,"कुष्ठकृत् , ईषद्- वात-कफावह",,
BPN_1048,औद्भिददम्,,"विदार्य भूमिं निम्नां यन्महत्या धारया स्रवेत् |

तत्तोयमौद्भिदं नाम वदन्तीति महर्षयः ||३४||

औद्भिदं वारि पित्तघ्नमविदाह्यतिशीतलम् |

प्रीणनं मधुरं बल्यमीषद्वातकरं लघु ||३५||",,वारिवर्गः,Rasa: मधुर | Guna: लघु | Virya: शीतल,"पित्तघ्न, अविदाही, प्रीणन, बल्य, ईषद्-वातकर",,
BPN_1049,नैर्झरजलम्,,"शैलसानुस्रवद्वारिप्रवाहो निर्झरो झरः |

स तु प्रस्रवणश्चापि तत्रत्यं नैर्झरं जलम् ||३६||

नैर्झरं रुचिकृन्नीरं कफघ्नं दीपनं लघु |

मधुरं कटुपाकं च वातलं स्यादपित्तलम् ||३७||",,वारिवर्गः,"Rasa: मधुर, | Guna: लघु | Vipaka: कटु","रुचिकृत्, कफघ्न, दीपन, वातल, अपित्तल",,
BPN_1050,सारसजलम्,,"नद्याः शैलादिरुद्धाया यत्र संश्रित्य तिष्ठति |

तत्सरोजलसंज्ञं च तदम्भः सारसं स्मृतम् ||३८||

सारसं सलिलं बल्यं तृष्णाघ्नं मधुरं लघु |

रोचनं तुवरं रूक्षं बद्धमूत्रमलं स्मृतम् ||३९||",,वारिवर्गः,"Rasa: मधुर, तुवर | Guna: लघु, रूक्ष","बल्य, तृष्णाघ्न, रोचन, मूत्र-मलबन्धक",,
BPN_1051,ताडागजलम्,,"प्रशस्तभूमिभागस्थो बहुसंवत्सरोषितः |

जलाशयस्तडागः स्यात्ताडागं तज्जलं स्मृतम् ||४०||

ताडागमुदकं स्वादु कषायं कटुपाकि च |

वातलं बद्धविण्मूत्रमसृक्पित्तकफापहम् ||४१||",,वारिवर्गः,"Rasa: स्वादु, कषाय, | Vipaka: कटु","वातल, विण्मूत्रबन्धक, असृक्-पित्त-कफापह",,
BPN_1053,क्षारम्,,,,वारिवर्गः,,"पित्तकृत्, कफवातहृत्",,
BPN_1054,मिष्टम्,,,,वारिवर्गः,,"कफकृत्, वातपित्तहर",,
BPN_1056,स्वादु,,,,वारिवर्गः,Guna: लघु,त्रिदोषघ्न,,
BPN_1057,क्षारं,,,,वारिवर्गः,,"कफवातघ्न, दीपन, पित्तकृत्",,
BPN_1058,चौञ्ज्यजलम्,,"शिलाकीर्णं स्वयं श्वभ्रं नीलाञ्जनसमोदकम् |

लतावितानसंच्छन्नं चौंज्यमित्यभिधीयते ||४६||

अश्मादिभिरबद्धं यत्तच्चौञ्ज्यमिति वा परे |

यत्रत्यमुदकं चौण्ड्यं मुनिभिस्तदुदाहृतम् ||४७||

चौञ्ज्यं वह्निकरं नीरं रूक्षं कफहरं लघु |

मधुरं पित्तनुद्रुच्यं पाचनं विशदं स्मृतम् ||४८||",,वारिवर्गः,"Rasa: मधुर | Guna: रूक्ष, लघु, विशद","वह्निकर, कफहर, पित्तनुत्, रुच्य, पाचन",,
BPN_1059,पाल्वलजलम्,,"अल्पं सरः पल्वलं स्याद्यत्र चन्द्रर्क्षगे रवौ |

न तिष्ठति जलं किञ्चित्तत्रत्यं वारि पाल्वलम् |

पाल्वलं वार्यभिष्यन्दि गुरु स्वादु त्रिदोषकृत् ||४९||",,वारिवर्गः,Rasa: स्वादु | Guna: गुरु,"अभिष्यन्दि, त्रिदोषकृत्",,
BPN_1060,विकिरजलम्,,"नद्यादिनिकटे भूमिर्या भवेद्वालुकामयी |

उद्भाव्यते ततो यत्तु तज्जलं विकिरं विदुः ||५०||

विकिरं शीतलं स्वच्छं निर्दोषं लघु च स्मृतम् |

तुवरं स्वादु पित्तघ्नं क्षारं तत्पित्तलं मनाक् ||५१|",,वारिवर्गः,"Rasa: स्वादु, तुवर, क्षार | Guna: लघु | Virya: शीतल","स्वच्छ, निर्दोष, पित्तघ्न, पित्त्तल",,
BPN_1061,कैदारजलम्,,"केदारः क्षेत्रमुद्दिष्टं कैदारं तज्जलं स्मृतम् |

कैदारं वार्यभिष्यन्दि मधुरं गुरु दोषकृत् ||५२||",,वारिवर्गः,Rasa: मधुर | Guna: गुरु,"अभिष्यन्दि, दोषकृत्",,
BPN_1062,वृष्टिजलम्,,"वार्षिकं तदहर्वृष्टं भूमिस्थमहितं जलम् |

त्रिरात्रमुषितं तत्तु प्रसन्नममृतोपमम् ||५३||",,वारिवर्गः,,"प्रसन्न, अमृतोपम",,
BPN_1063,अंशूदकजलम्,,"ज्ञेयमंशूदकं नाम स्निग्धं दोषत्रयापहम् |

अनभिष्यन्दि निर्दोषमान्तरिक्षजलोपमम् |

बल्यं रसायनं मेध्यं शीतं लघु सुधासमम् ||५८||",,वारिवर्गः,"Guna: स्निग्ध, लघु | Virya: शीत","दोषत्रयापह, अनभिष्यन्दि, निर्दोषमान्तरिक्षजलोपम, बल्य, रसायन, मेध्य, सुधासम",,
BPN_1064,हारीतः,,"तृष्णा गरीयसी घोरा सद्यःप्राणविनाशिनी |

तस्माद् देयं तृषाऽर्त्ताय पानीयं प्राणधारणम् ||६९||

तृषितो मोहमायाति मोहात्प्राणान्विमुञ्चति |

अतः सर्वास्ववस्थासु न क्वचिद्वारि वारयेत् ||७०||",,वारिवर्गः,,सद्यःप्राणविनाशिनी,,
BPN_1065,अथ गुणवतस्तोयस्य लक्षणान्याह,,"अगन्धमव्यक्तरसं सुशीतं तर्षनाशनम् |

स्वच्छं लघु च हृद्यञ्च तोयं गुणवदुच्यते ||७१||",,वारिवर्गः,Guna: लघु,"स्वच्छ , हृद्य",,
BPN_1066,गोदुग्धम्,"क्षीर, पयः (पयस्), स्तन्य, बालजीवन",,"दुग्धं क्षीरं पयः स्तन्यं बालजीवनमित्यपि |

दुग्धं सुमधुरं स्निग्धं वातपित्तहरं सरम् |

सद्यःशुक्रकरं शीतं सात्म्यं सर्वशरीरिणाम् ||१||

जीवनं बृंहणं बल्यं मेध्यं वाजीकरं परम् |

वयःस्थापनमायुष्यं सन्धिकारि रसायनम् ||२||",दुग्धवर्गः,Rasa: मधुर | Guna: स्निग्ध | Virya: शीतल,"वात-पित्तहर, सर, सद्यः शुक्रकर, शीत, सर्वशरीरिणां सात्म्य, जीवन, बृंहण, बल्य, मेध्य, वाजीकर, वयःस्थापन, आयुष्य, सन्धिकारि, रसायन",,
BPN_1067,अथ दुग्धपानार्हजनानाह,,,"विरेकवान्तिबस्तीनां सेव्यमोजोविवर्धनम् |

जीर्णज्वरे मनोरोगे शोषमूर्च्छाभ्रमेषु च ||३||

ग्रहण्यां पाण्डुरोगे च दाहे तृषि हृदामये |

शूलोदावर्तगुल्मेषु वस्तिरोगे गुदाङ्कुरे ||४||

रक्तपित्तेऽतिसारे च योनिरोगे श्रमे क्लमे |

गर्भस्रावे च सततं हितं मुनिवरैः स्मृतम् ||५||

बालवृद्धक्षतक्षीणाः क्षुद्व्यवायकृशाश्च ये |

तेभ्यः सदाऽतिशयितं हितमेतदुदाहृतम् ||६||",दुग्धवर्गः,,"विरेक-वान्ति-वस्तीनां सेव्यम् -ओजोविवर्द्धन, जीर्णज्वर-मनोरोग-शोष-मूर्च्छा-भ्रम-ग्रहणी-पाण्डुरोग-दाह-तृष-हृदामय-शूल-उदावर्त-गुल्म-वस्तिरोग-गुदाङ्कुर-रक्तपित्त-अतिसार-योनिरोग-श्रम-क्लम-गर्भस्राव सततहित, बाल-वृद्ध-क्षतक्षीण-क्षुद्व्यवायकृशेभ्यः हित",,
BPN_1068,अथ गोदुग्धस्य गुणानाह,,,"गव्यं दुग्धं विशेषेण मधुरं रसपाकयोः |

शीतलं स्तन्यकृत्स्निग्धं वातपित्तास्रनाशनम् ||७||

दोषधातुमलस्रोतः किञ्चित्क्लेदकरं गुरु |

जरासमस्तरोगाणां शान्तिकृत्सेविनां सदा ||८||",दुग्धवर्गः,"Rasa: मधुर | Guna: शीतल, स्निग्ध, गुरु | Virya: मधुर","दोष-धातु-मल-स्रोत किञ्चित् क्लेदकर, स्तन्यकृत्, वात-पित्ता-अस्रनाशन, जरा-समस्तरोगशान्तिकृत्",,
BPN_1069,कृष्णादीनां गवां दुग्धगुणाः,,,"कृष्णाया गोर्भवेद् दुग्धं वातहारि गुणाधिकम् |

पीताया हरते पित्तं तथा वातहरं भवेत् |

श्लेष्मलं गुरु शुक्लाया रक्तचित्रा च वातहृत् ||९||
",दुग्धवर्गः,,"कृष्णा गौः - वातहारि, गुणाधिक ; पीता गौः - पित्तहर, वातहर ; शुक्ला गौः - श्लेष्मल, गुरु ; रक्त-चित्रा गौः - वातहत्",,
BPN_1070,सद्यः प्रसूतायाः विवत्सायाः गोर्दुग्धम्,,,"बालवत्सविवत्सानां गवां दुग्धं त्रिदोषकृत् |

बष्कयिण्यास्त्रिदोषघ्नं तर्पणं बलकृत्पयः |

जाङ्गलानूपशैलेषु चरन्तीनां यथोत्तरम् |

पयो गुरुतरं स्नेहो यथाहारं प्रवर्तते ||१०||",दुग्धवर्गः,,त्रिदोषकृत्,,
BPN_1071,बष्कयिण्याः गोदुग्धम्,,,"बालवत्सविवत्सानां गवां दुग्धं त्रिदोषकृत् |

बष्कयिण्यास्त्रिदोषघ्नं तर्पणं बलकृत्पयः |

जाङ्गलानूपशैलेषु चरन्तीनां यथोत्तरम् |

पयो गुरुतरं स्नेहो यथाहारं प्रवर्तते ||१०||",दुग्धवर्गः,,"त्रिदोषघ्न, तर्पण, बलकृत्",,
BPN_1072,देशविशेषेण गोदुग्धम्,,,"बालवत्सविवत्सानां गवां दुग्धं त्रिदोषकृत् |

बष्कयिण्यास्त्रिदोषघ्नं तर्पणं बलकृत्पयः |

जाङ्गलानूपशैलेषु चरन्तीनां यथोत्तरम् |

पयो गुरुतरं स्नेहो यथाहारं प्रवर्तते ||१०||",दुग्धवर्गः,,"जाङ्गल-अनूप-शैलचरन्तीनां गुरुतर, स्नेह",,
BPN_1073,आहारविशेषेण गोदुग्धम्,,,"स्वल्पान्नभक्षणाज्जातं क्षीरं गुरु कफप्रदम् |

तत्तु बल्यं परं वृष्यं स्वस्थानां गुणदायकम् |

पलालतृणकार्पासबीजजं गुणैर्हितम् ||११||",दुग्धवर्गः,Rasa: गुरु,"स्वल्पान्नभक्षनात् जातं -  कफप्रद – बल्य, पर, वृष्य, स्वस्थानां गुणदायक रोगिणे हितं – पलाल-तृण-कार्पास-बीजजं हित",,
BPN_1074,माहिषदुग्धम्,,,"माहिषं मधुरं गव्यात्स्निग्धं शुक्रकरं गुरु |

निद्राकरमभिष्यन्दि क्षुधाधिक्यहरं हिमम् ||१२||",दुग्धवर्गः,"Rasa: मधुर | Guna: गुरु, स्निग्ध | Virya: शीतल","शुक्रकर, निद्राकर, अभिष्यन्दि, क्षुधाधिक्यहर",,
BPN_1075,अजादुग्धम्,,,"छागं कषायं मधुरं शीतं ग्राहि तथा लघु |

रक्तपित्तातिसारघ्नं क्षयकासज्वरापहम् ||१३||

अजानामल्पकायत्वात्कटुतिक्तनिषेवणात् |

स्तोकाम्बुपानाद्व्यायामात्सर्वरोगापहं पयः ||१४||",दुग्धवर्गः,"Rasa: कषाय, मधुर, कटु, तिक्त | Guna: लघु | Virya: शीत","ग्राहि, रक्त-पित्ता-अतिसारघ्न, क्षय-कास-ज्वरापह, सर्वरोगापह",,
BPN_1076,मृग्यादिदुग्धम्,,,मृगीणां जाङ्गलोत्थानामजाक्षीरगुणं पयः ||१५||,दुग्धवर्गः,,अजाक्षीरगुणं,,
BPN_1077,आविकदुग्धम्,,,"आविकं लवणं स्वादु स्निग्धोष्णं चाश्मरीप्रणुत् |

अहृद्यं तर्पणं केश्यं शुक्रपित्तकफप्रदम् |

गुरु कासानिलोद्भूते केवले चानिले वरम् ||१६||",दुग्धवर्गः,"Rasa: लवण, स्वादु | Guna: स्निग्ध, गुरु, उष्ण | Virya: उष्ण","अश्मरीप्रणुत्, अहृद्य, तर्पण, केश्य, शुक्रपित्तकफप्रद",,
BPN_1078,घोटकीदुग्धम्,,,"रूक्षोष्णं वडवाक्षीरं बल्यं शोषानिलापहम् |

अम्लं पटु लघु स्वादु सर्वमैकशफं तथा ||१७||",दुग्धवर्गः,"Rasa: अम्ल,  स्वादु | Guna: रूक्ष, लघु, उष्ण | Virya: उष्ण","बल्य, शोष-अनिलापह, पटु",,
BPN_1079,औष्ट्रदुग्धम्,,,"औष्ट्रं दुग्धं लघु स्वादु लवणं दीपनं तथा |

कृमिकुष्ठकफानाहशोथोदरहरं सरम् ||१८||",दुग्धवर्गः,"Rasa: स्वादु, लवण | Guna: लघु","दीपन, कृमि-कुष्ठ-कफ-आनाह-शोथोदरहर, सर",,
BPN_1080,हस्तिनीदुग्धम्,,,"बृंहणं हस्तिनीदुग्धं मधुरं तुवरं गुरु |

वृष्यं बल्यं हिमं स्निग्धं चक्षुष्यं स्थिरताकरम् ||१९||",दुग्धवर्गः,"Rasa: मधुर, तुवर | Guna: गुरु, स्निग्ध | Virya: शीतल","बृंहण, वृष्य, बल्य, चक्षुष्य, स्थिरताकर",,
BPN_1081,नारीदुग्धम्,,,"नार्या लघु पयः शीतं दीपनं वातपित्तजित् |

चक्षुःशूलाभिघातघ्नं नस्याश्च्योतनयोर्वरम् ||२०||",दुग्धवर्गः,Guna: लघु | Virya: शीत,"दीपन, वात-पित्तजित्, चक्षुःशूलाभिघातघ्न, नस्य-अश्च्योतनवर",,
BPN_1083,धारोष्णम्,,,,दुग्धवर्गः,"Guna: लघु, गुरु, स्निग्ध | Virya: शीत","बल्य, सुधासम, दीपन, त्रिदोषघ्न",,
BPN_1084,धाराशीतम्,,,,दुग्धवर्गः,,"अभीष्यन्दि, श्लेष्म-आमवर्द्धन, हितं, कफवातघ्न, पित्तनुत्, वृष्य, बलविवर्धन",,
BPN_1085,पीयूष-किलाट-क्षीरशाक-तक्रपिण्ड-मोरटानाम्,,,"क्षीरं तत्कालसूताया घनं पीयूषमुच्यते |

नष्टदुग्धस्य पक्वस्य पिण्डः प्रोक्तः किलाटकः ||२६||

अपक्वमेव यन्नष्टं क्षीरशाकं हि तत्पयः |

दध्ना तक्रेण वा नष्टं दुग्धं बद्धं सुवाससा ||२७||

द्रवभावेन सहितं तक्रपिण्डः स उच्यते |

नष्टदुग्धं भवेन्नीरं मोरटं जेज्जटोऽब्रवीत् ||२८||

पीयूषञ्च किलाटश्च क्षीरशाकं तथैव च |

तक्रपिण्ड इमे वृष्या बृंहणा बलवर्धनाः ||२९||

गुरवः श्लेष्मला हृद्या वातपित्तविनाशनाः |

दीप्ताग्नीनां विनिद्राणां विद्रधौ चाभिपूजिताः ||३०||

मुखशोषतृषादाहरक्तपित्तज्वरप्रणुत् |

लघुर्बलकरो रुच्यो मोरटः स्यात्सितायुतः ||३१||",दुग्धवर्गः,"Guna: गुरु, लघु,","वृष्य, बृंहण, बलवर्द्धन, श्लेष्मल, हृद्य, वात-पित्तविनाशन, दीप्ताग्नि-विनिद्रा-विद्रधिजनेभ्यः अत्युत्तम, मुखशोष-तृषा -दाह-रक्त-पित्त-ज्वरप्रणुत्, बलकर, रुच्य",,
BPN_1086,संतानिका,,,"सन्तानिका गुरुः शीता वृष्या पित्तास्रवातनुत् |

तर्पणी बृंहणी स्निग्धा बलासबलशुक्रला ||३२||

",दुग्धवर्गः,"Guna: गुरुः, स्निग्ध | Virya: शीत","वृष्य, पित्त-अस्र-वातनुत्, तर्पणी, बृंहणी, बलासबलशुक्रल",,
BPN_1087,खण्डादियुक्तस्य दुग्धम्,,,"खण्डेन सहितं दुग्धं कफकृत्पवनापहम् |

सितासितोपलायुक्तं शुक्रलं त्रिमलापहम् |

सगुडं मूत्रकृच्छ्रघ्नं पित्तश्लेष्मकरं परम् ||३३||",दुग्धवर्गः,,"खण्डेन सहितम् - कफकृत्, पवनापह ; सितासितोपलायुक्तम् - शुक्रल, त्रिमलापह ; सगुडम्  - मूत्रकृच्छ्रघ्न, पित्तश्लेष्मकर",,
BPN_1088,प्रभातादिभवस्य दुग्धम्,,,"रात्रौ चन्द्रगुणाधिक्याद्व्यायामाकरणात्तथा |	
	
प्राभातिकं तदा प्रायः प्रादोषाद् गुरु शीतलम् ||३४||	
	
दिवाकरकराघाताद्व्यायामानिलसेवनात् |	
	
प्राभातिकात्तु प्रादोषं लघु वातकफापहम् ||३५||	",दुग्धवर्गः,"Guna: लघु, गुरु | Virya: शीतल",वातकफापह,,
BPN_1089,अथ दुग्धसेवनस्य समयविशेषेण गुणविशेषानाह,,,"वृष्यं बृंहणमग्निदीपनकरं पूर्वाह्णकाले पयो मध्याह्ने तु बलावहं कफहरं पित्तापहं दीपनम् |

बाले वृद्धिकरं क्षये क्षयकरं वृद्धेषु रेतोवहं रात्रौ पथ्यमनेकदोषशमनं क्षीरं सदा सेव्येत ||३६||

वदन्ति पेयं निशि केवलं पयो भोज्यं न तेनेह सहौदनादिकम् |

भवत्यजीर्णे निशि पीतशर्करा क्षीराल्पपानस्य तु शेषमुत्सृजेत् ||३७||

विदाहीन्यन्नपानानि दिवा भुङ्क्ते हि यन्नरः |

तद्विदाहप्रशान्त्यर्थं रात्रौ क्षीरं सदा पिबेत् ||३८||

दीप्तानले कृशे पुंसि वातवृद्धे पयःप्रिये |

मतं हिततमं पथ्यं सद्यःशुक्रकरं यतः ||३९||",दुग्धवर्गः,,"पूर्वाह्नकाले - वृष्य, बृंहण, अग्निदीपनकर ; मध्याह्ने - बलावह, कफहर, पित्तापह, दीपन वाले वृद्धिकर, क्षयेऽक्षयकर, वृद्धेषु रेतोवह, रात्रौ पथ्यमनेकदोषशमन, चक्षुर्हित, दीप्तानलकृषवालवृद्धपयःप्रियेषु सद्यः शुक्रकरं दुग्धं हितं",,
BPN_1090,मथितदुग्धम्,,,"क्षीरं गव्यमथाजं वा कोष्णं दण्डाहतं पिबेत् |

लघु वृष्यं ज्वरहरं वातपित्तकफापहम् ||४०||
",दुग्धवर्गः,Guna: लघु,"वृष्य, ज्वरहर, वात-पित्त-कफापह",,
BPN_1091,दुग्धफेनम्,,,"गोदुग्धप्रभवं किं वा छागीदुग्धसमुद्भवम् |

भवेत्कोष्णं त्रिदोषघ्नं रोचनं बलवर्द्धनम् ||४१||

वह्निवृद्धिकरं वृष्यं सद्यस्तृप्तिकरं लघु |

अतीसारेऽग्निमान्द्ये च ज्वरे जीर्णे प्रशस्यते ||४२||",दुग्धवर्गः,Guna: लघु,"त्रिदोषघ्न, रोचन, बलवर्द्धन, वह्निवृद्धिकर, वृष्य, सद्यस्तृप्तिकर, अतीसार-अग्निमान्द्य-ज्वर-जीर्ण-प्रशस्य",,
BPN_1092,निन्दितदुग्धम्,,,"विवर्णं विरसं चाम्लं दुर्गन्धं ग्रथितं पयः |

वर्जयेदम्ललवणयुक्तं बुद्ध्यादिहृद्यतः ||४३||",दुग्धवर्गः,,विवर्ण-विरस-आम्ल-दुर्गन्ध-अम्ललवणयुक्त-कुष्ठादिकृत्-वर्जन,,
BPN_1093,मन्दादिदधि,,,,दधिवर्गः,"Rasa: कषाय | Guna: गुरु, उष्ण, स्निग्ध | Vipaka: आम्ल","दीपन, ग्राहि, पित्ता-अस्र-शोथ-मेदः-कफप्रद| मूत्रकृच्छ्र-प्रतिश्याय-शीतग-विषमज्वर-अतीसार-अरुचि-कार्ये शस्यते| बल-शुक्रकृत्",,
BPN_1096,मन्दम्,,,,दधिवर्गः,,"घन, सृष्टविण्मूत्र, दोषत्रयविदाहकृत्, मन्द, अव्यक्तरस",,
BPN_1097,स्वादु,,,,दधिवर्गः,"Rasa: व्यक्त -मधुररस, अव्यक्त-आम्लरस | Vipaka: मधुर","अभिष्यन्दि, वृष्य, मेदकफावह, वातघ्न, रक्त-पित्तप्रसादन",,
BPN_1098,स्वाद्वम्लम्,,,,दधिवर्गः,"Rasa: मधुर, कषाय",,,
BPN_1099,अम्ल,,,,दधिवर्गः,"Rasa: तिरोहित-मधुर, व्यक्त-आम्ल | Vipaka: मधुर","दीपन, पित्त-रक्त-श्लेष्म-विवर्द्धन",,
BPN_1100,अत्यम्ल,,,,दधिवर्गः,,"दन्त-रोम-हर्ष-कण्ठादिदाहकृत्, दीपन, रक्त-वात-पित्तकर",,
BPN_1101,अजदधि,,,,दधिवर्गः,"Rasa: मधुर, आम्ल","रुचिप्रद, पवित्र, दीपन, हृद्य, पुष्टिकृत्, पवनापह",,
BPN_1102,पक्वदुग्धजातस्य दधि,,,,दधिवर्गः,"Rasa: मधुर | Guna: गुरु, स्निग्ध | Vipaka: मधुर","श्लेष्मल, वातपित्तनुत् , अभिश्यन्दि, वृष्य, अस्रदूषक",,
BPN_1103,निःसारदुग्धनितदधि,,,,दधिवर्गः,Guna: लघु,"उत्तम, ग्राहि, दोषत्रयापह, श्वासकासार्शः, क्षयकार्यदीपन",,
BPN_1104,गालितदधि,,,,दधिवर्गः,Guna: स्निग्ध,"रुच्य, पित्ता-अनिलापह, सर्वधातु-अग्निबलवर्द्धन",,
BPN_1105,शर्करादिसहितस्य दधि,,,,दधिवर्गः,"Guna: लघु, शीतल","सङ्ग्राहि, वातल, विष्टम्भि, दीपन, रुच्य, ग्रहणीरोगनाशन",,
BPN_1106,अथ गालितदध्नो गुणानाह,,,,दधिवर्गः,"Rasa: मधुर | Guna: स्निग्ध, गुरु","वातघ्न, कफकृत्, बलपुष्टिकर, रुच्य, नातिपित्तकृत्",,
BPN_1107,सशर्करम्,,,,दधिवर्गः,,"श्रेष्ठ, तृष्णा-पित्ता-अस्र-दाहजित्",,
BPN_1108,सगुडम्,,,,दधिवर्गः,Guna: गुरु,"वातनुत्, वृष्य, बृंहण, तर्पण,",,
BPN_1109,अथ रात्रौ दधिभक्षणस्य निषेधमाह,,,,दधिवर्गः,,"न नक्तं दधि भुञ्जित न चाप्यघृतशर्करं, नामुद्गसूपं नाक्षौद्रं नोष्णं नामलकैर्विना |",,
BPN_1110,अथ ऋतुविशेषेण दध्नो विधिनिषेधावाह,,,,दधिवर्गः,,"हेमन्ते शिशिरे वर्षासु च शस्यते , शरत्-ग्रीष्म-वसन्तेषु प्रायः विगर्हित",,
BPN_1111,अथ विधिमन्तरेण दधिसेवने दुर्गुणानाह,,,,दधिवर्गः,,ज्वर-असृक्पित्त-विसर्प-कुष्ठ-पाण्डु-अमय -भ्रम-कामलां च प्राप्नुयात्,,
BPN_1112,सरः,,,,दधिवर्गः,"Rasa: स्वादु ,आम्ल | Guna: गुरु","स्वादु, वृष्य-वात-वह्निप्रणाशन, वस्तिप्रशमन, पित्तश्लेष्मविवर्द्धन",,
BPN_1113,मस्तु,,,,दधिवर्गः,Guna: लघु,"क्लमहर, बल्य, भक्ताभिलाषकृत्, स्रोतोविशोधन, ह्लादि, कफ-तृष्णा-अनिलापह, अवृष्य, प्रीणन, शीघ्र-मलसञ्चयापह",,
BPN_1114,तक्रम्,"कषाय, आम्ल ",,,तक्रवर्गः,"Rasa: लघु | Guna: उष्ण | Virya: मधुर | Vipaka: ग्राहि, दीपनं, वृष्यं, प्रीणनं, वातनाशनम् । ग्रहण्यादिमतां पथ्यं, न पित्तप्रकोपणम् । कफापहम् ।",,,
BPN_1115,छच्छिका,लवण,,,तक्रवर्गः,"Rasa: लघु, शीतल | Vipaka: पित्त-श्रम-तृषाहरी, वातनुत्, कफकृत्, दीपनी ।",,,
BPN_1116,समुद्ध्रुतघृतं,,,,तक्रवर्गः,Rasa: लघु | Vipaka: समुद्ध्रुतघृतं पथ्यं लघु विशेषतः ।,,,
BPN_1117,स्तोकोद्ध्रुतघृतं,,,,तक्रवर्गः,Rasa: गुरु | Vipaka: स्तोकोद्धृतघृतं वृष्यं कफापहम् ।,,,
BPN_1118,अनुद्ध्रुतघृतं,,,,तक्रवर्गः,Rasa: गुरु | Vipaka: अनुद्धृतघृतं सान्द्रं गुरु पुष्टि-कफप्रदम् ।,,,
BPN_1119,"म्रक्षण, सरज, हैयङ्गवीन, नवनीतक",,,,नवनीतवर्गः,Vipaka: हितं गव्यं वृष्यं वर्णबलाग्निकृत् । संग्राहि वात-पित्त-असृक्क्षयार्शो-अर्दितकासहृत् । बालके वृद्धे तद्धितम् । विशषात् अमृतं शिशोः ।,,,
BPN_1120,अथ माहिषनवनीतस्य गुणानाह,,,,नवनीतवर्गः,Rasa: गुरु | Vipaka: वात-श्लेष्मकरं गुरु । दाह-पित्त-श्रमहरम् । मेदः शुक्रविवर्द्धनम् ।,,,
BPN_1121,अथ दुग्धोत्थनवनीतस्य गुणानाह,,,,नवनीतवर्गः,"Rasa: स्निग्ध, शीतल | Virya: मधुर | Vipaka: चक्षुष्यं रक्त-पित्तनुत् । वृष्यं बल्यम्, ग्राहि ।",,,
BPN_1122,अथ सद्योनिः सारितनवनीतस्य गुणानाह,"कषाय, आम्ल",,,नवनीतवर्गः,"Rasa: शीतल, लघु | Virya: मधुर | Vipaka: सद्यस्कं ग्राहि हिमम् । मेध्यम् ।",,,
BPN_1123,अथ चिरन्तननवनीतस्य गुणानाह,"क्षार, कटु, आम्ल",,,नवनीतवर्गः,Rasa: गुरु | Vipaka: वमन/छर्दि -अर्शः कुष्ठकारकम् । श्लेष्मलं गुरु मेदस्यम् ।,,,
BPN_1124,"घृत, आज्य, हविस्, सर्पिस्",,,,घृतवर्गः,"Rasa: स्वादु, गुरु, स्निग्ध | Guna: शीत | Vipaka: रसायनं, चक्षुष्यं, वह्निदीपनम् । विष-अलक्ष्मी-पाप-पित्ता-अनिलापहम् । अल्पाभिष्यन्दि कान्ति -ओज-तेजो-लावण्यवृद्धिकृत् । स्वर-स्मृतिकरं, उदावर्त्त-ज्वर-उन्माद-शूल-आनाह-व्रणान् हरेत् । मेध्यमायुष्यं बलकृत् । कफकरं, क्षय-वीसर्प-रक्तनुत् ।",,,
BPN_1125,अथ गव्यघृतस्य गुणानाह,,,,घृतवर्गः,"Rasa: गुरु | Guna: शीत | Virya: मधुर | Vipaka: चक्षुष्यं, वृष्यम्, अग्निकृत् ।स्वादुपाककरं शीतं वात-पित्त-कफापहम् । मेधा-लावण्य-कान्ति-ओज-तेजो-वृद्धिकरम् । अलक्ष्मी-पाप-रक्षोघ्नम् वयसः स्थापकम्।  बल्यं, पवित्रम्, आयुष्यं, सुमङ्गल्यं, रसायनं, सुगन्धं, रोचनं, चारु, सर्वाज्येषु गुणाधिकम् ।",,,
BPN_1126,अह माहिषघृतस्य गुणानाह,,,,घृतवर्गः,"Rasa: शीतल, गुरु | Virya: मधुर | Vipaka: पित्त-रक्त-अनिलापहम्, वृष्यं, श्लेष्मलम् |",,,
BPN_1127,हैय्यङ्गवीन,,,,घृतवर्गः,"Vipaka: चक्षुष्यं, दीपनं, रुचिकृत्परम्, बलकृद्, बृंहणं, वृष्यं, विशेषाज्ज्वरनाशनम् ।",,,
BPN_1128,अथ तिलतैलगुणानाह,"मधुर, कषाय, तिक्त",,,तैलवर्गः,"Rasa: गुरु, विशद, सूक्ष्म | Guna: उष्ण | Virya: मधुर | Vipaka: स्थैर्य-बल-वर्णकर-सरम् । वृष्य-विकाशी-वात-कफापहम् । हिमं स्पर्शे-बृंहण-रक्त-पित्तकृत् । लेखनं -बद्धविण्मूत्रं -गर्भाशयविशोधनम् । दीपनं -बुद्धिदं -मेध्यं -व्यवायि-व्रणमेहनुत् । श्रोत्र-योनि-शिरः शूलनाशनम् । त्वच्यं केश्यं चक्षुष्यम् -अभ्यङ्गे लघुताकरम् । भोजनेऽन्यथा । छिन्न-भिन्न-च्युत-उत्पिष्ट- मथितक्षतपिच्चिते-भग्न-स्फुटित-विद्ध-अग्निदग्ध-विश्लिष्टदारिते-वस्तौ-पानेऽन्नसंस्कारे नस्ये कर्ण-अक्षिपूरणे । तथा अभिहतनिर्भुग्न-मृग-व्याघ्रादिविक्षते सेकाभ्यङ्गावगाहेषु तिलतैलं प्रशस्यते ।",,,
BPN_1129,ननु बृंहणलेखनयोः कथं समानाधिकरण्यमित्याह,,,,तैलवर्गः,"Rasa: रूक्ष, सूक्ष्म, स्निग्ध, मृदु, तीक्ष्ण | Vipaka: रूक्षादिदुष्टः पवनः स्रोतः संकोचयेद् । रसोऽसम्यग्वहन् कार्श्यं  कुर्यात् रक्तान्यवर्द्धनम् । तेषु प्रवेष्टुं सरतासौक्ष्म्यस्निग्धत्वमार्दवैः । तैलं क्षमं रसं नेतुं कृशानां तेन बृंहणम् । व्यवायिसूक्ष्मतीक्ष्णोष्णसरत्वैभेदसः क्षयम् । शनैः प्रकुरुते तैलं तेन लेखनमीरितम् । द्रुतं पुरीषं बध्नाति स्खलितं पत्प्रवर्त्तयेत् । ग्राहकं सारकं च ।",,,
BPN_1130,अथ सर्षपराजिका तैलयोर्गुणानाह,कटु,,,तैलवर्गः,Rasa: तीक्ष्ण | Guna: उष्ण | Virya: कटु | Vipaka: अग्निदीपनं -लेखनं -स्पर्शं -पित्ता-अस्रदूषकम् । कफ-मेद-अनिल-आर्शोघ्न-शिरः-कर्णामयापहम् । कण्डू-कुष्ठ-कृमि-श्वित्र-कोठ-दुष्ट-क्रिमिप्रणुत् । मूत्रकृच्छ्रकृत् ।,,,
BPN_1131,अथ तुवरीतैलगुणानाह,,,,तैलवर्गः,"Rasa: उष्ण, लघु, तीक्ष्ण | Vipaka: ग्राहि-कफ-अस्रजित् । वह्निकृत्-विषहृत्-कण्डू-कुष्ठ-कोठ-कृमिप्रणुत् । मेदोदोषापहं व्रणशोथहरम् ।",,,
BPN_1132,अथातसीतैलगुणानाह,कटु ? मधुर ,,,तैलवर्गः,"Rasa: स्निग्ध, उष्ण, गुरु | Virya: कटु | Vipaka: आग्नेय-कफपित्तकृत् । अचक्षुष्य-बल्य-वातहरम् । मलकृत्-ग्राहि-त्वग्दोषहृद् घनम् । वस्तौ पाने तथाऽभ्यङ्गे नस्ये कर्णस्य पूरणे अनुपानविधौ चापि प्रयोज्यं वातशान्तये ।",,,
BPN_1133,अथ कुसुम्भतैलगुणानाह,आम्ल,,,तैलवर्गः,"Rasa: उष्ण, गुरु | Vipaka: विदाहि-चक्षुर्भ्यामहितं, बल्यं, रक्त-पित्त-कफ-प्रदम् ।",,,
BPN_1134,अथ खसबीज तैलगुणानाह,मधुर ,,,तैलवर्गः,"Rasa: गुरु, शीतल | Virya: मधुर | Vipaka: बल्यं, वृष्यम् । वातहृत्-कफहृत् ।",,,
BPN_1135,अथैरण्डतैलगुणानाह,"मधुर , तिक्त, कटु, कषाय",,,तैलवर्गः,"Rasa: तीक्ष्ण, उष्ण, गुरु, पिच्छिल, सूक्ष्म | Virya: मधुर | Vipaka: दीपनं, वृष्यं, त्वच्यं, वयःस्थापि मेधा-कान्ति-बलप्रदम् । योनि-शुक्र-विशोधनम् । विस्रं, सारकम् । वात-उदर-आनाह-गुल्म-अष्ठीला -कटिग्रहान् हन्ति । विषमज्वर-हृद्रोग-पृष्ठ-गुह्यादिशूलनुत् । वात-शोणित-विड्बन्ध-ब्रध्न-शोथ-आम-विद्रधिहरः ।",,,
BPN_1136,तत्र काञ्जिकस्य लक्षणं गुणाँश्चाह,,,,सन्धानवर्गः,"Rasa: तीक्ष्ण, लघु, उष्ण | Vipaka: भेदि-रोचन-पाचन-दाहज्वरहर-स्पर्शात्पानाद्वात-कफापह-माषादिवटकैर्यत्तु क्रियते तद् गुणाधिकम् । वातहर-रोचन-पाचन-शूल-अजीर्ण-विबन्ध-अमनाशन-वस्तिशोधनम्",,,
BPN_1137,अथ तुषोदकस्य लक्षणं गुणाँश्चाह,,,,सन्धानवर्गः,"Rasa: तीक्ष्ण, उष्ण | Vipaka: दीपन-हृद्य-पाण्डु-क्रिमि-गदापह-पाचन-पित्त-रक्त--कृद्-बस्ति-शूलनुत्",,,
BPN_1138,अथ धान्याम्लस्य लक्षणं गुणाँश्चाह,,,,सन्धानवर्गः,Rasa: लघु | Vipaka: प्रीणन-दीपन- अरुचौ वातरोगेषु सर्वेष्वास्थापने हितम्,,,
BPN_1139,अथ शुक्तस्य लक्षणं गुणाँश्चाह,,,,सन्धानवर्गः,"Rasa: तीक्ष्ण, ऊष्ण, रूक्ष, लघु | Vipaka: कफघ्न-रोचन-पाचन- पाण्डु-क्रिमिहर-भेदन-रक्तपित्तकृत्",,,
BPN_1140,अथासुतम् तस्य लक्षणं गुणान् चाह,,,,सन्धानवर्गः,Rasa: लघु | Vipaka: रुच्य-पाचन-वातहरम्,,,
BPN_1141,"मद्य, सीधु, मैरेय,इरा , मदिरा, सुरा, कादम्बरी, वारुणी, हाला तथा बलवल्लभा",आम्ल,,,सन्धानवर्गः,"Rasa: रूक्ष, तीक्ष्णं,सूक्ष्म, विशद | Guna: उष्ण | Vipaka: पित्तकृत्-वातनाशन-भेदन-शीघ्रपाक-कफहर-दीपन-रुच्य-पाचन-आशुकारि-व्यवायि-विकाशि",,,
BPN_1142,अथ सुराया लक्षणं गुणश्चाह,,,,सन्धानवर्गः,Rasa: गुरु | Vipaka: बल-स्तन्य-पुष्टि-मेद-कफप्रदा- ग्राहिणि - शोथ-गुल्माश-ग्रहणी-मूत्र-कृच्छ्रनुत्,,,
BPN_1143,अथ सुराभेदस्य वारुण्या लक्षणगुणानाह,,,,सन्धानवर्गः,Rasa: लघु | Vipaka: लघ्वी-पीनस-आध्मान-शूलनुत्,,,
BPN_1144,नवम्,,,,सन्धानवर्गः,"Rasa: विशद, गुरु | Vipaka: अभिष्यन्दि-त्रिदोषजनक-सरम् । अहृद्य-बृंहण-दाहि-दुर्गन्ध-।",,,
BPN_1145,पुराणम्,,,,सन्धानवर्गः,Rasa: लघु | Vipaka: जीर्ण -रोचिष्णु-क्रिमि-श्लेष्मा-अनिलापहम् । हृद्य-सुगन्धिगुणवत्-स्रोतोविशोधनम् ।,,,
BPN_1146,"मधु, माक्षिक, माध्वीक, क्षौद्र सारघ, मक्षिकावान्त, वरटीवान्त, भृङ्गवान्त, पुष्परसोद्भव",कषाय,,,मधुवर्गः,"Rasa: विशद, रूक्ष, सूक्ष्म, लघु | Virya: शीत | Vipaka: ग्राही-विलेखन -चक्षुष्य-दीपन -स्वर्य -व्रणशोधनरोपण -सौकुमार्यकर -सूक्ष्म-स्रोतोविशोधन -ह्लादि-प्रसादजनक -वर्ण्य  मेधाकर  -वृष्य - कुष्ठ-अर्शः-काश-पित्त-अस्र-कफ-मेह-क्लम-क्रिमीन्-मेद-तृष्णा-वमि-श्वास-हिक्का-अतीसारविड्ग्रह-दाह-क्षतक्षयान् योगवाहि-अल्पवातल",,,
BPN_1148,अथ तेषां लक्षणं गुणाँश्च । तत्र माक्षिकस्य लक्षणगुणानाह,,,,मधुवर्गः,Rasa: लघु | Vipaka: नेत्रामयहर-कामला-अर्श-क्षत-श्वास-कासक्षयविनाशन,,,
BPN_1149,अथ भ्रामरस्य लक्षणगुणानाह,,,,मधुवर्गः,"Rasa: गुरु, पिच्छिल | Guna: शीत | Virya: स्वादु/ मधुर | Vipaka: रक्तपित्तघ्न-मूत्रजाड्यकर-पाकमभिष्यन्दी-पिच्छिलम्",,,
BPN_1150,(गुणैः माक्षिकवत् ),,,,मधुवर्गः,Vipaka: मेहनाशनम्,,,
BPN_1151,अथ पौत्तिकमधुनो लक्षणगुणानाह,,,,मधुवर्गः,Rasa: रूक्ष | Guna: उष्ण | Vipaka: पित्तदाह-अस्र-वातकृत्-विदाही-मेहकृच्छ्रघ्न-ग्रन्थ्यादिक्षतशोषि,,,
BPN_1152,अथ छात्रमधुनो लक्षणं गुणाँश्चाह,,,,मधुवर्गः,"Rasa: पिच्छिल, गुरु | Guna: शीत | Virya: स्वादु/ मधुर | Vipaka: कृमि-श्वित्र-रक्त-पित्त-प्रमेहजित्-भ्रम-तृण्मोह-विषहृत्तर्पणञ्च",,,
BPN_1153,अथ दालमधुनो लक्षणगुणानाह,"कषाय, आम्ल ",,,मधुवर्गः,"Rasa: लघु, रूक्ष, स्निग्ध, | Virya: मधुर, लघु? | Vipaka: दीपनीय-कफापह-छर्दि-प्रमेहजित्- बृंहण-गुरु-भारिकम्",,,
BPN_1154,पुराणमधु,,,,मधुवर्गः,Rasa: रूक्ष | Vipaka: ग्राहक-मेदोघ्नमतिलेखनम्,,,
BPN_1155,"मयन, मधूच्छिष्ट, मधुशेष, सिक्थक, मध्वाधार, मदनक, मधूषित",,,,मधुवर्गः,"Rasa: स्निग्ध, मृदु | Vipaka: भूतघ्न-व्रणरोपणम्-भग्नसन्धानकृद्वात-कुष्ठ-वीसर्प-रक्तजित्",,,
BPN_1156,"इक्षु, दीर्घच्छद, भूरिरस, गुडमूल, असिपत्र, मधुतृण",मधुर,Sacharum officinarium,Gramineae,इक्षुवर्गः,"Rasa: स्निग्ध, गुरु | Guna: शीत | Virya: मधुर | Vipaka: रक्त-पित्तघ्न, बाल्य, वृष्य, कफप्रद, मूत्रल",Sugar Cane,,
BPN_1158,श्वेतपौण्ड्रक-भीरुकेक्षु,मधुर,,,इक्षुवर्गः,Rasa: शीतल | Virya: मधुर | Vipaka: वात-पित्तप्रशमन-बृंहण-बल्य,,,
BPN_1159,कोशकारेक्षुः,,,,इक्षुवर्गः,Rasa: गुरुः शीतो | Vipaka: रक्त-पित्त-क्षयापहः,,,
BPN_1160,कान्तारेक्षु,,,,इक्षुवर्गः,"Rasa: सरः, गुरुः | Vipaka: वृष्य-श्लेष्मल-बृंहण",,,
BPN_1161,शतपोरकेक्षु,क्षार,,,इक्षुवर्गः,Rasa: उष्ण | Vipaka: कोशकार संज्ञक-पवनापह,,,
BPN_1162,तापसेक्षु,मधुर,,,इक्षुवर्गः,Rasa: मृदु | Vipaka: श्लेष्मकोपनी-तर्पणी-रुचिकृच्-वृष्या-बलकारिणी,,,
BPN_1163,मनोगुप्तेक्षु,अत्यन्त मधुर,,,इक्षुवर्गः,Rasa: शीतल | Vipaka: वातहरी-तृष्णाऽऽ-आमय-विनाशिनी-रक्त-पित्तप्रणाशिनी,,,
BPN_1164,तरुण,स्वादु,,,इक्षुवर्गः,Rasa: तीक्ष्ण | Vipaka: वातहृत्-पित्तनुत्,,,
BPN_1165,यान्त्रिकेक्षु,,,,इक्षुवर्गः,Rasa: गुरुः | Vipaka: विदाही-विष्टम्भी,,,
BPN_1166,पर्युषितेक्षु,आम्लः,,,इक्षुवर्गः,Rasa: गुरुः | Vipaka: वातापह-कफपित्तकर-शोषी-भेदन-अतिमूत्रलः,,,
BPN_1167,पक्वेक्षु,,,,इक्षुवर्गः,"Rasa: गुरुः, स्निग्धः, तीक्ष्णः, रूक्ष | Vipaka: कफवातनुत् - गुल्म-आनाहप्रशमन-किञ्चित्पित्तकरः",,,
BPN_1168,अथेक्षुरसनिर्मितपदार्थगुणा,मधुर ,,,इक्षुवर्गः,"Rasa: गुरु, स्निग्ध, सर, शीत | Vipaka: तृट्दाह-मूर्छा-पित्ता-अस्रनाशन, बाल्य, वृष्य, वातहर,मोहहर, विशहारिन्, बृंहण",,,
BPN_1169,फाणितम्,,,,इक्षुवर्गः,Rasa: गुरु | Vipaka: अभिष्यन्दी - बृंहण-कफ-शुक्रकृत्-वात-पित्त-श्रमहर-मूत्र-वस्तिविशोधनम्,,,
BPN_1170,मत्स्यण्डी,मधुर,,,इक्षुवर्गः,Rasa: लघु | Vipaka: भेदिनी-बल्या-पित्त-अनिलापहा-बृंहणी-वृष्या-रक्तदोषापहा,,,
BPN_1171,अथ गुडस्य लक्षणं गुणाँश्चाह,,,,इक्षुवर्गः,"Rasa: गुरुः, स्निग्धः | Vipaka: वृष्य -वातघ्नो-मूत्रशोधन-मेद-कफ-क्रिमि-बलप्रदः, न अतिपित्तघ्न",,,
BPN_1172,अथ पुराणगुडस्य गुणानाह,मधुर,,,इक्षुवर्गः,Rasa: लघु | Vipaka: जीर्ण-पथ्यो-अनभिष्यन्दी-अग्निपुष्टिकृत्-पित्तघ्नो-वृष्यो-वातघ्नो-असृक्प्रसादनः,,,
BPN_1173,अथ खण्डस्य गुणा,मधुर ,,,इक्षुवर्गः,Rasa: स्निग्ध | Guna: शीत | Vipaka: वृष्य-चक्षुष्य-बृंहण-वात-पित्तहर-बल्य-वान्तिहरम्,,,
BPN_1174,अथ शर्करा,मधुर ,,,इक्षुवर्गः,Rasa: शीत | Vipaka: वात-पित्ता-अस्र-दाह-हृत्-मूर्च्छा-च्छर्दि-ज्वरहरा -सुशीता-शुक्रकारिणी,,,
BPN_1175,पुष्पसिता,शीत,,,इक्षुवर्गः,Rasa: लघु | Guna: शीत ? | Vipaka: रक्त-पित्तहरी,,,
BPN_1176,सितोपला,शीत,,,इक्षुवर्गः,Rasa: लघु | Guna: शीत ? | Vipaka: सारा -वात-पित्तहरी,,,
BPN_1177,अथ मधुखण्डगुणा,कषाय ,,,इक्षुवर्गः,"Rasa: रूक्ष, गुरुः | Guna: शीत | Vipaka: कफ-पित्तहरा-छर्दि-अतीसार--तृड्-दाह-रक्तहृत्",,,
