herb_sanskrit,varga_category,synonyms,classical_properties,raw_karma_sanskrit,english_disease,english_herb,botanical_name,english_guess,source_text,source_verse_ids
हरीतकी,हरीतक्यादिवर्गः,"अभया, पथ्या, कायस्था, पूतना,अमृता,  हैमवती, अव्यथा, चेतकी, श्रेयसी, शिवा,  वयस्था, विजया, जीवन्ती, रोहिणी,","Rasa: पञ्चरस अलवण | Guna: रूक्ष, लघु | Virya: उष्ण | Vipaka: मधुर/स्वादु","दीपनी, मेध्या, रसायनी, चक्षुष्या, आयुष्या, बृंहणी, अनुलोमिनी,   श्वास, कास, प्रमेह, अर्श, कुष्ठ, शोथ, उदरक्रिमी  वैस्वर्य, ग्रहणीरोग, विबन्ध,विषमज्वर,  गुल्म, आध्मान, तृषा, छर्दि, हिक्का, कण्डू, हृदामय,  कामला, शूल, अनाह, प्लीह, यकृत्,  अश्मरी, मूत्रकृच्छ्र, मूत्राघात",,,,,Bhavaprakasha Nighantu (legacy professor dataset; test use),BPN_0001
आमलकी,हरीतक्यादिवर्गः,"वयस्या, आमलकी, वृष्या, जातीफलरसा, शिव, धात्रीफल, श्रीफल, अमृतफल","Rasa: आम्ल, मधुर, कषाय | Guna: रूक्ष | Virya: उष्ण अथवा शीत","रक्त-पित्त-प्रमेहघ्न, वृष्य, रसायन, वातह, त्रिदोषजित्",,,,,Bhavaprakasha Nighantu (legacy professor dataset; test use),BPN_0012
त्रिफला,हरीतक्यादिवर्गः,-,,"कफ-पित्तघ्नी, मेह-कुष्ठहरा, सरा, चक्षुष्या, दीपनी, रुच्या, विषम-ज्वरनाशिनी",,,,,Bhavaprakasha Nighantu (legacy professor dataset; test use),BPN_0013
शुण्ठी,हरीतक्यादिवर्गः,"शुण्ठी, विश्वा, विश्व, नागर, विश्वभेषज, ऊषण, कटुभद्र, शृङ्गवेर, महौषध","Rasa: कटु | Guna: लघु, स्निग्ध | Virya: उष्ण | Vipaka: मधुर","रुच्या, आम-वातघ्नी, पाचनी, कफ-वात-विबन्धनुत्, वृष्या, स्वर्य्या-वमि-श्वास-शूल-कास-हृदामय-श्लीपद-शोथार्श, आनाह -उदरमारुतहरा",,,,,Bhavaprakasha Nighantu (legacy professor dataset; test use),BPN_0014
आर्द्रकम्,हरीतक्यादिवर्गः,"आर्द्रकम्, शृङ्गबेर, कटुभद्र, आर्द्रिका","Rasa: कटु | Guna: तीक्ष्ण, रूक्ष, गुरु | Virya: उष्ण | Vipaka: मधुर","भेदिनी, गुर्वी, दीपनी, वात-कफापहा, शुण्ठगुणसम",,,,,Bhavaprakasha Nighantu (legacy professor dataset; test use),BPN_0015
पिप्पली,हरीतक्यादिवर्गः,"पिप्पली, मागधी, कृष्णा, वैदेही, चपला, कणा, उपकुल्या, ऊषणा, शौण्डी, कोला, तीक्ष्णतण्डुला","Rasa: कटु | Guna: अनुष्णा, स्निग्ध, लघु | Vipaka: मधुर","दीपनी, वृष्या, रसायनी, वात-श्लेष्महर, रेचनी, श्वास-कास-उदरज्वरहर, कुष्ठ-प्रमेह-गुल्मार्शः प्लीह-शूल-आम-मारुतनाशक",,,,,Bhavaprakasha Nighantu (legacy professor dataset; test use),BPN_0016
आर्द्रा,हरीतक्यादिवर्गः,,"Rasa: मधुरा | Guna: स्निग्धा, शीतला, गुरु","कफप्रदा, पित्तप्रशमनी",,,,,Bhavaprakasha Nighantu (legacy professor dataset; test use),BPN_0017
शुष्का,हरीतक्यादिवर्गः,,,पित्तप्रकोपिणी,,,,,Bhavaprakasha Nighantu (legacy professor dataset; test use),BPN_0018
मधुसंयुक्ता,हरीतक्यादिवर्गः,,,"मेदः-कफविनाशिनी, श्वास-कास-ज्वरहरी, वृष्या, मेध्या, अग्निवर्द्धिनी",,,,,Bhavaprakasha Nighantu (legacy professor dataset; test use),BPN_0019
मरीचम्,हरीतक्यादिवर्गः,"मरीच, वेल्लज, कृष्ण, ऊषण, धर्मपत्तन","Rasa: कटु | Guna: तीक्ष्ण, रूक्ष | Virya: उष्ण","दीपन, कफ-वातजित्, पित्तकर, श्वास-शूल-कृमिहर",,,,,Bhavaprakasha Nighantu (legacy professor dataset; test use),BPN_0020
त्रिकटु,हरीतक्यादिवर्गः,कटुत्रिक त्रिकटु त्र्यूषण व्योष,,"त्र्यूषणं, दीपन, श्वास-कास-त्वगामयहर, गुल्म-मेह-कफ-स्थौल्य-मेदः-श्लीपद-पीनसहर",,,,,Bhavaprakasha Nighantu (legacy professor dataset; test use),BPN_0022
पिप्पलीमूलम्,हरीतक्यादिवर्गः,"ग्रन्थिक, पिप्पलीमूल, ऊषण, चटकाशिर","Rasa: कटु | Guna: लघु, रूक्ष | Virya: उष्ण","दीपन, पाचन, पित्तकर, भेदि, कफ-वातो-दरापह, आनाह-प्लीह-गुल्मघ्न, कृमि-श्वास-क्षयापह",,,,,Bhavaprakasha Nighantu (legacy professor dataset; test use),BPN_0023
चव्यम्,हरीतक्यादिवर्गः,"चव्य, चविका, ऊषण","Rasa: कटु | Guna: लघु, रूक्ष | Virya: उष्ण","गुदजापह, कणामूलगुणं",,,,,Bhavaprakasha Nighantu (legacy professor dataset; test use),BPN_0024
गजपिप्पली,हरीतक्यादिवर्गः,"कपिवल्ली, कोलवल्ली, श्रेयसी, वशिर",Rasa: कटु | Virya: उष्ण,"वात-श्लेष्मह, द्वह्निवर्धिनी, अतीसार-श्वास-कण्ठामय-क्रिमिहन्त्री",,,,,Bhavaprakasha Nighantu (legacy professor dataset; test use),BPN_0025
चित्रकम्,हरीतक्यादिवर्गः,"चित्रक, अनलनामा, पाठी, व्याल, ऊषण","Rasa: कटु | Guna: लघु, रूक्ष | Virya: उष्ण | Vipaka: कटु","वह्निकृत्, पाचन, ग्रहणी-कुष्ठ-शोथ-आर्श-कृमि-कासनुत्, वात-श्लेष्महरी, ग्राही, वातघ्न, श्लेष्म-पित्तहृत्",,,,,Bhavaprakasha Nighantu (legacy professor dataset; test use),BPN_0026
षडूषणम्,हरीतक्यादिवर्गः,,Guna: रूक्ष | Virya: उष्ण,विषापह,,,,,Bhavaprakasha Nighantu (legacy professor dataset; test use),BPN_0028
यवानिका,हरीतक्यादिवर्गः,"यवानिका, उग्रगन्धा, ब्रह्मदर्भा, अजमोदिका, दीप्यका, दीप्या, यवसाह्वया","Rasa: कटु, तिक्त | Guna: तीक्ष्ण, लघु | Virya: उष्ण","पाचनी, रुच्या, दीपनी, पित्तला शुक्र-शूलहृत्, वात-श्लेष्मो-उदर-आनाह-गुल्म-प्लीह-कृमिप्रणुत्",,,,,Bhavaprakasha Nighantu (legacy professor dataset; test use),BPN_0029
अजमोदा,हरीतक्यादिवर्गः,"अजमोदा, खराश्वा, मायूरः, दीप्यक, ब्रह्मकुशा, कारवी, लोचमस्तका","Rasa: कटु | Guna: लघु, तीक्ष्ण | Virya: उष्ण","दीपनी, कफवातनुत्, विदाहिनी, हृद्या, वृष्या, बलकरी, नेत्रामय-कृमिच्छर्दि-हिक्का-बस्ति-रुजहर",,,,,Bhavaprakasha Nighantu (legacy professor dataset; test use),BPN_0030
पारसीकयवनी,हरीतक्यादिवर्गः,,Guna: गुरु,"पाचनी, रुच्या, ग्राहिणी, मादिनी",,,,,Bhavaprakasha Nighantu (legacy professor dataset; test use),BPN_0031
शुक्लजीरक,हरीतक्यादिवर्गः,"जीरक, जरण, अजाजी, कणा, दीर्घजीरक","Rasa: कटु | Guna: रूक्ष, लघु | Virya: उष्ण","दीपन, संग्राही, पित्तल, मेध्य, गर्भाशयविशुद्धिकृत्, ज्वरघ्न, पाचन, वृष्य, बल्य, रुच्य, कफापह, चक्षुष्य, पवन-अध्मान-गुल्म-च्छर्द्य-तिसारहृत्",,,,,Bhavaprakasha Nighantu (legacy professor dataset; test use),BPN_0032
धान्यकम्,हरीतक्यादिवर्गः,"धान्यक, धानक, धान्य, धाना, धानेयक, कुनटी, धेनुका, छत्रा, कुस्तुम्बुरु, वितुन्नक","Rasa: कषाय, तिक्त, कटु | Guna: स्निग्ध, लघु | Virya: उष्ण | Vipaka: मधुर","अवृष्य, मूत्रल, दीपन, पाचन, ज्वरघ्न, रोचक, ग्राहि, त्रिदोषनुत्, तृष्णा-दाह-वमि-श्वास-कास-कार्श्य-क्रिमिप्रणुत्",,,,,Bhavaprakasha Nighantu (legacy professor dataset; test use),BPN_0035
शतपुष्पा,हरीतक्यादिवर्गः,"शतपुष्पा, शताह्वा, मधुरा, कारवी, मिसि, अतिलम्बी, सितच्छत्रा, संहितच्छत्रिका","Rasa: कटु | Guna: तीक्ष्ण, लघु | Virya: उष्ण","पित्तकृत्, दीपनी, ज्वर-अनिल-श्लेष्म-व्रण-शूल-अक्षिरोगहृत्",,,,,Bhavaprakasha Nighantu (legacy professor dataset; test use),BPN_0037
मिश्रेया,हरीतक्यादिवर्गः,"छत्रा, शालेय, शालीन, मिश्रेया, मधुरा, मिसि",Guna: रूक्ष | Virya: उष्ण,"निशूलनुत्, अग्निमान्द्यहरी, हृद्या, वद्धविट्कृमि-शुक्रहृत्, पाचनी, कास-वमि-श्लेष्म-अनिलाह्वरेत्",,,,,Bhavaprakasha Nighantu (legacy professor dataset; test use),BPN_0038
चन्द्रशूरः,हरीतक्यादिवर्गः,"चेन्द्रिका, चर्महन्त्री, पशुमेहनकारिका, नन्दिनी, कारवी, भद्रा, वासपुष्पा, सुवासरा",,"हिक्का-वात-श्लेष्म-अतिसारिहित, असृग्वात-गदद्वेषि, बलपुष्टिविवर्द्धन",,,,,Bhavaprakasha Nighantu (legacy professor dataset; test use),BPN_0040
चतुर्बीजम्,हरीतक्यादिवर्गः,,,पवन-आमय-अजीर्ण-शूलमाध्मान-पार्श्वशूल-कटिव्यथानिहन,,,,,Bhavaprakasha Nighantu (legacy professor dataset; test use),BPN_0041
हिङ्गु,हरीतक्यादिवर्गः,"सहस्रवेधि, जतुक, बाह्लीक, हिङ्गु, रामठ",Guna: तीक्ष्ण | Virya: उष्ण,"पाचन, रुच्य, वातवलासनुत्, शूल-गुल्म-उदर-आनाहकृमिघ्न, पित्तवर्द्धन",,,,,Bhavaprakasha Nighantu (legacy professor dataset; test use),BPN_0042
वचा,हरीतक्यादिवर्गः,"वाचा, उग्रगन्धा, षड्ग्रन्था, गोलोमी, शतपर्विका, क्षुद्रपत्री, मङ्गल्या, जटिला, उग्रा, लोमशा","Guna: तिक्त, कटु | Virya: उष्ण","उग्रगन्धा, वान्तिवह्निकृत्, विबन्धाध्मानशूलघ्नी, शकृन्मूत्रविशोधिनी, अपस्मार-कफ-उन्मांद-भूत-जन्तु-अनिलहर",,,,,Bhavaprakasha Nighantu (legacy professor dataset; test use),BPN_0043
चोबचीनि,हरीतक्यादिवर्गः,द्वीपान्तरवचा,Guna: त्तिक्त | Virya: उष्ण,"वह्निदीप्तिकृत्, विबन्ध -अध्मान-शूलघ्नी, शकृन्मूत्रविशोधिनी, वात-व्याधी-अपस्मार-उन्माद-तनुवेदनव्यपोह, विशेष-फिरङ्गामयनाशिनी",,,,,Bhavaprakasha Nighantu (legacy professor dataset; test use),BPN_0049
हपुषा,हरीतक्यादिवर्गः,"हपुषा, हबुषा, विस्रा","Rasa: तिक्त, तुवर | Guna: मृदु, गुरु | Virya: उष्ण","दीपनी, पित्त -उदर-समीर-आर्शो-ग्रहणी-गुल्म-शूलहृत्",,,,,Bhavaprakasha Nighantu (legacy professor dataset; test use),BPN_0051
विडङ्गः,हरीतक्यादिवर्गः,"कृमिघ्न, जन्तुनाशन, तण्डुल, वेल्ल, अमोघा, चित्रतण्डुल","Rasa: कटु, तिक्त | Guna: रूक्ष, लघु | Virya: उष्ण","वह्निकर, शूल-अध्मान-उदर-श्लेष्म-कृमि-वात-विबन्धनुत्",,,,,Bhavaprakasha Nighantu (legacy professor dataset; test use),BPN_0053
नाडीहिङ्गु,हरीतक्यादिवर्गः,"नाडीहिङ्गु, पलाशाख्या, जन्तुका, रामठी, वंशपत्री, पिण्डाह्वा, सुवीर्य्या, हिङ्गुनाडिका",Rasa: कटु | Guna: तीक्ष्ण | Virya: उष्ण,"दीपक, कफ-वात-मल-स्तम्भ-मनो-मोह-आमनाशन",,,,,Bhavaprakasha Nighantu (legacy professor dataset; test use),BPN_0054
तुम्बुरु,हरीतक्यादिवर्गः,"तुम्बरु, सौरभ, सौर, वनज, सानुज, अन्धक","Rasa: तिक्त, कटु | Guna: रूक्ष, तीक्ष्ण, लघु | Virya: उष्ण | Vipaka: कटु","दीपन, रुच्य, विदाहि, वातश्लेष्म-अक्षि-कर्ण-ओष्ठ-शिरोरुक्-गुरुता-कृमि-कुष्ठ-शूल-अरुचि-श्वास-प्लीह-मूत्रकृच्छ्रनाशक",,,,,Bhavaprakasha Nighantu (legacy professor dataset; test use),BPN_0055
वंशलोचनः,हरीतक्यादिवर्गः,"वंशरोचना, वांशी, तुगाक्षीरी, तुगा, शुभा, त्वक्क्षीरी, वंशजा, शुभ्रा, वंशक्षीरी, वैणवी","Rasa: कषाय, स्वादु | Virya: शीतल","बृंहणी, वृष्या, बल्या, तृष्णा-कास-ज्वर-श्वास-क्षय-पित्तास्र-कामल-कुष्ठ-व्रण-पाण्डु-वातकृच्छ्रजित्",,,,,Bhavaprakasha Nighantu (legacy professor dataset; test use),BPN_0056
समुद्रफेनः,हरीतक्यादिवर्गः,"समुद्रफेन, फेन, हिण्डीर, अब्धिकफ",Rasa: कषाय | Virya: शीतल,"चक्षुष्य, लेखन, विषपित्तघ्न, कर्णरुक् -क्कफहृत्सर",,,,,Bhavaprakasha Nighantu (legacy professor dataset; test use),BPN_0057
जीवक,हरीतक्यादिवर्गः,"जीवक, मधुर, शृङ्ग, ह्रस्वाङ्ग, कूर्चशीर्षक",Rasa: मधुर | Virya: शीत,"बल्य, शुक्रकफप्रद, पित्त-दाह-अस्र-कार्श्य-वात-क्षयापह",,,,,Bhavaprakasha Nighantu (legacy professor dataset; test use),BPN_0060
मेदा,हरीतक्यादिवर्गः,"शल्यपर्णी, मणिच्छिद्रा, मेदा, मेदोभवा, अध्वरा",Rasa: स्वादु | Guna: गुरु | Virya: शीत,"वृष्य, स्तन्यकफावह, बृंहण, पित्त-रक्त-वात-ज्वरप्रणुत्",,,,,Bhavaprakasha Nighantu (legacy professor dataset; test use),BPN_0063
काकोली,हरीतक्यादिवर्गः,"काकोली, वायसोली, वीरा, कायस्थिता",Rasa: मधुर | Guna: गुरु | Virya: शीत,"शुक्रवर्धक, बृंहण, वात-दाहा-अस्र-पित्त-शोष-ज्वरापह",,,,,Bhavaprakasha Nighantu (legacy professor dataset; test use),BPN_0066
ऋद्धिः,हरीतक्यादिवर्गः,,Rasa: मधुर | Guna: गुरु,"बल्या, त्रिदोषघ्नी, शुक्ला, प्राणैश्वर्यकरी, मूर्च्छा-रक्त-पित्त-विनाशिनी",,,,,Bhavaprakasha Nighantu (legacy professor dataset; test use),BPN_0069
वृद्धिः,हरीतक्यादिवर्गः,,Rasa: मधुर | Virya: शीत,"गर्भप्रदा, बृंहणी, वृष्या, पित्तास्रशमनी, क्षतकासक्षयापहा",,,,,Bhavaprakasha Nighantu (legacy professor dataset; test use),BPN_0070
यष्टीमधु,हरीतक्यादिवर्गः,"यष्टीमधु, यष्टीमधुक, क्लीतनक","Rasa: मधुर | Guna: गुरु, स्निग्ध | Virya: शीत","चक्षुष्या, बलवर्णकृत्, शुक्रला, केश्या, स्वर्या, पित्त-अनिल-अस्रजित्, व्रण-शोथ-विषच्छर्दि-तृष्णा-ग्लानि-क्षयापहा",,,,,Bhavaprakasha Nighantu (legacy professor dataset; test use),BPN_0071
काम्पिल्लः,हरीतक्यादिवर्गः,"काम्पिल्ल, कर्कश, चन्द्र, रक्ताङ्ग, रोचन",Rasa: कटु | Virya: उष्ण,"कफ-पित्त-अस्र-कृमि-गुल्म-उदर-व्रणहर, रेची, मेह-आनाह-विषाश्मनुत्",,,,,Bhavaprakasha Nighantu (legacy professor dataset; test use),BPN_0072
आरग्वधः,हरीतक्यादिवर्गः,"आरग्वध, राजवृक्ष, शम्पाक, चतुरङ्गुल, आरवेत, व्याधिघात, कृतमाल, सुवर्णक, कर्णिकार, दीर्घफल, स्वर्णाङ्ग, स्वर्णफल",Rasa: मधुर | Guna: गुरु | Virya: शीत,"ज्वर-हृद्रोग-पित्त-अस्र-वातोदावर्त्त-शूलनुत्, रुच्य, कुष्ठ-पित्त-कफापह, कोष्ठशुद्धिकर, स्रंसन",,,,,Bhavaprakasha Nighantu (legacy professor dataset; test use),BPN_0073
कटुका,हरीतक्यादिवर्गः,"कट्वी, कटुका, तिक्ता, कृष्णमेदा, कटम्भरा, अशोका, मत्स्यशकला, चक्राङ्गी, शकुलादनी, मत्स्यपित्ता, काण्डरुहा, रोहिणी, कटुरोहिणी","Rasa: तिक्त | Guna: रूक्ष, लघु | Virya: शीत | Vipaka: कटु","भेदिनी, दीपनी, हृद्या, कफ-पित्त-ज्वरापह, प्रमेह-श्वास-कासा-अस्र-दाह-कुष्ठ-क्रिमिप्रणुत्",,,,,Bhavaprakasha Nighantu (legacy professor dataset; test use),BPN_0074
किरातकः,हरीतक्यादिवर्गः,"किराततिक्त, कैरात, कटुतिक्त, किरातक, काण्डतिक्त, अनार्यतिक्त, भूनिम्ब, रामसेनक","Rasa: तिक्त | Guna: रूक्ष, लघु, सारक | Virya: शीत","सन्निपात-ज्वर-श्वास-कफ-पित्त-अस्र-दाहनुत्, कास-शोथ-तृषा-कुष्ठ-ज्वर-व्रण-कृमिप्रणुत्",,,,,Bhavaprakasha Nighantu (legacy professor dataset; test use),BPN_0075
इन्द्रयवः,हरीतक्यादिवर्गः,"कटुजबीज, यव, इन्द्रयव, कलिङ्ग, भद्रयव",Rasa: कटु | Virya: शीत,"त्रिदोषघ्न, संग्राहि, ज्वर-अतीसार-रक्ता-आर्शो-वमि-वीसर्प-कुष्ठनुत्, दीपन, गुदकीलास्र-वात-अस्रश्लेष्म-शूलजित्",,,,,Bhavaprakasha Nighantu (legacy professor dataset; test use),BPN_0076
मदनः,हरीतक्यादिवर्गः,"मदन, छर्दन, पिण्ड, नट, पिण्डीतक, करहाट, मरुवक, शल्यक, विषपुष्पक","Rasa: मधुर, तिक्त | Guna: लघु | Virya: उष्ण","लेखन, वान्तिकृद् -विद्रधिहर, प्रतिश्यायव्रणान्तक, कुष्ठ-कफा-आनाह-शोथ-गुल्म-व्रणापह",,,,,Bhavaprakasha Nighantu (legacy professor dataset; test use),BPN_0077
रास्ना,हरीतक्यादिवर्गः,"रास्ना, युक्तरसा, रस्या, रसना, सुवहा, रसा, एलापर्णी, सुरसा, सुगन्धा, श्रेयसी,",Rasa: तिक्त | Guna: गुरु | Virya: उष्ण,"आमपाचिनी, कफवातजित्, शोथ-श्वास-समीरा-अस्र-वात-शूलो-उदरापह, कास-ज्वर-विषा-अशीति-वातिकामय-सिध्महृत्",,,,,Bhavaprakasha Nighantu (legacy professor dataset; test use),BPN_0078
नाकुली,हरीतक्यादिवर्गः,"नाकुली, सुरसा, नागसुगन्धा, गन्धनाकुली, नकुलेष्टा, भुजङ्गाक्षी, सर्पाङ्गी, विषनाशिनी","Rasa: तुवर, तिक्त, कटु | Virya: उष्ण",भोगि-लूता-वृश्चिका-आखु-विष-ज्वर-कृमि-व्रणविनाशक,,,,,Bhavaprakasha Nighantu (legacy professor dataset; test use),BPN_0079
माचिका,हरीतक्यादिवर्गः,"माचिका, प्रस्थिका, अम्बष्ठा, अम्बालिका, अम्बिका, मयूरविदला, केशी, सहस्रा, बालमूलिका","Rasa: कषाय, आम्ल | Guna: लघु | Virya: शीत | Vipaka: कषाय",पक्वा-अतीसा-रपित्ता-अस्र-कफ-कण्ठामयापह,,,,,Bhavaprakasha Nighantu (legacy professor dataset; test use),BPN_0080
तेजवती,हरीतक्यादिवर्गः,"तेजस्विनी, तेजवती, तेजोह्वा, तेजनी","Rasa: कटु, तिक्त | Virya: उष्ण","कफ-श्वास-कासा-आस्यामय-वातहृत्, पाचनी, रुचिवह्निप्रदीपिनी",,,,,Bhavaprakasha Nighantu (legacy professor dataset; test use),BPN_0081
ज्योतिष्मती,हरीतक्यादिवर्गः,"ज्योतिष्मती, कष्टमी, ज्योतिष्का, कङ्गुनी, पारावतपदी, पिण्या, लता, ककुन्दिनी","Rasa: कटु, तिक्त | Guna: तीक्ष्ण | Virya: उष्ण","सरा, कफसमीरजित्, वामनी, वह्निबुद्धिस्मृतिप्रदा",,,,,Bhavaprakasha Nighantu (legacy professor dataset; test use),BPN_0082
कुष्ठम्,हरीतक्यादिवर्गः,"कुष्ठ, रोगाह्वय, वाप्य, परिभाव्य, उत्पल","Rasa: कटु, मधुर, तिक्त | Guna: लघु | Virya: उष्ण","शुक्रल, वाता-अस्र-वीसर्प-कास-कुष्ठ-मरुत्- कफह",,,,,Bhavaprakasha Nighantu (legacy professor dataset; test use),BPN_0083
पुष्करमूलम्,हरीतक्यादिवर्गः,"पुष्करमूल, पौष्कर, पुष्कर, पद्मपत्र, काश्मीर, कुष्ठभेद","Rasa: कटु, तिक्त","वात-कफ-ज्वरापह, शोथ-अरुचि-श्वासा-त्पार्श्वशूलनुत्",,,,,Bhavaprakasha Nighantu (legacy professor dataset; test use),BPN_0084
कटुपर्णी,हरीतक्यादिवर्गः,"कटुपर्णी, हैमवती, हेमक्षीरी, हिमावती, हेमाह्वा, पीतदुग्धा",Rasa: तिक्त,"रेचनी, भेदिनी, उत्वलेशकारिणी, कृमि-कण्डू-विष-आनाह-कफ-पित्ता-आस्र-कुष्ठनुत्",,,,,Bhavaprakasha Nighantu (legacy professor dataset; test use),BPN_0085
कर्कशृङ्गी,हरीतक्यादिवर्गः,"शृङ्गी, कर्कटश्रुङ्गी, कुलीरविषाणिका, अजश्रुङ्गी, चक्रा, कर्कटाख्या","Rasa: कषाय, तिक्त | Virya: उष्ण",कफ-वात-क्षय-ज्वर-श्वासो-उर्ध्व-वात-तृट्कास-हिक्काऽ-अरुचि-र्वमीन्हर,,,,,Bhavaprakasha Nighantu (legacy professor dataset; test use),BPN_0086
कट्फलम्,हरीतक्यादिवर्गः,"कटफल, सोमवल्क, कैटर्य, कुम्भिका, श्रीपर्णिका, कुमुदिका, भद्रा, भद्रवती","Rasa: कषाय, तिक्त, कटु",वात-कफ-ज्वर-श्वास-प्रमेहा-आर्श-कास-कण्ठामया-अरुचीहर,,,,,Bhavaprakasha Nighantu (legacy professor dataset; test use),BPN_0087
पाषणभेद,हरीतक्यादिवर्गः,,"Rasa: तिक्त, कषाय | Virya: शीत","अश्मघ्न, बस्तिशोधन, भेदन, दोष-आर्शो-गुल्म-कृच्छ्रा-अश्म-हृद्रुजह, योनिरोगा प्रमेह-प्लीह-शूल-व्रणहर",,,,,Bhavaprakasha Nighantu (legacy professor dataset; test use),BPN_0089
धातकी,हरीतक्यादिवर्गः,"धातकी, धातुपुष्पी, ताम्रपुष्पी, कुञ्जरा, सुभिक्षा, बहुपुष्पी, वह्निज्वाला","Rasa: कटु, कषाय | Guna: लघु | Virya: शीत,","मृदुकृत्, तृष्णा-अतीसार-पित्ता-अस्र-विष-क्रिमि-विसर्पजित्",,,,,Bhavaprakasha Nighantu (legacy professor dataset; test use),BPN_0090
मञ्जिष्ठा,हरीतक्यादिवर्गः,"मंजिष्ठा, विकसा, जिङ्गी, समङ्गा, कालमेषिका, मण्डूकपर्णी, भण्डीरी, भण्डी, योजनवल्ली, रसायनी, अरुणा, काला, रक्ताङ्गी, रक्तयष्टिका, भण्डीतकी, गण्डीरी, मञ्जूषा, वस्ररञ्जिनी","Rasa: मधुर, तिक्त, कषाय | Guna: गुरु | Virya: उष्ण","स्वरवर्णकृत्, विष-श्लेष्म-शोथ-योनि -अक्षि-कर्णरुक्-रक्ता-अतीसार-कुष्ठा-अस्र-वीसर्प-व्रण-मेहनुत्",,,,,Bhavaprakasha Nighantu (legacy professor dataset; test use),BPN_0091
कुसुम्भम्,हरीतक्यादिवर्गः,"कुसुम्भ, वह्निशिख, वस्ररञ्जक",,"वातल, कृच्छ्र-रक्त-पित्त-कफापह",,,,,Bhavaprakasha Nighantu (legacy professor dataset; test use),BPN_0092
लाक्षा,हरीतक्यादिवर्गः,"लाक्षा, पलङ्कषा, अलक्त, याव, वृक्षामय, जतु","Rasa: तुवर | Guna: स्निग्धा, लघु | Virya: हिमा","वर्ण्या, बल्या, कफ-पित्ता-अस्र-हिक्का-कास-ज्वरप्रणुत्, व्रणोरःक्षत-वीसर्प-कृमि-कुष्ठ-गदापहा, अलक्तक, व्यङ्गनाशन",,,,,Bhavaprakasha Nighantu (legacy professor dataset; test use),BPN_0093
हरिद्रा,हरीतक्यादिवर्गः,"हरिद्रा, काञ्चनी, पीता, निशा, वरवर्णिनी, कृमिघ्नी, हल्दी, योषित्प्रिया, हट्टविलासिनी","Rasa: कटु, तिक्त | Guna: रूक्ष | Virya: उष्ण","कफपित्तनुत्, वर्ण्या, त्वग्दोष-मेहा-अस्र-शोथ-पाण्डु-व्रणापहा",,,,,Bhavaprakasha Nighantu (legacy professor dataset; test use),BPN_0094
कर्पूरहरिद्रा,हरीतक्यादिवर्गः,"दार्वीभेदा, आम्रगन्धा, सुरभीदरु, दारु, कर्पूरा, पद्मपत्रा सुरीमत्, सुरतारका","Rasa: मधुरा, तिक्ता | Virya: शीता","वातला, पित्तहृत्, सर्वकण्डूविनाशिनी",,,,,Bhavaprakasha Nighantu (legacy professor dataset; test use),BPN_0095
वनहरिद्रा,हरीतक्यादिवर्गः,,,कन्द-कुष्ठवातास्रनाशन,,,,,Bhavaprakasha Nighantu (legacy professor dataset; test use),BPN_0096
दारुहरिद्रा,हरीतक्यादिवर्गः,"दार्वी, दारुहरिद्रा, पर्जन्या, पर्जनी, कटकङ्कटेरी, पीता, पचम्पचा, कालीयक, कालेयक, पीतद्रु, हारिद्रु, पीतदारु, पितक",,नेत्रकर्णास्यरोगनुत्,,,,,Bhavaprakasha Nighantu (legacy professor dataset; test use),BPN_0097
रसाञ्जनम्,हरीतक्यादिवर्गः,"रसाञ्जन, तार्क्ष्यशैल, रसगर्भ, तार्क्ष्यज","Rasa: कटु, तिक्त | Virya: उष्ण","श्लेष्म-विष-नेत्र-विकारनुत्, रसायन, छेदन, व्रणदोषहृत्",,,,,Bhavaprakasha Nighantu (legacy professor dataset; test use),BPN_0098
बाकुची,हरीतक्यादिवर्गः,"अवल्गुज, बाकुची, सोमराजी, सुपर्णिका, शशिलेखा, कृष्णाफला, सोमा, पूतिफली, सोमवल्ली, कालमेषी, कुष्ठघ्नी","Rasa: मधुरा, तिक्ता | Guna: रूक्ष | Virya: हिमा | Vipaka: कटु","रसायनी, विष्टम्भहृत्, रुच्या, सरा, श्लेष्मा-अस्र-पित्तनुत्,हृद्या , श्वास-कुष्ठ-मेह-ज्वर-कृमि-प्रणुत्, पित्तल, कुष्ठ-कफा-अनिलहर,",,,,,Bhavaprakasha Nighantu (legacy professor dataset; test use),BPN_0099
फलगुणाः,हरीतक्यादिवर्गः,,Rasa: कटु,"केश्य, त्वच्य-कृमि-श्वास-कास-शोथा-आम-पाण्डुनुत्",,,,,Bhavaprakasha Nighantu (legacy professor dataset; test use),BPN_0100
चक्रमर्दः,हरीतक्यादिवर्गः,"चक्रमर्द, प्रपुन्नट, दद्रुघ्न, मेषलोचन, पद्माट, एडगज, चक्री, पुन्नाट","Rasa: स्वादु | Guna: लघु, रूक्ष | Virya: हिम","पित्ता-अनिलापह, हृद्य, कफ-श्वास-कुष्ठ-दद्रु-कृमीहर",,,,,Bhavaprakasha Nighantu (legacy professor dataset; test use),BPN_0101
अतिविषा,हरीतक्यादिवर्गः,"विषा, अतिविषा, विश्वा, शृङ्गी, प्रतिविषा, अरुणा, शुक्लकन्दा, उपविषा, भङ्गुरा, घुणवल्लभा","Rasa: कटु, तिक्त | Virya: उष्णा","पाचनी, दीपनी, कफ-पित्ता-अतिसारा-आम-विष-कास-वमि-क्रिमीहर",,,,,Bhavaprakasha Nighantu (legacy professor dataset; test use),BPN_0103
शावरलोध्रः,हरीतक्यादिवर्गः,"लोध्र, तिल्व, तिरीट, शावर, गालव",Rasa: कषाय | Guna: लघु | Virya: शीत,"ग्राही, चक्षुष्य, कफपित्तनुत्, रक्त-पित्ता-असृग्ज्वरा-अतीसार-शोथहृत्",,,,,Bhavaprakasha Nighantu (legacy professor dataset; test use),BPN_0104
पलाण्डुः,हरीतक्यादिवर्गः,"पलाण्डु, यवनेष्ट, दुर्गन्ध, मुखदूषक",Rasa: स्वादु | Guna: गुरु | Virya: उष्ण | Vipaka: स्वादु,"कफकृत्, नातिपित्तल, केवलवातहर, बलवीर्यकर",,,,,Bhavaprakasha Nighantu (legacy professor dataset; test use),BPN_0109
तन्मजा,हरीतक्यादिवर्गः,,Rasa: मधुर,"वृष्या, बृंहणी, वातपित्तह",,,,,Bhavaprakasha Nighantu (legacy professor dataset; test use),BPN_0112
वृन्तमारुष्कर,हरीतक्यादिवर्गः,,Rasa: स्वादु,"पित्तघ्न, केश्य-अग्निकृत्",,,,,Bhavaprakasha Nighantu (legacy professor dataset; test use),BPN_0113
मेध्य,हरीतक्यादिवर्गः,,,"वह्निकर, कफ-वात-व्रणो-उदरकुष्ठा-आर्शग्रहणी-गुल्म-शोफा-आनाह-ज्वर-क्रिमीहर",,,,,Bhavaprakasha Nighantu (legacy professor dataset; test use),BPN_0114
भङ्गा,हरीतक्यादिवर्गः,"भङ्गा, गञ्जा, मातुलानी, मादिनी, विजया, जया","Rasa: तिक्त | Guna: लघु, तीक्ष्ण | Virya: उष्ण","कफहरी, ग्राहिणी, पाचनी, पित्तला, मोह-मद-वाग्व-ह्निवर्द्धिनी",,,,,Bhavaprakasha Nighantu (legacy professor dataset; test use),BPN_0116
खाखसः,हरीतक्यादिवर्गः,"तिलभेद, खसतिल, खाखास","Rasa: तिक्त, कषाय | Guna: लघु, रूक्ष | Virya: शीतल","ग्राहि, वातकृत्, कफकासकृत्, धातुशोषक, मदकृत्, वाग्विवर्धन, मुहुर्मोहकर, रुच्य, सेवनपुंस्त्वनाशन",,,,,Bhavaprakasha Nighantu (legacy professor dataset; test use),BPN_0117
अहिफेनकम्,हरीतक्यादिवर्गः,"खसफलक्षीर, आफूक, अहिफेनक",,"आफूकशोषण, ग्राहि, श्लेष्मघ्न, वातपित्तल",,,,,Bhavaprakasha Nighantu (legacy professor dataset; test use),BPN_0118
खाखसतिलाः,हरीतक्यादिवर्गः,"खसबीज, खाखसतिल",Guna: गुरु,"बल्य, वृष्य, कफजनक, समीरणापह",,,,,Bhavaprakasha Nighantu (legacy professor dataset; test use),BPN_0119
सैन्धवः,हरीतक्यादिवर्गः,"सैन्धव, शीतशिव, मणिमन्थ, सिन्धुज","Rasa: लवण, स्वादु | Guna: लघु, स्निग्ध, सूक्ष्म | Virya: शीत","दीपन, पाचन, रुच्य, वृष्य, सूक्ष्म, नेत्र्य, त्रिदोषहृत्",,,,,Bhavaprakasha Nighantu (legacy professor dataset; test use),BPN_0120
शाकम्भरीयम्,हरीतक्यादिवर्गः,"गडाख्य, रोमक","Rasa: कटु | Guna: लघु, तीक्ष्ण | Virya: उष्ण | Vipaka: कटु","वातघ्न, भेदि, पित्तल, सूक्ष्म, अभिष्यन्दि",,,,,Bhavaprakasha Nighantu (legacy professor dataset; test use),BPN_0121
बिडलवणम्,हरीतक्यादिवर्गः,"विड, पाक्य, कृतक, द्राविड, आसुर",Rasa: क्षार,ऊर्ध्वाधः-कफ-वाता-नुलोमन,,,,,Bhavaprakasha Nighantu (legacy professor dataset; test use),BPN_0123
सौवर्चलम्,हरीतक्यादिवर्गः,"सौवर्चल, रुचक, मन्थपाक","Guna: विशद, लघु","रोचन, भेदि, दीपन, पाचन, सस्नेह, वातनुत्,  न अतिपित्तल, उद्गारशुद्धिद, सूक्ष्म, विबन्धा- आनाह-शूलजित्",,,,,Bhavaprakasha Nighantu (legacy professor dataset; test use),BPN_0125
चणकाम्लकम्,हरीतक्यादिवर्गः,-,Rasa: लवण | Virya: उष्ण,"दीपन, दन्तहर्षण, रुच्य, शूला-अजीर्ण-विबन्धनुत्",,,,,Bhavaprakasha Nighantu (legacy professor dataset; test use),BPN_0127
यवक्षारः,हरीतक्यादिवर्गः,"पाक्य, क्षार, यवक्षार, यावशूक, यवाग्रज","Guna: लघु, स्निग्ध","सुसूक्ष्म, वह्निदीपन, शूल-वात-आम-श्लेष्म-श्वास-गलामय-पाण्डु- -आ र्शो-ग्रहणी-गुल्मा-आनाह-प्लीह-हृदामयापह",,,,,Bhavaprakasha Nighantu (legacy professor dataset; test use),BPN_0128
स्वर्जिका,हरीतक्यादिवर्गः,"स्वर्जिका, क्षार, कापोत, सुखवर्चक",,"अल्पगुणा, गुल्मशूलहृत्",,,,,Bhavaprakasha Nighantu (legacy professor dataset; test use),BPN_0129
टङ्कणक्षारः,हरीतक्यादिवर्गः,"सौभाग्य, टङ्कण, क्षार, धातुद्रावक",Guna: रूक्ष,"वह्निकृत्, कफहृत्, वातपित्तकृत्",,,,,Bhavaprakasha Nighantu (legacy professor dataset; test use),BPN_0131
चुक्रम्,हरीतक्यादिवर्गः,"चुक्र, सहस्रवेधि, रसाम्ल, शुक्त",Rasa: अम्ल | Virya: उष्ण,"दीपन, पाचन, शूल-गुल्म-विबन्धा-आम-वात-श्लेष्महर, वमि-तृष्णा-आस्यवैरस्य-हृत्पीडा-वह्निमान्द्यहृत्",,,,,Bhavaprakasha Nighantu (legacy professor dataset; test use),BPN_0135
कर्पूरम्,कर्पूरादिवर्गः,"कर्पूर, सिताभ्र, हिमवालुक, घनसार, चन्द्रसंज्ञा, हिमनामा","Rasa: मधुर, तिक्त | Guna: लघु | Virya: शीतल","वृष्य, चक्षुष्य, लेखन, सुरभि, कफ-पित्त-विषापह, दाह-तृष्णाऽ-आस्यवैरस्य-मेदो-दौर्गन्ध्यनाशन",,,,,Bhavaprakasha Nighantu (legacy professor dataset; test use),BPN_0136
चीनाककर्पूरः,कर्पूरादिवर्गः,,Rasa: तिक्त,"कफक्षयकर, कुष्ठ-कण्डू-वमिहर",,,,,Bhavaprakasha Nighantu (legacy professor dataset; test use),BPN_0137
कस्तूरी,कर्पूरादिवर्गः,"मृगनाभि, मृगमद, सहस्रभित्, कस्तूरिका, कस्तूरी, वेधमुख्या","Rasa: कटु, तिक्त, क्षार | Guna: गुरु | Virya: उष्ण","शुक्रला, कफ-वात-विष-च्छर्दि-शीत-दौर्गन्ध्य-शोषहृत्",,,,,Bhavaprakasha Nighantu (legacy professor dataset; test use),BPN_0138
लताकस्तूरी,कर्पूरादिवर्गः,,"Rasa: तिक्त, स्वादु | Guna: लघु | Virya: शीत","वृष्या, चक्षुष्या, छेदिनी, श्लेष्म-तृष्णा-वस्ति -आस्यरोगहृत्",,,,,Bhavaprakasha Nighantu (legacy professor dataset; test use),BPN_0139
गन्धमार्जारवार्यम्,कर्पूरादिवर्गः,,,"वीर्यकृत्, कफवातकृत्, कण्डूकुष्ठहर, नेत्र्य, सुगन्ध, स्वेदगन्धनुत्",,,,,Bhavaprakasha Nighantu (legacy professor dataset; test use),BPN_0140
पीतचन्दनम्,कर्पूरादिवर्गः,"कालीयक, कालीय, पीताभ, हरिचन्दन, हरिप्रिय, कालसार, कालानुसार्यक",,"रक्तचन्दनसमानगुण, विशेषव्यङ्गनाशन",,,,,Bhavaprakasha Nighantu (legacy professor dataset; test use),BPN_0143
रक्तचन्दनम्,कर्पूरादिवर्गः,"रक्तचन्दन, रक्ताङ्ग, क्षुद्रचन्दन, तिलपर्ण, रक्तसार, प्रवालफल","Rasa: मधुर, तिक्त | Guna: गुरु | Virya: शीत","छर्दि-तृष्णा-अस्र-पित्तहृत्, नेत्रहित, वृष्य, ज्वर-व्रण-विषापह",,,,,Bhavaprakasha Nighantu (legacy professor dataset; test use),BPN_0144
पतङ्गम्,कर्पूरादिवर्गः,"पतङ्ग, रक्तसार, सुरङ्ग, रञ्जन, पट्टरञ्जक, पत्तूर, कुचन्दन",Rasa: मधुर | Virya: शीत,"पित्त-श्लेष्म-व्रणा-अस्रनुत्, हरिचन्दनवद्वेद्य, विशेषाद्दाहनाशन",,,,,Bhavaprakasha Nighantu (legacy professor dataset; test use),BPN_0145
अगरु,कर्पूरादिवर्गः,"अगरु, प्रवर, लोह, राजार्हं, योगज, वंशिक, कृमिज, कृमिजग्ध, अनार्यक","Rasa: कटु, तिक्त | Guna: लघु, तीक्ष्ण, उष्ण","पित्तल, कर्णा-क्षिरोगघ्न, शीत-वात-कफ-प्रणुत्",,,,,Bhavaprakasha Nighantu (legacy professor dataset; test use),BPN_0146
कृष्णागरु,कर्पूरादिवर्गः,,,"गुणाधिक, लोहवद्वारीमज्जन",,,,,Bhavaprakasha Nighantu (legacy professor dataset; test use),BPN_0147
देवदारु,कर्पूरादिवर्गः,"देवदारु, दारुभद्र, दारु, इन्द्रदारु, मस्तदारु, द्रुकिलिम, किलिम, सुरभूरुह","Rasa: तिक्त | Guna: लघु, स्निग्ध | Virya: उष्ण | Vipaka: कटु","विबन्धा-अध्मान-शोथा-आम-तन्द्रा-हिक्का-ज्वरा-अस्रजित्, प्रमेह-पीनस-श्लेष्म-कास-कण्डू-समीरनुत्",,,,,Bhavaprakasha Nighantu (legacy professor dataset; test use),BPN_0148
सरलः,कर्पूरादिवर्गः,"सरल, पीतवृक्ष, सुरभिदायक","Rasa: मधु, तिक्त, | Guna: लघु, स्निग्ध | Virya: उष्ण | Vipaka: कटु","कर्ण-कण्ठा-अक्षिरोगक्षोहर, कफा-अनिल-स्वेद-दाह-कास-मूर्च्छा-व्रणापह",,,,,Bhavaprakasha Nighantu (legacy professor dataset; test use),BPN_0149
तगरं,कर्पूरादिवर्गः,"कालानुसार्य, तगर, कुटिल, नहुष, नत","Rasa: मधुर | Guna: स्निग्ध, लघु | Virya: उष्ण",विषा-अपस्मार-शूला-अक्षिरोग-दोषत्रयापह,,,,,Bhavaprakasha Nighantu (legacy professor dataset; test use),BPN_0150
पद्मकम्,कर्पूरादिवर्गः,"पद्मक, पद्मगन्धि, पद्माह्वय","Rasa: तुवर, तिक्त | Guna: लघु | Virya: शीत","वातल, वीसर्प-दाह-विस्फोट-कुष्ठ-श्लेष्मा-अस्र-पित्तनुत्, गर्भसंस्थापन, रुच्य, वमि-व्रण-तृषाप्रणुत्",,,,,Bhavaprakasha Nighantu (legacy professor dataset; test use),BPN_0152
नवो,कर्पूरादिवर्गः,,"Guna: स्निग्ध, पिच्छिल","काञ्चनसकाश, पक्वजम्बूफलोपम, सुगन्धि, बृंहण, वृष्य",,,,,Bhavaprakasha Nighantu (legacy professor dataset; test use),BPN_0156
पुराणः,कर्पूरादिवर्गः,,,"अतिलेखन, शुष्क, दुर्गन्धक, व्यक्तप्रकृतिवर्णक, र्वीर्यवर्जित",,,,,Bhavaprakasha Nighantu (legacy professor dataset; test use),BPN_0157
सरलनिर्यासगुग्गुलुः,कर्पूरादिवर्गः,"श्रीवास, सरलस्राव, श्रीवेष्ट, वृक्षधूपक","Rasa: मधुर, तिक्त, तुवर | Guna: स्निग्ध | Virya: उष्ण","सर, पित्तल, वात-मूर्द्धा-अक्षि-स्वर-रोग-कफापह, रक्षोघ्न, स्वेद-दौर्गन्ध-यूका-कण्डू-व्रणप्रणुत्",,,,,Bhavaprakasha Nighantu (legacy professor dataset; test use),BPN_0158
रालः,कर्पूरादिवर्गः,"राल, शालनिर्यास, सर्जरस, देवधूप, यक्षधूप, सर्वरस","Rasa: तिक्त, कषाय | Guna: गुरु | Virya: शीत","ग्राहक, दोषास्र-स्वेद-वीसर्प-ज्वर-व्रण-विपादिका-ग्रहभग्ना-अग्निदग्ध-शूला-अतीसारनाशन",,,,,Bhavaprakasha Nighantu (legacy professor dataset; test use),BPN_0159
कुन्दरुः,कर्पूरादिवर्गः,"कुन्दुरु, मुकुन्द, सुगन्ध, कुन्द","Rasa: मधुर, तिक्त, कटु | Guna: तीक्ष्ण","त्वच्य, ज्वर-स्वेद-ग्रहा-लक्ष्मी-मुखरोग-कफा-अनिलहर",,,,,Bhavaprakasha Nighantu (legacy professor dataset; test use),BPN_0160
जातीफलम्,कर्पूरादिवर्गः,"जातीफल, जातिकोश, मालतीफल","Rasa: तिक्त, कटु | Guna: तीक्ष्ण, लघु | Virya: उष्ण","रोचन, दीपन, ग्राहि, स्वर्य, श्लेष्मानिलापह, मुखवैरस्य, मल-दौर्गन्ध्य-कृष्णताह, कृमि-कास-वमि-श्वास-शोष-पीनस-हृद्रुज",,,,,Bhavaprakasha Nighantu (legacy professor dataset; test use),BPN_0162
जातीपत्री,कर्पूरादिवर्गः,"जातीपत्री, जातिपत्री, जातिकोष, जावित्री","Rasa: कटु, स्वादु | Guna: लघु | Virya: उष्ण","रुचिवर्णकृत्, कफ-कास-वमि-श्वास-तृष्णा-कृमि-विषापहा",,,,,Bhavaprakasha Nighantu (legacy professor dataset; test use),BPN_0163
लवङ्गम्,कर्पूरादिवर्गः,"लवङ्ग, देवकुसुम, श्रिसंज्ञा, श्रीप्रसूनक","Rasa: कटु, तिक्त | Guna: लघु | Virya: शीत","नेत्रहित, दीपन, पाचन, रुच्य, कफ-पित्ता-अस्र-नाशकृत्, तृष्णा-छर्दि-आध्मान-शूल-कास-श्वास-हिक्का-क्षय- आशुविनाशक",,,,,Bhavaprakasha Nighantu (legacy professor dataset; test use),BPN_0164
स्थूलैला,कर्पूरादिवर्गः,"एला, स्थूला, बहुला, पृथ्वीका, त्रिपुटा, भद्रैला, बृहदेला, चन्द्रबाला, निष्कुटि, स्थूलैला","Rasa: कटु | Guna: लघु, रूक्ष | Virya: उष्ण | Vipaka: कटु","श्लेष्म-पित्ता-अस्र-कण्डू-श्वास-तृषाऽ-अपहा, हल्लास-विष-बस्ति -आस्य-शिरोरुग्व-मि-कासनुत्, अनलक्रुत्",,,,,Bhavaprakasha Nighantu (legacy professor dataset; test use),BPN_0165
एला,कर्पूरादिवर्गः,"सूक्ष्मा, उपकुञ्चिका, तुत्था, कोरङ्गी, द्राविडी, त्रुटि, सूक्ष्मैला",Rasa: कटु | Guna: लघु | Virya: शीत,"कफ-श्वास-कासा-आर्शो-मूत्र-कृच्छ्रहृत्, वातहरी",,,,,Bhavaprakasha Nighantu (legacy professor dataset; test use),BPN_0166
त्वक्पत्रम्,कर्पूरादिवर्गः,"त्वक्पत्र, वराङ्ग, भृङ्ग, चोच, उत्कट, त्वच","Rasa: कटु, तिक्त, स्वादु | Guna: लघु, रूक्ष | Virya: उष्ण","पित्तल, कफ-वातघ्न, कण्डु आम-अरुचिनाशन, हृद्बस्तिरोग-वाता-आर्श-कृमि-पीनस-शुक्रहृत्",,,,,Bhavaprakasha Nighantu (legacy professor dataset; test use),BPN_0167
दारुसिता,कर्पूरादिवर्गः,"त्वक्, स्वाद्वी, किंवा त्वक्स्वाद्वी, तनुत्वक्, दारुसिता","Rasa: स्वादु, तिक्त","अनिल-पित्तहृत्, सुरभि-शुक्रला-बल्या मुखशोष-तृषापहा",,,,,Bhavaprakasha Nighantu (legacy professor dataset; test use),BPN_0168
पत्रकम्,कर्पूरादिवर्गः,"पत्र, तमालपत्र, पत्रनामक, पत्रक","Rasa: मधुर | Guna: तीक्ष्ण, पिच्छिल, लघु | Virya: उष्ण",कफ-वाता-आर्शो-हल्लासा-अरुचि-पीनसहृत्,,,,,Bhavaprakasha Nighantu (legacy professor dataset; test use),BPN_0169
नागकेशरः,कर्पूरादिवर्गः,"नागपुष्प, नाग, केशर, नागकेशर, चाम्पेय, नागकिञ्जल्क, कञ्चनाह्वय","Rasa: कषाय | Guna: रूक्ष, लघु | Virya: उष्ण","आमपाचन, ज्वर-कण्डू-तृषा-स्वेद-च्छर्दि-हल्लास-नाशन, दौर्गन्ध्य-कुष्ठ-वीसर्प-कफ-पित्त-विषापह",,,,,Bhavaprakasha Nighantu (legacy professor dataset; test use),BPN_0170
कुम्कुमम्,कर्पूरादिवर्गः,"कुङ्कुम, धृसृण, रक्त, काश्मीर, पीतक, वर, सङ्कोच, पिशुन, धीर, वाह्लीक, शोणिताभिध","Rasa: कटु, तिक्त | Guna: स्निग्ध","शिरोरुग्व्रणजन्तुजित्, वमिहर, वर्ज्य, व्यङ्गदोषत्रयापह",,,,,Bhavaprakasha Nighantu (legacy professor dataset; test use),BPN_0172
गोरोचना,कर्पूरादिवर्गः,"गोरोचना, मङ्गल्या, वन्द्या, गौरी, रोचना",Rasa: तिक्त | Virya: शीत,"वश्या, मङ्गलकान्तिदा, विषा-अलक्ष्मी-ग्रहोन्माद-गर्भस्रावक्षतासुहृत्",,,,,Bhavaprakasha Nighantu (legacy professor dataset; test use),BPN_0173
वीरणम्,कर्पूरादिवर्गः,"वीरण, वीरतरु, वीर, बहुमूलक",Rasa: तिक्त | Guna: लघु | Virya: शीत,"पाचन, वान्तिहृत्, स्तम्भन, ज्वरनुद्, भ्रान्ति-मद-जित् कफपित्तहृत्, तृष्णाऽ-अस्र-विष-वीसर्प-कृच्छ्र-दाह-व्रणापह",,,,,Bhavaprakasha Nighantu (legacy professor dataset; test use),BPN_0176
उशीरम्,कर्पूरादिवर्गः,"उशीर, नलद, अमृणाल, सेव्य, समगन्धिक",Rasa: तिक्त | Guna: लघु | Virya: शीत,"पाचन, स्तम्भन",,,,,Bhavaprakasha Nighantu (legacy professor dataset; test use),BPN_0177
जटामांसी,कर्पूरादिवर्गः,"जटामांसी, भूतजटा, जटिला, तपस्विनी, मांसी","Rasa: तिक्त, कषाय | Virya: शीत","मेध्या, कान्तिबलप्रदा, स्वाद्वी, त्रिदोषा-अस्र-दाह-वीसर्प-कुष्ठनुत्",,,,,Bhavaprakasha Nighantu (legacy professor dataset; test use),BPN_0178
शैलेयम्,कर्पूरादिवर्गः,"शैलेय, शिलापुष्प, वृद्ध, कालानुसार्यक",Guna: लघु | Virya: शीत,"हृद्य, कफपित्तहर, कण्डू-कुष्ठा-अश्मरी-दाह-विषहृद्, गुद-रक्तहृत्",,,,,Bhavaprakasha Nighantu (legacy professor dataset; test use),BPN_0179
मुस्तकं,कर्पूरादिवर्गः,"मुस्तक, वारिदनामक, कुरुविन्द","Rasa: कटु, तिक्त, कषाय | Virya: शीत","ग्राहि, दीपनपाचन, कफ-पित्ता-अस्र-तृड्ज्वरा-अरुचि-जन्तुहृत्",,,,,Bhavaprakasha Nighantu (legacy professor dataset; test use),BPN_0180
कर्चूरः,कर्पूरादिवर्गः,"कर्चूर, वेधमुख्य, द्राविड, कल्पक, शटी","Rasa: कटु, तिक्त | Guna: लघु | Virya: उष्ण | Vipaka: कटु","दीपन, रुच्य, सुगन्धि, कुष्ठा-आर्शो-व्रण-कासनुत्, श्वास-गुल्म-वात-कफ-क्रिमीहर",,,,,Bhavaprakasha Nighantu (legacy professor dataset; test use),BPN_0182
मुरा,कर्पूरादिवर्गः,"मुरा, गन्धकुटी, दैत्या, सुरभि, शालपर्णिका",Rasa: तिक्त | Guna: लघु | Vipaka: शीत,"स्वाद्वी, पित्ता-अनिलापहा, ज्वरासृग्भूत-रक्षोघ्नी, कुष्ठ-कास-विनाशिनी",,,,,Bhavaprakasha Nighantu (legacy professor dataset; test use),BPN_0183
गन्धपलाशी,कर्पूरादिवर्गः,"शठी, पलाशी, षड्ग्रन्था, सुव्रता, गन्धमूलिका, गन्धवधू, वधू, पृथुपलाशिका, गन्धपलाशिका, गन्धारिका","Rasa: कषाय, तिक्त, कटु | Guna: लघु, तीक्ष्ण | Virya: उष्ण","ग्राहिणी, अनुष्णा-ऽऽ-आस्यमलनाशिनी, शोथ-कास-व्रण-श्वास-शूल-सिध्म-ग्रहापहा",,,,,Bhavaprakasha Nighantu (legacy professor dataset; test use),BPN_0184
रेणुका,कर्पूरादिवर्गः,"रेणुका, राजपुत्री, नन्दिनी, कपिला, द्विजा, भस्मगन्धा, पाण्डुपुत्री, कौन्ती, हरेणुका, पर्यायवाची","Rasa: तिक्त, कटु | Guna: लघु | Virya: उष्ण | Vipaka: कटु","पित्तला, दीपनी, मेध्या, पाचनी, गर्भपातिनी, बलासवातकृत्, तृट्कण्डू-विष-दाहनुत्",,,,,Bhavaprakasha Nighantu (legacy professor dataset; test use),BPN_0187
ग्रन्थिपर्णम्,कर्पूरादिवर्गः,"ग्रन्थिपर्ण, ग्रन्थिक, काकपुच्छ, गुच्छक, नीलपुष्प, सुगन्ध, तैलपर्णक","Rasa: तिक्त, कटु | Guna: तीक्ष्ण, लघु | Virya: उष्ण","दीपन, कफ-वात-विष-श्वास-कण्डू-दौर्गन्ध्यनाशन",,,,,Bhavaprakasha Nighantu (legacy professor dataset; test use),BPN_0188
स्थौणेयकम्,कर्पूरादिवर्गः,"स्थौणेयक, बर्हिबर्ह, शुकबर्ह, कुक्कुर, शीर्णरोम, शुक, शुकपुष्प, शुकच्छद","Rasa: स्वादु, कटु, तिक्त | Guna: स्निग्ध","त्रिदोषनुत्, मेधा-शुक्रकर, रुच्य, रक्षोघ्न, ज्वर-जन्तुजित्, कुष्ठा-आस्र-तृड्-दाह-दौर्गन्ध्य-तिलकालकह",,,,,Bhavaprakasha Nighantu (legacy professor dataset; test use),BPN_0189
तालीसपत्रम्,कर्पूरादिवर्गः,"तालीस, पत्राढ्य, धात्रीपत्र","Guna: लघु, तीक्ष्ण | Virya: उष्ण",श्वास-कास-कफा-निला-अरुचि-गुल्मा-आम-वह्निमांद्य-क्षया-आमयापह,,,,,Bhavaprakasha Nighantu (legacy professor dataset; test use),BPN_0191
कङ्कोलम्,कर्पूरादिवर्गः,"कङ्कोल, कोलक, कोषफल","Rasa: तिक्त | Guna: लघु, तीक्ष्ण | Virya: उष्ण","हृद्य, रुचिप्रद, आस्यदौर्गन्ध-हृद्रोग-कफ-वाता-आमय-अन्ध्यहृत्",,,,,Bhavaprakasha Nighantu (legacy professor dataset; test use),BPN_0192
गन्धकोकिला,कर्पूरादिवर्गः,,Rasa: त्तिक्त | Guna: स्निग्ध | Virya: उष्ण,"कफहृत्, सुगन्धा",,,,,Bhavaprakasha Nighantu (legacy professor dataset; test use),BPN_0193
लामज्जकम्,कर्पूरादिवर्गः,"लामज्जक, सुनाल, अमृणाल, लव, लघु, इष्टकापथक, सेव्य, नलद, अवदातक",Rasa: तिक्त | Guna: लघु | Virya: शीत,"दोषत्रयास्रजित्, त्वगामय-स्वेद-कृच्छ्र-दाह-पित्ता-अस्ररोगनुत्",,,,,Bhavaprakasha Nighantu (legacy professor dataset; test use),BPN_0194
एलवालुकम्,कर्पूरादिवर्गः,"एलवालुक, ऐलेय, सुगन्धि, हरिवालुक, ऐलवालुक, एलालु, कपित्थवग्",Rasa: कषाय | Guna: लघु | Virya: शीत | Vipaka: कटु,"कण्डू-व्रण-च्छर्दि-तृट्कासा-अरुचि-हृद्गुज, बलास-विष-पित्ता-अस्र-कुष्ठ-मूत्र-गद-क्रिमीहर",,,,,Bhavaprakasha Nighantu (legacy professor dataset; test use),BPN_0195
कैवर्तीमुस्तकम्,कर्पूरादिवर्गः,"कुटन्नट, दासपुर, बालेय, परिपेलव, प्लव, गोपुर, गोनर्द, कैवर्तीमुस्तक, वितुन्नक","Rasa: तिक्त, कषाय | Virya: शीत | Vipaka: कटु","कान्तिद, कफ-पिता-अस्र-वीसर्प-कुष्ठ-कण्डू-विषप्रणुत्",,,,,Bhavaprakasha Nighantu (legacy professor dataset; test use),BPN_0196
स्पृक्का,कर्पूरादिवर्गः,"स्पृक्का, असृग्,  ब्राह्मणी, देवी, मरुन्माला, लता, लघु, समुद्गान्ता, वधू, कोटिवर्षा, लङ्कोपिका",Rasa: तिक्त | Virya: शीत,"स्वाद्वी, वृष्या, निखिलदोषनुत्, कुष्ठ-कण्डू-विष-स्वेद-दाहाश्री-ज्वर-रक्तहृत्",,,,,Bhavaprakasha Nighantu (legacy professor dataset; test use),BPN_0197
पर्पटी,कर्पूरादिवर्गः,"पर्पटी, रञ्जना, कृष्णा, जतुका, जननी, जनी, जतुकृष्णा, अग्निसंस्पर्शा, जतुकृत्, चक्रवर्तिनी","Rasa: तुवर, तिक्त | Guna: लघु | Virya: शीत","शिशिरावर्णकृत्, विषव्रणहरी, कण्डू-कफ-पित्ता-अस्र-कुष्ठनुत्",,,,,Bhavaprakasha Nighantu (legacy professor dataset; test use),BPN_0198
नलिका,कर्पूरादिवर्गः,"नालिका, विद्रुमलता, कपोत चरणा, नटी, धमनी, अञ्जनकेशी, निर्मध्या, सुषिरा, नली",Guna: लघु | Virya: शीत,"चक्षुष्या, कफपित्तहृत्, कृच्छ्रा-अश्म-वात-तृष्णाऽ-अस्र-कुष्ठ-कण्डू-ज्वरापह",,,,,Bhavaprakasha Nighantu (legacy professor dataset; test use),BPN_0199
प्रपौण्डीरकम्,कर्पूरादिवर्गः,"प्रपौण्डरीक, पौण्डर्य, चक्षुष्य, पौण्डरीयक","Rasa: मधुर, तिक्त, कषाय | Virya: शीत | Vipaka: मधुर","शुक्रल, चक्षुष्य, वर्ण्य-पित्त-कफप्रणुत्",,,,,Bhavaprakasha Nighantu (legacy professor dataset; test use),BPN_0200
गुडूची,गुडूच्यादिवर्गः,"गुडूची, मधुपर्णी, अमृता, अमृतवल्लरी, छिन्ना, छिन्नरुहा, छिन्नोद्भवा, वत्सादनी, जीवन्ती, तन्त्रिका, सोमा, सोमवल्ली, कुण्डली, चक्रलक्षणिका, धीरा, विशल्या, रसायनी, चन्द्रहासा, वयस्था, मण्डली देवनिर्मिता","Rasa: कटु, तिक्त, कषाय | Guna: लघु | Virya: उष्ण | Vipaka: स्वादु","रसायनी, संग्राहिणी, बल्या-अग्निनदीपिनी, दोषत्रय-आम-तृड्दाह-मेह-कास-पाण्डु-कामला-कुष्ठ-वाता-अस्र-ज्वर-क्रिमि-वमी-हर",,,,,Bhavaprakasha Nighantu (legacy professor dataset; test use),BPN_0201
नागवल्ली,गुडूच्यादिवर्गः,"ताम्बूलवल्ली, ताम्बूली, नागिनी, नागवल्लरी ताम्बूल","Rasa: तुवर, तिक्त, कटु, क्षार | Guna: विशद, लघु, तीक्ष्ण | Virya: उष्ण","रुच्य, सर, वश्य, रक्त-पित्तकर, बल्य, श्लेष्मा-आस्यदौर्गन्ध्य-मल-वात-श्रमा-पह",,,,,Bhavaprakasha Nighantu (legacy professor dataset; test use),BPN_0202
बिल्वः,गुडूच्यादिवर्गः,"बिल्व, शाण्डिल्य, शैलूष, मालूर श्रीफल","Rasa: तुवर, तिक्त | Guna: रूक्ष, लघु | Virya: उष्ण","ग्राही, अग्नि-पित्तकृत्, वात-श्लेष्महर, बल्य, पाचन",,,,,Bhavaprakasha Nighantu (legacy professor dataset; test use),BPN_0203
गम्भारी,गुडूच्यादिवर्गः,"गम्भारी, भद्रपर्णी, श्रीपर्णी, मधुपर्णिका, काश्मीरी, काश्मरी, हीरा, काश्मर्य, पीतरोहिणी, कृष्णवृन्ता, मधुरसा महाकुसुमिका","Rasa: तुवर, तिक्त, मधुर | Guna: गुरु | Virya: उष्ण","दीपनी, पाचनी, मेध्या, भेदिनी, भ्रम-शोषजित्, दोष-तृष्णा-आम-शूला-आर्श-विष-दाह-ज्वरा-पहा",,,,,Bhavaprakasha Nighantu (legacy professor dataset; test use),BPN_0204
पाटला,गुडूच्यादिवर्गः,"पाटलि, पाटला, अमोघा, मधुदूती, फलेरुहा, कृष्णवृन्ता, कुबेराक्षी, कालस्थाली, अलिवल्लभा ताम्रपुष्पी","Rasa: तुवर, तिक्त | Virya: शीत","दोषत्रयापहा, अरुचि-श्वास-शोथा-अस्र-च्छर्दि-हिक्का-तृषाहरी",,,,,Bhavaprakasha Nighantu (legacy professor dataset; test use),BPN_0206
अग्निमन्थः,गुडूच्यादिवर्गः,"अग्निमन्थ, जय, श्रीपर्णी, गणिकारिका, जया, जयन्ती, तर्कारी, नादेयी वैजयन्तिका","Rasa: कटु, तिक्त, तुवर, मधुर | Virya: उष्ण","श्वयथु, कफ-वातहृत्, पाण्डुनुत्, अग्निद",,,,,Bhavaprakasha Nighantu (legacy professor dataset; test use),BPN_0208
श्योनाकः,गुडूच्यादिवर्गः,"श्योनाक, शोषण, नट, कट्वङ्ग, टुण्टुक, मण्डूकपर्ण, पत्रोर्ण, शुकनास, कुटन्नट, दीर्घवृन्त, अरलु, पृथुशिम्ब कटम्भर","Rasa: तुवर, तिक्त | Virya: शीत | Vipaka: कटु","दीपन, ग्राही, अनिल-श्लेष्म-पित्त-कास-प्रणाशन",,,,,Bhavaprakasha Nighantu (legacy professor dataset; test use),BPN_0209
बृहत्पञ्चमूलम्,गुडूच्यादिवर्गः,,"Rasa: तिक्त, कषाय, मधुर | Guna: लघु | Virya: उष्ण","कफ-वातनुत्, श्वास-कास-घ्न, अग्निदीपन",,,,,Bhavaprakasha Nighantu (legacy professor dataset; test use),BPN_0211
शालपर्णी,गुडूच्यादिवर्गः,"शालपर्णी, स्थिरा, सौम्या, त्रिपर्णी, पीवरी, गुहा, विदारिगन्धा, दीर्घाङ्गी, दीर्घपत्रा  तथा अंशुमती","Rasa: तिक्त, मधुर | Guna: गुरु","छर्दि-ज्वर-श्वासा-अतिसार-जित्, शोष-दोषत्रयहरी, बृंहणी, रसायनी, विषहरी, क्षतकास-कृमिप्रणुत्",,,,,Bhavaprakasha Nighantu (legacy professor dataset; test use),BPN_0212
पृश्निपर्णी,गुडूच्यादिवर्गः,"पृश्निपर्णी, पृथक्पर्णी, चित्रपर्णी, अहिपर्णी, क्रोष्टुविन्ना, सिंहपुच्छी, कलशी, धावनी गुहा",Rasa: मधुर | Virya: उष्ण,"त्रिदोषघ्नी, वृष्य, दाह-ज्वर-श्वास-रक्ता-अतीसार-तृड्वमीह",,,,,Bhavaprakasha Nighantu (legacy professor dataset; test use),BPN_0213
वार्त्ताकी,गुडूच्यादिवर्गः,"वार्त्ताकी, क्षुद्रमण्टाकी, महती, बृहती, कुली, हिङ्गुली, राष्ट्रिका, सिंही, महोष्ट्री दुष्प्रधर्षिणी","Rasa: कटु, तिक्त | Virya: उष्ण","आस्यवैरस्य-मला-रोचक-नाशिनी, कुष्ठ-ज्वर-श्वास-शूल-कासा-अग्नि-मान्द्यजित्",,,,,Bhavaprakasha Nighantu (legacy professor dataset; test use),BPN_0214
गोक्षुरः,गुडूच्यादिवर्गः,"गोक्षुर, क्षुरक, त्रिकण्ट, स्वादुकण्टक, गोकण्टक, गोक्षुरक, वनश्रृङ्गाट, पलङ्कषा, श्वदंष्ट्रा तथा इक्षुगन्धिका",Rasa: मधुर | Virya: शीत | Vipaka: स्वादु,"बलकृत्, बस्तिशोधन, दीपन, वृष्य, पुष्टिद, चाश्मरीहर, प्रमेह-श्वास-कासा-आर्श-कृच्छ्र-हृद्रोग-वातनुत्",,,,,Bhavaprakasha Nighantu (legacy professor dataset; test use),BPN_0219
लघुपञ्चमूलम्,गुडूच्यादिवर्गः,,Rasa: स्वादु | Guna: लघु | Virya: उष्ण,"बल्य, पित्ता-निलापह, बृंहण, ग्राहि, ज्वर-श्वासा-अश्मरीप्रणुत्",,,,,Bhavaprakasha Nighantu (legacy professor dataset; test use),BPN_0220
दशमुलम्,गुडूच्यादिवर्गः,,,"त्रिदोषघ्न, श्वास-कास-शिरोरुज, तन्द्रा-शोथ-ज्वरा-आनाह-पार्श्वपीडा-अरुचीहर",,,,,Bhavaprakasha Nighantu (legacy professor dataset; test use),BPN_0221
जीवन्ती,गुडूच्यादिवर्गः,"जीवन्ती, जीवनी, जीवा, जीवनीया, मधुस्रवा, माङ्गल्यनामधेया, शाकश्रेष्ठा तथा पयस्विनी","Rasa: स्वादु | Guna: स्निग्ध, लघु | Virya: शीत","दोषत्रयापहा, रसायनी, बलकरी, चक्षुष्या, प्राहिणी",,,,,Bhavaprakasha Nighantu (legacy professor dataset; test use),BPN_0222
मुद्गपर्णी,गुडूच्यादिवर्गः,"मुद्गपर्णी, काकपर्णी, सूर्यपर्णी, अल्पिका, सहा, काकमुद्गा मार्जारगन्धिका","Rasa: तिक्त, स्वादु | Guna: रूक्ष, लघु | Virya: शीत","शुक्रला, चक्षुष्या, क्षतशोथघ्नी, ग्राहिणी, ज्वरदाहनुत्, दोषत्रयहरी, ग्रहणी, अर्शो-अतिसारजित्",,,,,Bhavaprakasha Nighantu (legacy professor dataset; test use),BPN_0223
माषपर्णी,गुडूच्यादिवर्गः,"माषपर्णी, सूर्यपर्णी, काम्बोजी, हयपुच्छिका, पाण्डुलोमशपर्णी, कृष्णवृन्ता महासहा","Rasa: तिक्त, मधुर | Guna: रूक्ष | Virya: शीत","शुक्रवलासकृत्, ग्राहिणी, शोथ-वात-पित्त-ज्वरा-अस्र जित्",,,,,Bhavaprakasha Nighantu (legacy professor dataset; test use),BPN_0224
सेहुण्डः,गुडूच्यादिवर्गः,"सिंहतुण्ड, वज्री, वज्रद्रुम, सुधा, समन्तदुग्धा, स्नुक् (स्नुह), स्नुही  गुडा","Rasa: कटु | Guna: तीक्ष्ण, गुरु","रेचन, दीपन, शूला-आमा-अष्ठीलिका-आध्यानकफ-गुल्मोदरा-अनिलापह, उन्माद-मोह-कुष्ठा-आर्श-शोथ-मेदो-अश्म-पाण्डुता-व्रण-शोथ-ज्वर-प्लीह-विषदूषी-विषहर",,,,,Bhavaprakasha Nighantu (legacy professor dataset; test use),BPN_0231
शातला,गुडूच्यादिवर्गः,"शातला, सप्तला, सारा, विमला, विदुला, भूरिफेना चर्मकषा",Rasa: तिक्त | Guna: लघु | Virya: शीत | Vipaka: कटु,"वातल, शोथ-कफा-आनाह-पित्तो-उदावर्त्त-रक्तजित्",,,,,Bhavaprakasha Nighantu (legacy professor dataset; test use),BPN_0233
कलिहारी,गुडूच्यादिवर्गः,"कलिहारी, हलिनी, लाङ्गली, शुक्रपुष्पी, विशल्या, अग्निशिखा, अनन्ता,  वह्निवक्त्रा गर्भनुत्","Rasa: तिक्त, कटु, तुवर | Guna: तीक्ष्ण, लघु | Virya: उष्ण","सरा, कुष्ठ-शोफा-आर्शो-व्रण-शूलजित्, सक्षार, श्लेष्मजित्, कृमिहृत्, पित्तला-गर्भपातिनी",,,,,Bhavaprakasha Nighantu (legacy professor dataset; test use),BPN_0234
धत्तूरः,गुडूच्यादिवर्गः,"धत्तूर, धूर्त, धुत्तूर, उन्मत्त, कनकाह्वय , देवता, कितव, तूरी, महामोही, शिवप्रिय, मातुल मदन","Rasa: कषाय, मधुर, तिक्त | Guna: गुरु | Virya: उष्ण","मद-वर्णाग्नि-वातकृत् -ज्वर-कुष्ठनुत्, यूका-अलिक्षा-विनाशक, गुरु--र्व्रण-श्लेष्म-कण्डू-कृमिविषापह",,,,,Bhavaprakasha Nighantu (legacy professor dataset; test use),BPN_0236
अटरूषकः,गुडूच्यादिवर्गः,"वासक, वासिका, वासा, भिषङ्‌माता, सिंहिका, सिंहास्य, वाजिदन्ता, आटरूप, अटरूषक, अटरूष, वृष, ताम्र सिंहपर्ण","Rasa: तिक्त, तुवर | Guna: लघु | Virya: शीत","वातकृत्, स्वर्य, कफ-पित्ता-अस्रनाशन, हृद्य, तृडर्त्तिहृत्, श्वास-कास-ज्वर-च्छर्दि-मेह-कुष्ठ-क्षया-पह",,,,,Bhavaprakasha Nighantu (legacy professor dataset; test use),BPN_0237
पर्पटः,गुडूच्यादिवर्गः,"पर्पट, वरतिक्त, पर्पटक, पांशुपर्याय  कवचनामक",Rasa: तिक्त | Guna: लघु | Virya: शीत,"पित्ता-अस्र-भ्रम-तृष्णा-कफ-ज्वर-हर, संग्राही, दाहनुत्, वातल",,,,,Bhavaprakasha Nighantu (legacy professor dataset; test use),BPN_0238
निम्बः,गुडूच्यादिवर्गः,"निम्ब, पिंचुमर्द, पिचुमन्द, तिक्तक, अरिष्ट, पारिभद्र हिङ्गुनिर्यास",Guna: लघु | Virya: शीत | Vipaka: कटु,"ग्रही, अग्नि-वातनुत्, अहृद्य, श्रम-तृट्कास-ज्वरा-अरुचि-कृमिप्रणुत्, व्रण-पित्त-कफ-च्छर्दि-कुष्ठ-हृल्लास-मेहनुत्",,,,,Bhavaprakasha Nighantu (legacy professor dataset; test use),BPN_0239
महानिम्बः,गुडूच्यादिवर्गः,"महानिम्ब, द्रेका, रम्यक, विषमुष्टिक, केशमुष्टि, निम्बक, कार्मुक जीव","Rasa: तिक्त, कषाय | Guna: रूक्ष | Virya: शीत","ग्राही, कफ-पित्त-भ्रम-च्छर्दि-कुष्ठ-हृल्लास-रक्त-जित्, प्रमेह-श्वास-गुल्मा-आर्शो-मूषिका-विषनाशन",,,,,Bhavaprakasha Nighantu (legacy professor dataset; test use),BPN_0242
पारिभद्रः,गुडूच्यादिवर्गः,"पारिभद्र, निंबतक, मन्दार पारिजातक",,अनिल-श्लेष्म-शोथ-मेद-कृमि-प्रणुत्,,,,,Bhavaprakasha Nighantu (legacy professor dataset; test use),BPN_0243
काञ्चनारः,गुडूच्यादिवर्गः,"काञ्चनार, काञ्चनक, गण्डारि शोणपुष्पक, कोविदार, भरिक, कुद्दाल, युगपत्रक, कुण्डली, ताम्रपुष्प, अश्मन्तक स्वल्पकेशरी","Rasa: तुवर | Guna: लघु, रूक्ष | Virya: शीत","ग्राही, श्लेष्मपित्तनुत्, कृमि-कुष्ठ-गुदभ्रंश-गण्डमाला-व्रणापह, संग्राहि, पित्ता-अस्र-प्रद-रक्षय-कासनुत्",,,,,Bhavaprakasha Nighantu (legacy professor dataset; test use),BPN_0245
शोभाञ्जनः,गुडूच्यादिवर्गः,"शोभाञ्जन, शित्रु, तीक्ष्णगन्धक, अक्षीव मोचक","Rasa: कटु, मधुर, क्षार, तिक्त | Guna: तीक्ष्ण, लघु, रूक्ष | Virya: उष्ण | Vipaka: कटु","दीपन, रोचन, विदाहकृत्, संग्राही, शुक्रल, हृद्य, पित्त-रक्त-प्रकोपण, चक्षुष्य, कफ-वातघ्न, विद्रधि-श्वयथु-क्रिमी-मेदोऽ-अपची-विष-प्लीह-गुल्म-गण्डव्रण-हर, विशेषाद्दाहकृत्, प्लीहा-अनविद्रधि-व्रण-घ्न, पित्त-रक्तहृत्, विशेषाद्दीपन, सर",,,,,Bhavaprakasha Nighantu (legacy professor dataset; test use),BPN_0246
सिन्दुवारः,गुडूच्यादिवर्गः,"सिन्दुवार, सिन्दुक सिन्दुवारक  - निर्गुण्डी, शेफाली सुवहा","Rasa: तिक्त, कषाय, कटु | Guna: लघु","स्मृतिद, केश्य, नेत्रहित, शूल-शोथा-आम-मारुतापह, कृमि-कुष्ठा-अरुचि-श्लेष्म-ज्वरा-अनिलापह",,,,,Bhavaprakasha Nighantu (legacy professor dataset; test use),BPN_0250
कुटजः,गुडूच्यादिवर्गः,"कुटज, कूटज, कौट, वत्सक, गिरिमल्लिका, कालिङ्ग, शक्रशाखी, मल्लिकापुष्प, इन्द्र , यवफल, वृक्षक पाण्डुरद्रुम","Rasa: कटु, तुवर | Guna: रूक्ष | Virya: शीत","दीपन, अर्शो-अतिसार-पित्ता-अस्र-कफ-तृष्णा-आम-कुष्ठ-नुत्",,,,,Bhavaprakasha Nighantu (legacy professor dataset; test use),BPN_0252
करञ्जी,गुडूच्यादिवर्गः,"उदकीर्य, षड्ग्रन्था, हस्तिवारुणी, मर्कटी, वायसी, करञ्जी करभञ्जिका","Rasa: तिक्त, तुवर | Virya: उष्ण | Vipaka: कटु","स्तम्भनी, वमि-पित्ता-आर्शः-कृमि-कुष्ठ-प्रमेह-जित्",,,,,Bhavaprakasha Nighantu (legacy professor dataset; test use),BPN_0256
कपिकच्छूः,गुडूच्यादिवर्गः,"कपिकच्छू, आत्मगुप्ता, वृष्या, मर्कटी, अजडा, कण्डुरा, व्यङ्गा, दुःस्पर्शा, प्रावृषायणी, लाङ्गली शूकशिम्बी","Rasa: मधुर, तिक्त | Guna: गुरु","वृष्य, बृंहणी, वातहर, बल्य, कफ-पित्ता-अस्र-नाशिनी",,,,,Bhavaprakasha Nighantu (legacy professor dataset; test use),BPN_0258
मांसरोहिणी,गुडूच्यादिवर्गः,"मांसरोहिणी, अतिरुहा (अग्निरुहा), वृत्ता, चर्मकषा, वसा, प्रहारवल्ली, विकशा वीरवती",,"वृष्य, सर, दोषत्रयापह",,,,,Bhavaprakasha Nighantu (legacy professor dataset; test use),BPN_0260
चिह्लकः,गुडूच्यादिवर्गः,,,"वातनिर्हार, श्लेष्मघ्न, धातुपुष्टिकृत्, आग्नेय, मत्स्यनिषूदन",,,,,Bhavaprakasha Nighantu (legacy professor dataset; test use),BPN_0261
टङ्कारी,गुडूच्यादिवर्गः,,Rasa: तिक्त | Guna: लघु,"वातजित्, श्लेष्मघ्न, दीपनी, शोथोदरव्यथाहन्त्री, पीठविसर्पिहित",,,,,Bhavaprakasha Nighantu (legacy professor dataset; test use),BPN_0262
वेतसः,गुडूच्यादिवर्गः,"वेतस, नम्रक, वानीर, वञ्जुल, अभ्रपुष्प, विदुल, रथ शीत",Virya: शीत,"दाह-शोथा-आर्शो-योनि-रुक्प्रणुत्, वीसर्प-कृच्छ्रा-अस्र-पित्ता-अश्मरि-कफा-अनिलापह",,,,,Bhavaprakasha Nighantu (legacy professor dataset; test use),BPN_0263
जलवेतसः,गुडूच्यादिवर्गः,"निकुञ्चक, परिव्याध, नादेय जलवेतस",Virya: शीत,"कुष्ठहृत्, वातकोपन",,,,,Bhavaprakasha Nighantu (legacy professor dataset; test use),BPN_0264
इज्जलः,गुडूच्यादिवर्गः,"इज्जल, हिज्जल, निचुल अम्बुज",,विषापह,,,,,Bhavaprakasha Nighantu (legacy professor dataset; test use),BPN_0265
अङ्कोटः,गुडूच्यादिवर्गः,"अंकोट, दीर्घकील, अङ्कोल निकोचक","Rasa: तुवर, कटु | Guna: लघु, तीक्ष्ण, स्निग्ध उष्ण","विसर्प-कफ-पित्ता-अस्र-मूषकाहिविषापह, कृमि-शूला-आम-शोफ-ग्रह-विषापह",,,,,Bhavaprakasha Nighantu (legacy professor dataset; test use),BPN_0266
लक्ष्मणा,गुडूच्यादिवर्गः,,,पुत्रजननी,,,,,Bhavaprakasha Nighantu (legacy professor dataset; test use),BPN_0269
स्वर्णवल्ली,गुडूच्यादिवर्गः,"स्वर्णवल्ली, रक्तफला, काकायु और काकवल्लरी",,"शिरःपीडाहर, त्रिदोषाहर, दुग्धदा",,,,,Bhavaprakasha Nighantu (legacy professor dataset; test use),BPN_0270
कार्पासी,गुडूच्यादिवर्गः,"कार्पासी, तुण्डकेशी और समुद्रान्ता",Rasa: मधुर | Guna: लघु | Virya: उष्ण,वातनाशिनी,,,,,Bhavaprakasha Nighantu (legacy professor dataset; test use),BPN_0271
करीर,गुडूच्यादिवर्गः,,"Rasa: कटु, कषाय, स्वादु | Guna: रूक्ष, गुरु, | Vipaka: कटु","सर, कफकृत्, विदाही, वात-पित्तल",,,,,Bhavaprakasha Nighantu (legacy professor dataset; test use),BPN_0276
यव,गुडूच्यादिवर्गः,,"Rasa: कषाय, कटु | Guna: रूक्ष | Virya: उष्ण | Vipaka: कटु","वात-पित्त-कर, बद्धमूत्र, कफापह",,,,,Bhavaprakasha Nighantu (legacy professor dataset; test use),BPN_0277
नलः,गुडूच्यादिवर्गः,"नल, पोटगल, शून्यमध्य धमन","Rasa: मधुर, तिक्त, कषाय | Virya: उष्ण","कफ-रक्तजित्, हृद्वस्ति-योन्यर्त्ति-दाह-पित्त-विसर्प-हृत्",,,,,Bhavaprakasha Nighantu (legacy professor dataset; test use),BPN_0278
भद्रमुञ्जः,गुडूच्यादिवर्गः,"भद्रमुञ्ज, शर, बाण, तेजन और इक्षुवेष्टन ये सब नाम 'सरपत' के हैं। मुञ्ज, मुज्ञ्जातक, बाण, स्थूलदर्भ सुमेखल","Rasa: मधुर, तुवर | Virya: शीत","दाह-तृष्णा-विसर्पा-अस्र-मूत्र-कृच्छ्रा-अक्षिरोगजित्, दोषत्रयहर, वृष्य, मेखलोपयोगी",,,,,Bhavaprakasha Nighantu (legacy professor dataset; test use),BPN_0279
कासः,गुडूच्यादिवर्गः,"कास, कासेक्षु, इक्षुरस, इक्ष्वालिका, इक्षुगन्धा तथा पोटगल","Rasa: मधुर, तिक्त | Virya: शीत | Vipaka: स्वादु","सर, मूत्र-कृच्छ्रा-अश्म-दाहा-अस्र-क्षय-पित्तजरोगजित्",,,,,Bhavaprakasha Nighantu (legacy professor dataset; test use),BPN_0280
गुन्द्रः,गुडूच्यादिवर्गः,"गुन्द्र, पटेरक, गुल्म शृङ्गवेराभमूलक","Rasa: कषाय, मधुर | Virya: शीत","पित्त-रक्तजित्, स्तन्य-शुक्र-रजो-मूत्र-शोधन, मूत्र-कृच्छ्र-हृत्",,,,,Bhavaprakasha Nighantu (legacy professor dataset; test use),BPN_0281
एरका,गुडूच्यादिवर्गः,"एरका, गुन्द्रमूला, शिबि, गुन्द्रा शरी",Virya: शीत,"वृष्य, चक्षुष्य, वात-कोपिनी, मूत्र-कृच्छ्रा-अश्मरी-दाह-पित्त-शोणित-नाशिनी",,,,,Bhavaprakasha Nighantu (legacy professor dataset; test use),BPN_0282
कुशः,गुडूच्यादिवर्गः,"कुश, दर्भ, बहिं, सूच्यग्र और यज्ञभूषण","Rasa: मधुर, तुवर | Virya: शीत","त्रिदोषघ्न, मूत्र-कृच्छ्रा-अश्मरी-तृष्णा-बस्ति-रुक्प्रदरा-अस्रजित्",,,,,Bhavaprakasha Nighantu (legacy professor dataset; test use),BPN_0283
कत्तृणम्,गुडूच्यादिवर्गः,"रौहिष, देवजग्ध, सौगन्धिक, भूतिक, ध्यामपौर, श्यामक तथा धूमगन्धिक","Rasa: तुवर, तिक्त | Vipaka: कटु","रौहिष, हृत्कण्ठव्याधि-पित्ता-अस्र-शूल-कास-कफ-ज्वर-व्यपोह",,,,,Bhavaprakasha Nighantu (legacy professor dataset; test use),BPN_0284
भूतृणम्,गुडूच्यादिवर्गः,"गुह्यबीज, भूतीक, सुगन्ध, जम्बुकप्रिय, भूतृण, छत्रा और मालातृणक","Rasa: कटु, तिक्त | Guna: तीक्ष्ण, लघु, रूक्ष | Virya: उष्ण","रेचन, विदाहि, दीपन, अनेत्र्य, मुखशोधन, अवृष्य, बहुविट्क, पित्त-रक्तप्रदूषण",,,,,Bhavaprakasha Nighantu (legacy professor dataset; test use),BPN_0285
नीलदूर्वा,गुडूच्यादिवर्गः,"नीलदूर्वा, रुहा, अनन्ता, भार्गवी, शतपर्विका, शष्य, सहस्रवीर्या और शतवल्ली","Rasa: तिक्त, मधुर, तुवर | Virya: शीत",कफ-पित्ता-अस्र-वीसर्प-तृष्णा-दाह-त्वगामयहर,,,,,Bhavaprakasha Nighantu (legacy professor dataset; test use),BPN_0286
श्वेतदूर्वा,गुडूच्यादिवर्गः,,"Rasa: कषाय, स्वादु, तिक्त | Virya: शीत","व्रण्या, जीवनी, विसर्पा-अस्र-तृट्-पित्त-कफ-दाहहृत्",,,,,Bhavaprakasha Nighantu (legacy professor dataset; test use),BPN_0287
गण्डदूर्वा,गुडूच्यादिवर्गः,"गण्डदूर्वा, गण्डाली, मत्स्याक्षी और शकुलादनी","Rasa: तिक्त, कषाय, मधुर | Guna: लघु | Virya: शीत | Vipaka: कटु","लोहद्राविणी, ग्राहिणी, वातकृत्, दाह-तृष्णा-बलासा-अस्र-कुष्ठ-पित्त-ज्वरा-पह",,,,,Bhavaprakasha Nighantu (legacy professor dataset; test use),BPN_0288
वाराहीकन्दः,गुडूच्यादिवर्गः,,"Rasa: स्वादु, तिक्त | Vipaka: कटु","शुक्रा-आयुः-स्वर-वर्णा-अग्नि-बल-पित्त-विवर्द्धिनी, कफ-कुष्ठ-मरुत्-मेह-कृमिहृत्, रसायनी",,,,,Bhavaprakasha Nighantu (legacy professor dataset; test use),BPN_0289
विदारीकन्दः,गुडूच्यादिवर्गः,"विदारी, स्वादुकन्दा, क्रोष्ट्री, सिता, इक्षुगन्धा, क्षीरवल्ली, क्षीरशुक्ला तथा पयस्विनी","Rasa: मधुर | Guna: स्निग्ध, गुरु | Virya: शीत","बृंहणी, स्तन्य-शुक्रदा, स्वर्य, मूत्रल, जीवनी, बलवर्णदा, पित्ता-अस्र-पवन-दाह-हर, रसायनी",,,,,Bhavaprakasha Nighantu (legacy professor dataset; test use),BPN_0290
अश्वगन्धा,गुडूच्यादिवर्गः,"वराहकर्णी, वरदा, बलदा, कुष्ठगन्धिनी,","Rasa: तिक्त, कषाय | Virya: उष्ण","अश्वगन्धाऽ-अनिल-श्लेष्म-श्वित्र-शोथ-क्षया-पहा, बल्या, रसायनी, अतिशुक्रला",,,,,Bhavaprakasha Nighantu (legacy professor dataset; test use),BPN_0293
पाठा,गुडूच्यादिवर्गः,"पाठा, अम्बष्ठा, अम्बष्ठकी, प्राचीना, पापचेलिका, एकाष्ठीला, रसा, पाठिका","Rasa: कटु | Guna: तीक्ष्ण, लघु | Virya: उष्ण","वात-श्लेष्महरी, शूल-ज्वर-च्छर्दि-कुष्ठा-अतीसार-हृद्रुज, दाह-कण्डू-विष-श्वास-कृमि-गुल्म-गर-व्रणहर",,,,,Bhavaprakasha Nighantu (legacy professor dataset; test use),BPN_0294
श्वेतात्रिवृत्,गुडूच्यादिवर्गः,"श्वेता त्रिवृत्, त्रिभण्डी, त्रिवृता, त्रिपुटा, सर्वानुभूति, सरला, निशोत्रा और रेचनी","Guna: स्वादु, रूक्ष | Virya: उष्ण","रेचनी, समीरहृत्, पित्त-ज्वर-श्लेष्म-पित्त-शोथो-उदरापहा",,,,,Bhavaprakasha Nighantu (legacy professor dataset; test use),BPN_0295
श्यामात्रिवृत्,गुडूच्यादिवर्गः,"श्यामा, त्रिवृत्, अर्धचन्द्रा, पालिन्दी, सुषेणिका, मसूरविदला, काली, कैषिका और कालमेषिका",,"हीनगुणा, तीव्रविरोचिनी, मूर्च्छा-दाह-मद-भ्रान्ति-कण्ठोत्कर्षणकारिणी",,,,,Bhavaprakasha Nighantu (legacy professor dataset; test use),BPN_0296
जयपालः,गुडूच्यादिवर्गः,"जयपाल, दन्तिबीज, तिन्तिडीफल","Guna: गुरु, स्निग्ध","रेची, पित्त-कफा-पह",,,,,Bhavaprakasha Nighantu (legacy professor dataset; test use),BPN_0299
नागदन्ती,गुडूच्यादिवर्गः,,"Rasa: कटु, तिक्त | Guna: रूक्ष | Vipaka: कटु","वात-कफा-पहा, मेधाकृत्, विषदोषघ्नी, गुल्म-शूलो-उदरव्याधि-कुष्ठदोष-निकृन्तनी, पाचन, शोथनाशिनी",,,,,Bhavaprakasha Nighantu (legacy professor dataset; test use),BPN_0300
नीली,गुडूच्यादिवर्गः,"नीली, नीलिनी, तूणी, काला, दोला, नीलिका, रञ्जनी, श्रीफली, तुच्छा, ग्रामीणा, मधुपर्णिका, क्लीतका, कालकेशी नीलपुष्पा",Rasa: तिक्त | Virya: उष्ण,"रेचनी, केश्या, मोह-भ्रमापहा,  उदर-प्लीह-वात-रक्त-कफा-अनिलापह, आम-वात-मुदावर्त्त-मद-विषोद्धत",,,,,Bhavaprakasha Nighantu (legacy professor dataset; test use),BPN_0302
शरपुङ्खः,गुडूच्यादिवर्गः,"शरपुंख, प्लीहशत्रु और नीलीवृक्षाकृति","Rasa: तिक्त, कषाय | Guna: लघु","यकृत्पीह-गुल्म-व्रण-विषा-पह, कासा-अस्र श्वास-ज्वरहर",,,,,Bhavaprakasha Nighantu (legacy professor dataset; test use),BPN_0303
वृद्धदारुकः,गुडूच्यादिवर्गः,"वृद्धादारुक, आवेगी, छागान्त्री और वृष्यगन्धिका","Rasa: कषाय, कटु, तिक्त | Virya: उष्ण","रसायन, वृष्य, वाता-आम-वाता-अर्शः-शोथ-मेह-कफ-प्रणुत्, शुक्रा-आयु-र्बल-मेधा-अग्नि-स्वर-कान्तिकर, सर",,,,,Bhavaprakasha Nighantu (legacy professor dataset; test use),BPN_0304
अपामार्गः,गुडूच्यादिवर्गः,"अपामार्ग, शिखरी, अधःशल्य, मयूरक, मर्कटी, दुर्ग्रहा, किणिही, खरमञ्जरी","Rasa: तिक्त, कटु | Guna: तीक्ष्ण","सर, तीक्ष्ण, दीपन, पाचन, रोचन-श्छर्दि-कफ-मेदो-अनिलापह, हृद्रुजा-अध्मा-अर्शः-कण्डू-शूलो-उदरा-अपचीः",,,,,Bhavaprakasha Nighantu (legacy professor dataset; test use),BPN_0307
रक्तापमार्गः,गुडूच्यादिवर्गः,"वशिर, वृत्तफल, धामार्गव, प्रत्यक्पर्णी, केशपर्णी, कपिपिप्पली",Guna: रूक्ष | Virya: शीत,"वातविष्टम्भी, कफहृत्",,,,,Bhavaprakasha Nighantu (legacy professor dataset; test use),BPN_0308
कोकिलाक्षः,गुडूच्यादिवर्गः,"कोकिलाक्ष, काकेक्षु, इक्षुर, क्षुरक, क्षुर, भिक्षु, काण्डेक्षु, इक्षुगन्धा और इक्षुबालिका","Rasa: तिक्त, स्वादु, अम्ल | Guna: पिच्छिल | Virya: शीत","वृष्य, पिच्छिल, वाता-आम-शोथा-अश्म-तृष्णा-दृष्टि -अनिला-अस्रजित्",,,,,Bhavaprakasha Nighantu (legacy professor dataset; test use),BPN_0310
अस्थिसंहारकः,गुडूच्यादिवर्गः,"ग्रन्थिमान्, अस्थिसंहारी, वज्राङ्गी, अस्थिश्रृंखला,","Rasa: स्वादु | Guna: रूक्ष, लघु, | Virya: उष्ण","वात-श्लेष्महर, अस्थियुक्, सर, कृमिघ्न, दुर्नामघ्न, अक्षिरो-गजित्, वृष्य, पाचन, पित्तल",,,,,Bhavaprakasha Nighantu (legacy professor dataset; test use),BPN_0311
कुमारी,गुडूच्यादिवर्गः,"कुमारी, गृहकन्या, कन्या और घृतकुमारिका","Rasa: मधुर, तिक्त | Virya: शीत","भेदनी, नेत्र्या, रसायनी, बृंहणी, बल्या, वृष्या, वात-विषप्रणुत्, गुल्म-प्लीह-यकृत्वृद्धि-कफ-ज्वर-हरी, ग्रन्थ्यग्निदग्धविस्फोट-पित्त-रक्त-त्वगामयहर",,,,,Bhavaprakasha Nighantu (legacy professor dataset; test use),BPN_0313
श्वेतपुनर्णवा,गुडूच्यादिवर्गः,"पुनर्नवा, श्वेतमूला, शोथघ्नी और दीर्घपत्रिका","Rasa: कटु, कषाय","पाण्डुघ्नी, दीपनी, शोफा-अनिल-गर-श्लेष्म-हरी, ब्रध्नो-उदरप्रणुत्",,,,,Bhavaprakasha Nighantu (legacy professor dataset; test use),BPN_0314
गन्धप्रसारणी,गुडूच्यादिवर्गः,"प्रसारणी, राजबला, भद्रपर्णी, प्रतानिनी, सरणी, सारणी, भद्रा, बला और कटम्भरा",Rasa: तिक्त | Guna: गुरु | Virya: उष्ण,"वृष्या, बलसन्धानकृत्, सरा, वातहृत्, वात-रक्त-कफापहा",,,,,Bhavaprakasha Nighantu (legacy professor dataset; test use),BPN_0316
भृङ्गराज,गुडूच्यादिवर्गः,"भृङ्गराज, भृङ्गरज, मार्कव, भृङ्ग, अङ्गारक, केशराज, भृङ्गार और केशरञ्जन","Rasa: कटु | Guna: तीक्ष्ण, रूक्ष | Virya: उष्ण","कफ-वातनुत्, केश्य, त्वच्य, कृमि-श्वास-कास-शोथा-आम-पाण्डु-नुत्, दन्त्य, रसायन, बल्य, कुष्ठ-नेत्रशिरऽर्तिनुत्",,,,,Bhavaprakasha Nighantu (legacy professor dataset; test use),BPN_0320
शणपुष्पी,गुडूच्यादिवर्गः,"शणपुष्पी, घण्टा तथा शणपुष्पसमाकृति","Rasa: कटु, तिक्त","वामिनी, कफ-पित्तजित्",,,,,Bhavaprakasha Nighantu (legacy professor dataset; test use),BPN_0321
त्रायमाणा,गुडूच्यादिवर्गः,"बलभद्रा, त्रायमाणा, त्रायन्ती, गिरिजा तथा अनुजा","Rasa: तुवर,  तिक्त","सरा, पित्त-कफापहा, ज्वर-हृद्रोग-गुल्मा-आर्श-भ्रम-शूल-विष-प्रणुत्",,,,,Bhavaprakasha Nighantu (legacy professor dataset; test use),BPN_0322
मूर्वा,गुडूच्यादिवर्गः,"मूर्वा, मधुरसा, देवी, मोरटा, तेजनी, खुवा, मधूलिका, मधुश्रेजी, गोकर्णी पीलुपर्णी","Rasa: स्वादु, तिक्त | Guna: गुरु","सरा, पित्ता-अस्र-मेह-नुत्, त्रिदोष-तृष्णा-हृद्रोग-कण्डू-कुष्ठ-ज्वरा-पहा",,,,,Bhavaprakasha Nighantu (legacy professor dataset; test use),BPN_0323
काकमाची,गुडूच्यादिवर्गः,,"Rasa: तिक्त, कटु | Guna: स्निग्ध | Virya: उष्ण","त्रिदोषघ्नी, स्वर-शुक्रदा, रसायनी, शोथ-कुष्ठा-आर्श-ज्वर-मेह-जित्, नेत्रहिता, हिक्का -च्छर्दि-हृद्रोगनाशिनी",,,,,Bhavaprakasha Nighantu (legacy professor dataset; test use),BPN_0324
काकनासा,गुडूच्यादिवर्गः,"काकनासा, काकाङ्गी और काकतुण्डफला","Rasa: कषाय, तिक्त, कटु | Virya: उष्ण | Vipaka: कटु","कफघ्नी, वामनी, शोथा-आर्श-श्वित्र-कुष्ठ-हृत्",,,,,Bhavaprakasha Nighantu (legacy professor dataset; test use),BPN_0325
काकजङ्घा,गुडूच्यादिवर्गः,"काकजङ्घा, नदीकान्ता, काकतिक्ता, सुलोमशा, पारावतपदी, दासी और काका","Rasa: तिक्त, कषाय | Virya: शीत","कफ-पित्तजित्, ज्वर-पित्ता-अस्र-व्रण-कण्डू-विष-क्रिमीहनाशन",,,,,Bhavaprakasha Nighantu (legacy professor dataset; test use),BPN_0326
नागपुष्पी,गुडूच्यादिवर्गः,"नागपुष्पी, श्वेतपुष्पा, नागिनी और रामदूतिका",Rasa: तिक्त | Guna: तीक्ष्ण | Virya: उष्ण,"रोचनी, कफ-पित्तनुत्, विष-शूल-योनिदोष-वमि-क्रिमीहन",,,,,Bhavaprakasha Nighantu (legacy professor dataset; test use),BPN_0327
मेषश्रुङ्गी,गुडूच्यादिवर्गः,"मेषशृङ्गी, विषाणी, मेषवल्ली और अजशृङ्गिका",Rasa: तिक्त | Guna: रूक्ष | Vipaka: कटु,"वातला, श्वास-कासहृत्, पित्त-व्रण-श्लेष्मा-अक्षि-शूलनुत्, कुष्ठ-मेह-कफ-प्रणुत्, दीपन, स्रंसन, कास-क्रिमि-व्रण-विषापह",,,,,Bhavaprakasha Nighantu (legacy professor dataset; test use),BPN_0328
हंसपदी,गुडूच्यादिवर्गः,"हंसपादी, हंसपदी, कीटमाता और त्रिपादिका",Guna: गुरु | Virya: शीत,"रक्त-विष-व्रणापह, विसर्प-दाहा-अतीसार-लूताभूता-अग्निरोहिणीनाशन",,,,,Bhavaprakasha Nighantu (legacy professor dataset; test use),BPN_0329
सोमलता,गुडूच्यादिवर्गः,"सोमवल्ली, सोमलता, सोमक्षीरी और द्विजप्रिया","Rasa: कटु, तिक्त","त्रिदोषघ्नी, रसायनी",,,,,Bhavaprakasha Nighantu (legacy professor dataset; test use),BPN_0330
आकाशवल्ली,गुडूच्यादिवर्गः,"आकाशवल्ली, खवल्ली, अमरवल्ली","Rasa: तुवर, तिक्त | Guna: पिच्छिल","ग्राहिणी, अक्ष्यामयापह, अग्निकरी, हृद्या, पित्त-श्लेष्मा-आमनाशिनी",,,,,Bhavaprakasha Nighantu (legacy professor dataset; test use),BPN_0331
पातालगरुडी,गुडूच्यादिवर्गः,"छिलिहिण्ट, महामूल, पातालगरुड,",,"वृष्य, कफघ्न, पवनापह",,,,,Bhavaprakasha Nighantu (legacy professor dataset; test use),BPN_0332
वन्दा,गुडूच्यादिवर्गः,"बन्दा, वृक्षादनी, वृक्षभक्ष्या, वृक्षरुहा और बन्दाक्व","Rasa: तिक्त, कषाय, मधुर | Virya: शीत","मङ्गल्य, कफ-वाता-अस्र-रक्षोव्रण-विषापह",,,,,Bhavaprakasha Nighantu (legacy professor dataset; test use),BPN_0333
वटपत्री,गुडूच्यादिवर्गः,,Guna: कषाय | Virya: उष्ण,योनिमूत्रगदपहा,,,,,Bhavaprakasha Nighantu (legacy professor dataset; test use),BPN_0334
हिङ्गुपत्री,गुडूच्यादिवर्गः,"हिङ्गुपत्री, कवरी, पृथ्वीका, पृथुका और पृथु",Rasa: कटु | Guna: तीक्ष्ण | Virya: उष्ण,"रुच्या, पाचनी, हृद्वस्ति-रुग्विबन्धा-आर्शः-श्लेष्म-गुल्मा-अनिलापहा",,,,,Bhavaprakasha Nighantu (legacy professor dataset; test use),BPN_0335
वंशपत्री,गुडूच्यादिवर्गः,"वंशपत्री, वेणुपत्री, पिण्डा और हिङ्गुशिवाटिका",,हिङ्गुपत्रीगुणा,,,,,Bhavaprakasha Nighantu (legacy professor dataset; test use),BPN_0336
मत्स्याक्षी,गुडूच्यादिवर्गः,"मत्स्याक्षी, वाह्निका, मत्स्यगन्धा और मत्स्यादनी","Rasa: तिक्त, कषाय, स्वादु | Guna: लघु | Virya: शीत | Vipaka: कटु","ग्राहिणी, कुष्ठ-पित्त-कफा-अस्रजित्, स्वादु, कटुविपाकिनी",,,,,Bhavaprakasha Nighantu (legacy professor dataset; test use),BPN_0337
सर्पाक्षी,गुडूच्यादिवर्गः,"सर्पाक्षी, गण्डाली और नाडीकलापक","Rasa: कटु, तिक्त | Virya: उष्ण","कृमिनिकृन्तनी, वृश्चिकोन्दुरुसर्पविषघ्नी, व्रणरोपिणी",,,,,Bhavaprakasha Nighantu (legacy professor dataset; test use),BPN_0338
शङ्खपुष्पी,गुडूच्यादिवर्गः,"शङ्खपुष्पी, शङ्खाह्वा , मङ्गल्यकुसुमा",Rasa: कषाय | Virya: उष्ण,"सरा, मेध्या, वृष्या, मानसरोगहृत्, रसायनी, स्मृति-कान्ति-बला-अग्निदा, दोषा-अपस्मार-भूताश्री-कुष्ठ-क्रिमि-विषप्रणुत्",,,,,Bhavaprakasha Nighantu (legacy professor dataset; test use),BPN_0339
अर्कपुष्पी,गुडूच्यादिवर्गः,"अर्कपुष्पी, क्रूरकर्मा, पयस्या और जलकामुका",,कृमि-श्लेष्म-मेह-पित्त-विकार-जित्,,,,,Bhavaprakasha Nighantu (legacy professor dataset; test use),BPN_0340
लज्जालुः,गुडूच्यादिवर्गः,"लज्जालु, शमीपत्रा, समङ्गा, जलकारिका, रक्तपादी, नमस्कारी और खदिरका","Rasa: तिक्त, कषाय | Virya: शीत","कफ-पित्तजित्, रक्त-पित्त-मतीसार-योनिरोगविनाशक",,,,,Bhavaprakasha Nighantu (legacy professor dataset; test use),BPN_0341
अलम्बुषा,गुडूच्यादिवर्गः,"अलम्बुषा, खरत्वक् और मेदोगला",Rasa: स्वादु | Guna: लघु,क्रिमि-पित्त-कफापहा,,,,,Bhavaprakasha Nighantu (legacy professor dataset; test use),BPN_0342
दुग्धिका,गुडूच्यादिवर्गः,"भूम्यामलकिका, शिवा, तामलकी, बहुपत्रा, बहुफला, बहुवीर्या, अजटा और मृधात्री","Rasa: कटु, तिक्त, स्वादु | Guna: गुरू, रूक्ष | Virya: उष्ण","वातला, गर्भकारिणी, क्षीरा, सृष्टमूत्रा, मलापहा, स्वादु-विष्टम्भिनी, वृष्या, कफ-कुष्ठ-क्रिमिप्रणुत्",,,,,Bhavaprakasha Nighantu (legacy professor dataset; test use),BPN_0343
भूम्यामलकी,गुडूच्यादिवर्गः,,"Rasa: तिक्त, कषाय, मधुर | Virya: शीत","वातकृत्, पिपासा-कास-पित्ता-अस्र-कफ-कण्डू-क्षतापहा",,,,,Bhavaprakasha Nighantu (legacy professor dataset; test use),BPN_0344
द्रोणा,गुडूच्यादिवर्गः,,"Rasa: लवण, स्वादु, कटु | Guna: गुरु, रूक्ष, तीक्ष्ण | Virya: उष्ण | Vipaka: स्वादु","वात-पित्त-कृत्, भेदिनी, कफा-आम-कामला-शोथ-तमक-श्वास-जन्तुजित्",,,,,Bhavaprakasha Nighantu (legacy professor dataset; test use),BPN_0346
वन्ध्याकर्कोटकी,गुडूच्यादिवर्गः,"बन्ध्याकर्कोटकी, देवी, कन्या, योगीश्वरी, नागारि, नक्रदमनी और विषकण्टकिनी","Guna: तीक्ष्ण, लघु","कफनुत्, व्रणशोधिनी, सर्पदर्पहरी, विसर्प-विषहारिणी",,,,,Bhavaprakasha Nighantu (legacy professor dataset; test use),BPN_0350
मार्कण्डिका,गुडूच्यादिवर्गः,"मार्कण्डिका, भूमिवल्ली, मार्कण्डी और मृदुरेचनी",,"कुष्ठहरी, ऊर्ध्वाधःकायशोधिनी, विष-दुर्गन्धकाघ्नी, गुल्मोउदरविनाशिनी",,,,,Bhavaprakasha Nighantu (legacy professor dataset; test use),BPN_0351
जलपिप्पली,गुडूच्यादिवर्गः,"जलपिप्पली, शारदी, शकुलादनी, मत्स्यादनी, मत्स्यगन्धा और लाङ्गली","Rasa: कषाय, कटु | Guna: लघु, रूक्ष | Virya: शीत | Vipaka: कटु","हृद्या, चक्षुष्या, शुक्रला, संग्राहिणी, रक्त-दाह-व्रणा-पहा, रुच्या, वह्निवर्द्धिनी",,,,,Bhavaprakasha Nighantu (legacy professor dataset; test use),BPN_0354
गोजिह्वा,गुडूच्यादिवर्गः,"गोजिह्वा, गोजिका, गोभी, दार्विका और खरपर्णिनी","Rasa: तुवर, तिक्त, स्वादु | Guna: लघु | Virya: शीत | Vipaka: स्वादु","वातला, ग्राहिणी, कफ-पित्तनुत्, हृद्या, प्रमेह-कासा-अस्र-व्रण-ज्वर-हरी, कोमला",,,,,Bhavaprakasha Nighantu (legacy professor dataset; test use),BPN_0355
नागदमनी,गुडूच्यादिवर्गः,"नागदमनी, बलामोटा, विषापहा, नागपुष्पी, नागपत्रा और महायोगेश्वरी","Rasa: कटु, तिक्त | Guna: लघु","पित्त-कफा-पहा, मूत्र-कृच्छ्र-व्रणरक्ष, जाल-गर्दभ-सर्व-ग्रह-प्रशमनी, निःशेषविषनाशिनी, जयकार, धनदासुमतिप्रदा",,,,,Bhavaprakasha Nighantu (legacy professor dataset; test use),BPN_0356
वीरतरुः,गुडूच्यादिवर्गः,,Rasa: तिक्त | Vipaka: तिक्त,"तृष्णा-कफापह, मूत्राघाता-अश्मजिद्-ग्राही, योनि-मूत्रा-अनिल-आर्त्तिजित्",,,,,Bhavaprakasha Nighantu (legacy professor dataset; test use),BPN_0357
छिक्कनी,गुडूच्यादिवर्गः,"छिक्कनी, क्षवकृत्, तीक्ष्णा, छिक्किका और घ्राणदुःखदा",Rasa: कटु | Guna: तीक्ष्ण | Virya: उष्ण,"रुच्या, वह्नि-पित्तकृत्, वात-रक्तहरी, कुष्ठ-क्रिमि-वात-कफापहा",,,,,Bhavaprakasha Nighantu (legacy professor dataset; test use),BPN_0358
कुकुन्दरः,गुडूच्यादिवर्गः,"कुकुन्दर, ताम्रचूड, सूक्ष्मपत्र और मृदुच्छद","Rasa: कटु, तिक्त","ज्वर-रक्त-कफापह, मुख-शोष-हृत्",,,,,Bhavaprakasha Nighantu (legacy professor dataset; test use),BPN_0359
सुदर्शना,गुडूच्यादिवर्गः,"सुदर्शना, सोमवल्ली, चक्राह्वा और मधुपर्णिका",Rasa: स्वादु | Virya: उष्ण,कफ-शोथा-अस्र वातजित्,,,,,Bhavaprakasha Nighantu (legacy professor dataset; test use),BPN_0360
आखुकर्णी,गुडूच्यादिवर्गः,"आखुकर्णी, आखुपर्णी, पर्णिका और भूदरीभवा","Rasa: कटु, तिक्त, कषाय | Guna: लघु | Virya: शीत | Vipaka: कटु",मूत्र-कफ-आमय-कृमि-प्रणुत्,,,,,Bhavaprakasha Nighantu (legacy professor dataset; test use),BPN_0361
मयूरशिखा,गुडूच्यादिवर्गः,,Guna: लघु,पित्त-श्लेष्म-अतिसारजित्,,,,,Bhavaprakasha Nighantu (legacy professor dataset; test use),BPN_0362
कमलम्,पुष्पवर्गः,"नलिन, अरविन्द, महोत्पल, सहस्रपत्र, कमल, शतपत्र, कुशेशय, पङ्केरुह, तामरस, सारस, सरसीरुह, विसप्रसून, राजीव, पुष्कर, अम्भोरुह",Rasa: मधुर | Virya: शीतल,"वर्ण्य, कफ-पित्तजित्, तृष्णा-दाहा-अस्र विस्फोट-विष-वीसर्पनाशन",,,,,Bhavaprakasha Nighantu (legacy professor dataset; test use),BPN_0363
श्वेतकमल,पुष्पवर्गः,,Rasa: मधुर | Virya: शीत,"कफ-पित्तजित्,",,,,,Bhavaprakasha Nighantu (legacy professor dataset; test use),BPN_0364
रक्तादि,पुष्पवर्गः,,,श्वेतकमलात् अल्पगुणं,,,,,Bhavaprakasha Nighantu (legacy professor dataset; test use),BPN_0365
पद्मिनी,पुष्पवर्गः,बिसिनी,"Rasa: मधुर, लवण | Guna: गुरु, रूक्ष | Virya: शीत","पित्ता-असृक् कफ-नुत्, वात-विष्टम्भ-कारिणी",,,,,Bhavaprakasha Nighantu (legacy professor dataset; test use),BPN_0366
संवर्तिका,पुष्पवर्गः,,"Rasa: तिक्त, कषाय | Virya: शीत","दाह-तृट्प्रणुत्, मूत्र-कृच्छ्र-गुदव्याधि-रक्त-पित्तविनाशिनी",,,,,Bhavaprakasha Nighantu (legacy professor dataset; test use),BPN_0368
कर्णिका,पुष्पवर्गः,,"Rasa: तिक्त, कषाय, मधुर | Guna: लघु | Virya: शीत","मुखवैशद्यकृत्, तृष्णाऽ-अस्र-कफ-पित्तनुत्",,,,,Bhavaprakasha Nighantu (legacy professor dataset; test use),BPN_0369
किञ्जल्कः,पुष्पवर्गः,,Rasa: कषाय | Virya: शीत,"वृष्य, ग्राहक, कफ-पित्त-तृषा-दाह-रक्ता-आर्शो-विष-शोथजित्",,,,,Bhavaprakasha Nighantu (legacy professor dataset; test use),BPN_0370
मृणालम्,पुष्पवर्गः,,"Rasa: मधुर | Guna: रूक्ष, गुरु | Virya: शीत | Vipaka: मधुर","वृष्य, पित्त-दाहा-अस्रजित्, दुर्जर, स्तन्या-अनिल-कफप्रद, संग्राहि",,,,,Bhavaprakasha Nighantu (legacy professor dataset; test use),BPN_0371
स्थलकमलम्,पुष्पवर्गः,"पद्मचारिणी, अतिचरा, अव्यथा, पद्मा ,शारदा","Rasa: कटु, तिक्त, कषाय | Virya: उष्ण","कफ-वातजित्, मूत्र-कृच्छ्रा-अश्म-शूलघ्न, श्वास-कास-विषापहा",,,,,Bhavaprakasha Nighantu (legacy professor dataset; test use),BPN_0372
कुमुदिनी,पुष्पवर्गः,"कुमुद्वती, कैरविका, कुमुदिनी",,पद्मिनीगुणाः,,,,,Bhavaprakasha Nighantu (legacy professor dataset; test use),BPN_0374
कल्हारम्,पुष्पवर्गः,"सौगन्धिक, हल्लक रक्तसन्ध्यक","Rasa: गुरु, रूक्ष | Virya: शीत","ग्राहि, विष्टम्भि",,,,,Bhavaprakasha Nighantu (legacy professor dataset; test use),BPN_0375
वारिपर्णी,पुष्पवर्गः,"वारिपर्णी, कुम्भिका, वारिमूली, खमूलिका","Rasa: तिक्त, कटु | Guna: लघु, स्वादु, रूक्ष | Virya: शीत","सरा, दोषत्रयहरी, शोणितज्वरशोषकृत्",,,,,Bhavaprakasha Nighantu (legacy professor dataset; test use),BPN_0376
शैवालम्,पुष्पवर्गः,"शैवाल, जलनीली, शैवल जलज","Rasa: तुवर, तिक्त, मधुर | Guna: लघु, स्निग्ध | Virya: शीत",दाह-तृषा-पित्त-रक्त-ज्वरहर,,,,,Bhavaprakasha Nighantu (legacy professor dataset; test use),BPN_0377
शतपत्री,पुष्पवर्गः,"शतपत्री, तरुणी, कर्णिका, चारुकेशरा, महाकुमारी, गन्धाढ्या, लाक्षापुष्पा, अतिमञ्जुला","Rasa: कटु, तिक्त | Guna: लघु | Virya: शीत","हृद्या, ग्राहिणी, शुक्रला, दोषत्रया-अस्रजित् -वर्ण्या, पाचनी",,,,,Bhavaprakasha Nighantu (legacy professor dataset; test use),BPN_0378
वासन्ती,पुष्पवर्गः,"नेपाली, सप्तला, नवमालिका",Rasa: तिक्त | Guna: लघु | Virya: शीत,दोषत्रया-अस्रजित्,,,,,Bhavaprakasha Nighantu (legacy professor dataset; test use),BPN_0379
वार्षिकी,पुष्पवर्गः,"श्रीपदि, षट्पदानन्दा, मुक्तबन्धना",Rasa: तिक्त | Guna: लघु | Virya: शीत,"दोषत्रयापहा, कर्णा-अक्षि-मुखरोगघ्नी",,,,,Bhavaprakasha Nighantu (legacy professor dataset; test use),BPN_0380
यूथिका,पुष्पवर्गः,"गणिका, अम्बष्ठा","Rasa: तिक्त, कटु, मधुर, तुवर | Guna: लघु, | Virya: शीत | Vipaka: कटु","हृद्य, पित्तघ्न, कफवातल, व्रणा-अस्र-मुख-दन्ता-अक्षि-शिरोरोगविषापह",,,,,Bhavaprakasha Nighantu (legacy professor dataset; test use),BPN_0382
चम्पकः,पुष्पवर्गः,"चाम्पेय, हेमपुष्प","Rasa: कटु, तिक्त, कषाय, मधुर | Virya: शीत | Vipaka: कटु","विषक्रिमिहर, कृच्छ्र-कफ-वाता-अस्र-पित्तजित्",,,,,Bhavaprakasha Nighantu (legacy professor dataset; test use),BPN_0384
बकुलः,पुष्पवर्गः,"मधुगन्ध, सिंहकेसरक","Rasa: तुवर, कटु | Guna: गुरु | Virya: शीत | Vipaka: कटु",कफ-पित्त-विष-श्वित्र-कृमि-दन्तगदापह,,,,,Bhavaprakasha Nighantu (legacy professor dataset; test use),BPN_0385
बृहद्बकुलः,पुष्पवर्गः,"शिवमल्ली, पाशुपत, एकाष्ठील, वक, वसु","Rasa: कटु, तिक्त | Virya: शीत",दोषत्रया-अस्र-जित् योनि-शूल-तृषा-दाह-कुष्ठ-शोथा-अस्र-नाशन,,,,,Bhavaprakasha Nighantu (legacy professor dataset; test use),BPN_0386
कदम्बः,पुष्पवर्गः,"प्रियक, नीप, वृक्षपुष्प, हलिप्रिय","Rasa: मधुर, कषाय, लवण | Guna: गुरु, रूक्ष | Virya: शीत","सर, विष्टम्भकृत्, कफ-स्तन्या-अनिलप्रद",,,,,Bhavaprakasha Nighantu (legacy professor dataset; test use),BPN_0387
कुब्जकः,पुष्पवर्गः,"भद्रतरुणी, वृत्तपुष्प, अतिकेसर, महासहा, कण्टकाढ्या, नीलालिकुलसङ्कुला","Rasa: स्वादु, कषाय","सुरभि, सर, त्रिदोषशमन, वृष्य, शीतहर्ता",,,,,Bhavaprakasha Nighantu (legacy professor dataset; test use),BPN_0388
मल्लिका,पुष्पवर्गः,"मदयन्ती, शीतभीरु, भूपदी","Rasa: तिक्त, कटु | Guna: लघु | Virya: उष्ण","वृष्या, वात-पित्ता-आस्यद्रुग्व्याधि-कुष्ठा-अरुचि-विष-व्रणापह",,,,,Bhavaprakasha Nighantu (legacy professor dataset; test use),BPN_0389
माधवी,पुष्पवर्गः,"वासन्ती, पुण्ड्रक, मण्डक, अतिमुक्त, विमुक्त, कामुक, भ्रमरोत्सव",Rasa: मधुर | Guna: लघु | Virya: शीत,दोषत्रयापहा,,,,,Bhavaprakasha Nighantu (legacy professor dataset; test use),BPN_0390
हेमकेतकी,पुष्पवर्गः,,Rasa: तिक्त | Virya: उष्ण,चक्षुष्या,,,,,Bhavaprakasha Nighantu (legacy professor dataset; test use),BPN_0393
किङ्किरातः,पुष्पवर्गः,"हेमगौर, पीतक, पीतभद्र","Rasa: तिक्त, कषाय | Virya: शीत",कफ-पित्त-पिपासाऽ-अस्र-दाह-शोष-वमि-क्रिमीहर,,,,,Bhavaprakasha Nighantu (legacy professor dataset; test use),BPN_0394
कर्णिकारः,पुष्पवर्गः,"परिव्याध, पादपोत्पल","Rasa: कटु, तिक्त, तुवर | Guna: लघु","शोधन, रञ्जन, सुखद, शोथ-श्लेष्मा-अस्र-व्रण-कुष्ठजित्",,,,,Bhavaprakasha Nighantu (legacy professor dataset; test use),BPN_0395
अशोकः,पुष्पवर्गः,"हेमपुष्प, वञ्जुल, ताम्रपल्लव, कङ्केलि, पिण्डपुष्प, गन्धपुष्प, नट","Rasa: तिक्त, कषाय | Virya: शीत","ग्राही, वर्ण्य, दोषा-अपची-तृषा-दाह-कृमि-शोष-विषा-अस्र-जित्",,,,,Bhavaprakasha Nighantu (legacy professor dataset; test use),BPN_0396
सैरेयकः,पुष्पवर्गः,"श्वेतपुष्पसैरेयक, सैरेय, कटसारिका, सहाचर, सहचर, भिन्दी, पीतपुष्पः - कुरण्टक, रक्तप्पुष्पः - कुरबक, नीलपुष्पः - बाणा, बाण, दासी, आतर्गल","Rasa: तिक्त, मधुर, अनम्ल | Guna: स्निग्ध | Virya: उष्ण","कुष्ठ-वाता-अस्र-कफ-कण्डू-विषापह, केशरञ्जन",,,,,Bhavaprakasha Nighantu (legacy professor dataset; test use),BPN_0398
कुन्दम्,पुष्पवर्गः,"माध्य,सदापुष्प",Guna: लघु | Virya: शीत,श्लेष्म-शिरोरुग्-विष-पित्तहृत्,,,,,Bhavaprakasha Nighantu (legacy professor dataset; test use),BPN_0399
मुचुकुन्दः,पुष्पवर्गः,"क्षत्रवृक्ष, चित्रक, प्रतिविष्णुक",,शिरः पीडा-पित्त-अस्र-विष-नाशन,,,,,Bhavaprakasha Nighantu (legacy professor dataset; test use),BPN_0400
तिलकः,पुष्पवर्गः,"क्षुरकः, श्रीमान्पुरुषः छिन्नपुष्पकः",Rasa: कटु | Virya: उष्ण | Vipaka: कटु,कफ-कुष्ठ-क्रिमी-वस्ति-मुखदन्तगदाहर,,,,,Bhavaprakasha Nighantu (legacy professor dataset; test use),BPN_0401
बन्धुजीवः,पुष्पवर्गः,बन्धूकः माध्याह्निकः,Guna: लघु,"कफकृत्, ग्राही, वात-पित्तहर",,,,,Bhavaprakasha Nighantu (legacy professor dataset; test use),BPN_0402
जपापुष्पम्,पुष्पवर्गः,"औड्रपुष्प,",,"संग्राहिणी, केश्या,",,,,,Bhavaprakasha Nighantu (legacy professor dataset; test use),BPN_0403
त्रिसन्ध्या,पुष्पवर्गः,,,कफ-वातजित्,,,,,Bhavaprakasha Nighantu (legacy professor dataset; test use),BPN_0404
सिन्दूरी,पुष्पवर्गः,"रक्तबीजा, रक्तपुष्पा, सुकोमला",Virya: शीत,विष-पित्ता-अस्र-तृष्णा-वान्तिहरी,,,,,Bhavaprakasha Nighantu (legacy professor dataset; test use),BPN_0405
मुनिवृक्षः,पुष्पवर्गः,"अगस्त्य, अगस्ति, वङ्गसेन, मुनिद्रुम",Rasa: तिक्त | Guna: रुक्षः | Virya: शीत,"पित्त-कफ-च्चातुर्थिकहर, वातकर, प्रतिश्यायनिवारण",,,,,Bhavaprakasha Nighantu (legacy professor dataset; test use),BPN_0406
मरुबकः,पुष्पवर्गः,"मारुत, मरुबक, मरुत्, मरु, फणी, फणिज्जक, प्रस्थपुष्प, समीरण","Rasa: कटु | Guna: लघु, रूक्ष, तीक्ष्ण | Virya: उष्ण | Vipaka: कटु","मरुत् -अग्निप्रद, हृद्य, पित्तल, वृश्चिकादि-विष-श्लेष्म-वात-कुष्ठ-क्रिमि-प्रणुत्, सुगन्धिक",,,,,Bhavaprakasha Nighantu (legacy professor dataset; test use),BPN_0408
दमनकः,पुष्पवर्गः,"दमनक, दान्त, मुनिपुत्र, तपोधन, गन्धोत्कट, ब्रह्मजट, विनीत, कलपत्रक, दमन","Rasa: तुवर, तिक्त","हृद्य, वृष्य, सुगन्धिक, विष-कुष्ठा-अस्र-क्लेद-कण्डू-त्रिदोषजित्",,,,,Bhavaprakasha Nighantu (legacy professor dataset; test use),BPN_0409
बर्बरी,पुष्पवर्गः,"तुवरी, तुङ्गी, खरपुष्पा, अजगन्धिका , कृष्णे- कठिल्लक, कुथेरक. शुक्ले - अर्जक. वटपत्र","Rasa: कटु, | Guna: लघु, तीक्ष्ण, रूक्ष | Virya: शीत","विदाहि, रुचिकर, हृद्य, दीपन, पित्तल, कफ-वाता-अस्र-कण्डू-कृमिविषापह",,,,,Bhavaprakasha Nighantu (legacy professor dataset; test use),BPN_0410
वटः,वटादिवर्गः,"वट, रक्तफल, शृङ्गी, न्यग्रोध, स्कन्धज, ध्रुव, क्षीरी, वैश्रवण, वास, बहुपाद, वनस्पति",Rasa: कषाय | Guna: गुरु | Virya: शीत,"ग्राही, कफ-पित्त-व्रणापह, वर्ण्य, विसर्पदाहघ्न, योनिदोषहृत्",,,,,Bhavaprakasha Nighantu (legacy professor dataset; test use),BPN_0411
पिप्पलः,वटादिवर्गः,"बोधिद्रु, पिप्पल, अश्वत्थ, चलपत्र, गजाशन","Rasa: तुवर | Guna: रूक्ष, गुरु | Virya: शीत","दुर्जर, पित्त-श्लेष्म-व्रणा-अस्रजित्, वर्ण्य, योनिविशोधन",,,,,Bhavaprakasha Nighantu (legacy professor dataset; test use),BPN_0412
पिप्पलभेद,वटादिवर्गः,"पारीष, पलाश, कपिचूत, कमण्डलु, गर्दभाण्ड, कन्दराल, कपीतन, सुपार्श्वक","Rasa: अम्ल, मधुर, कषाय | Guna: स्निग्ध","दुर्जर, कृमि-शुक्र-कफ-प्रद, मज्जक",,,,,Bhavaprakasha Nighantu (legacy professor dataset; test use),BPN_0413
नन्दीवृक्षः,वटादिवर्गः,"नन्दीवृक्ष, अश्वत्थभेद, प्ररोही, गजपादप, स्थालीवृक्ष, क्षयतरु, क्षीरी, वनस्पति","Rasa: तिक्त, तुवर, | Guna: लघु, स्वादु | Virya: उष्ण | Vipaka: कटु","ग्राही, विष-पित्त-कफा-अस्रजित्",,,,,Bhavaprakasha Nighantu (legacy professor dataset; test use),BPN_0414
ओदुम्बरः,वटादिवर्गः,"उदुम्बर, जन्तुफल, यज्ञाङ्ग, हेमदुग्धक","Rasa: मधुर, तुवर | Guna: रूक्ष, गुरु | Virya: शीत","पित्त-कफा-अस्रजित्, वर्ण्य, व्रणशोधनरोपण",,,,,Bhavaprakasha Nighantu (legacy professor dataset; test use),BPN_0415
काकोदुम्बरिका,वटादिवर्गः,"काकोदुम्बुरिका, फल्गु, मलयु, जघनेफला","Rasa: तिक्त,तुवर | Virya: शीत","मलस्तम्भकृत्, कफ-पित्त-व्रण-श्वित्र-कुष्ठ-पाण्डु-अर्श-कामलाजय",,,,,Bhavaprakasha Nighantu (legacy professor dataset; test use),BPN_0416
प्लक्षः,वटादिवर्गः,"प्लक्ष, जटी, पर्करी, पर्कटी",Rasa: कषाय | Virya: शीत,"व्रण-योनिगदापह, दाह-पित्त-कफा-अस्रघ्न , शोथहा, रक्त-पित्तहृत्",,,,,Bhavaprakasha Nighantu (legacy professor dataset; test use),BPN_0417
शिरीषः,वटादिवर्गः,"शिरीष, भण्डिल, भण्डी, भण्डीर, कपीतन, शुकपुष्प, शुकतरु, मृदुपुष्प, शुकप्रिय","Rasa: मधुर, तिक्त, तुवर | Guna: लघु | Virya: शीत","दोष-शोथ-विसर्पघ्न, कास-व्रण-विषापह",,,,,Bhavaprakasha Nighantu (legacy professor dataset; test use),BPN_0418
क्षीरिवृक्षा,वटादिवर्गः,,Rasa: कषाय | Guna: रूक्ष | Virya: शीत,"वर्ण्य, योनिरोग-व्रणापहा, मेदोघ्न, विसर्प-आमयनाशन, शोथ-पित्त-कफा-अस्रघ्न, स्तन्या, भग्नास्थियोजक",,,,,Bhavaprakasha Nighantu (legacy professor dataset; test use),BPN_0420
शालाः,वटादिवर्गः,"शाल, सर्ज, कार्श्य, अश्वकर्णक, शस्यशम्बर",Rasa: कषाय,व्रण-स्वेद-कफ-क्रिमी-ब्रध्न-विद्रधि-बाधिर्य-योनिकर्णगदाहर,,,,,Bhavaprakasha Nighantu (legacy professor dataset; test use),BPN_0423
शालभेदः,वटादिवर्गः,"सर्जक, अजकर्ण, शाल, मरिचपत्रक","Rasa: कटु, तिक्त, कषाय | Virya: उष्ण",कफ-पाण्डु-श्रुतिगदा-मेह-कुष्ठ-विष-व्रण-व्यपोह,,,,,Bhavaprakasha Nighantu (legacy professor dataset; test use),BPN_0424
शल्लकी,वटादिवर्गः,"शल्लकी, गजभक्ष्या, सुवहा, सुरभि, रसा, महेरुणा, कुन्दुरुकी, वल्लकी, बहुस्रवा",Rasa: तुवर | Virya: शीत,"पित्त-श्लेष्मा-अतिसारजित्, रक्त-पित्त-व्रण-हरी, पुष्टिकृत्समुदीरिता",,,,,Bhavaprakasha Nighantu (legacy professor dataset; test use),BPN_0425
शिंशिपा,वटादिवर्गः,"शिंशपा, पिच्छिला, श्यामा, कृष्णसारा, भस्मगर्भा","Rasa: कटु, तिक्त, कषाय | Virya: उष्ण","शोषहारिणी, मेद-कुष्ठ-श्वित्र-वमि-क्रिमी-हर, वस्तिरुग्-व्रण-दाहा-अस्र-बलासहर,  गर्भपातिनी",,,,,Bhavaprakasha Nighantu (legacy professor dataset; test use),BPN_0426
ककुभः,वटादिवर्गः,"ककुभ, नदीसर्ज, इन्द्रदु, वीरवृक्ष, वीर, धवल, अर्जुन संज्ञावाचकशब्दाः (गाण्डीवी, पार्थ, धनञ्जय, कर्णारि)",Rasa: तुवर | Virya: शीत,"हृद्य, क्षतक्षय-विषा-अस्रजित्, मेदो-मेह-व्रण-कफ-पित्तहृत्",,,,,Bhavaprakasha Nighantu (legacy professor dataset; test use),BPN_0427
बीजकः,वटादिवर्गः,"बीजक, पीतसार, पीतशालक, बन्धूकपुष्प, प्रियक, सर्जक, असन",,"कुष्ठ-वीसर्प-श्वित्र-मेह-गुद-क्रिमी-हर, श्लेष्मा-अस्र-पित्तहर , त्वच्य, केश्य, रसायन",,,,,Bhavaprakasha Nighantu (legacy professor dataset; test use),BPN_0428
खदिरः,वटादिवर्गः,"खादिर, रक्तसार, गायत्री, दन्तधावन, कण्टकी, बालपत्र, बहुशल्य, यज्ञिय","Rasa: तिक्त, कषाय | Virya: शीत","दन्त्य, कण्डू-कासा-अरुचि-प्रणुत्, मेदोघ्न, कृमि-मेह-ज्वर-व्रणापह, श्वित्र-शोथा-आम-पित्ता-अस्र-पाण्डु-कुष्ठ-कफहर",,,,,Bhavaprakasha Nighantu (legacy professor dataset; test use),BPN_0429
श्वेतखदिरः,वटादिवर्गः,"श्वेतखदिर, श्वेतसार, कदर, सोमवल्कल",Guna: विशद,"वर्ण्य, मुखरोग-कफा-अस्रजित्",,,,,Bhavaprakasha Nighantu (legacy professor dataset; test use),BPN_0430
इरिमेदः,वटादिवर्गः,"इरिमेद, विट्खदिर, कालस्कन्ध, अरिमेदक",Rasa: कषाय | Virya: उष्ण,"मुखदन्त-गदा-अस्रजित्, कण्डू-विष-श्लेष्म-कृमि-कुष्ठ-विष-व्रणा-पह",,,,,Bhavaprakasha Nighantu (legacy professor dataset; test use),BPN_0431
रोहीतकः,वटादिवर्गः,"रोहीतक, रोहितक, रोही, दाडिमपुष्पक",,"प्लीहघाती, रुच्य, रक्तप्रसादन",,,,,Bhavaprakasha Nighantu (legacy professor dataset; test use),BPN_0432
बब्बूलः,वटादिवर्गः,"बब्बूल, किङ्किरात, किङ्किराट, सपीतक, आभाषट्पदमोदिनी",,"कफनुत्, ग्राही, कुष्ठ-क्रिमिविषापह",,,,,Bhavaprakasha Nighantu (legacy professor dataset; test use),BPN_0433
अरिष्टकः,वटादिवर्गः,"अरिष्टक, मङ्गल्य, कृष्णवर्ण, अर्थसाधन, रक्तबीज, पीतफेन, फेनिल, गर्भपातन",,"त्रिदोषघ्न, ग्रहजित्, गर्भपातन",,,,,Bhavaprakasha Nighantu (legacy professor dataset; test use),BPN_0434
पुत्रजीवः,वटादिवर्गः,"पुत्रजीव, गर्भकर, यष्टीपुष्प, अर्थसाधक","Rasa: कटु, स्वादु | Guna: गुरु, रूक्ष | Virya: शीत","पटु, वृष्य, गर्भद, श्लेष्म-वातहृत्, सृष्टमूत्रमल",,,,,Bhavaprakasha Nighantu (legacy professor dataset; test use),BPN_0435
इङ्गुदः,वटादिवर्गः,"इङ्गुद, अङ्गारवृक्ष, तिक्तक, तापसद्रुम",Rasa: तिक्त | Virya: उष्ण | Vipaka: कटु,"कुष्ठ-भूतादिग्रह-व्रण-विष-क्रिमीहर, श्वित्रशूलघ्न",,,,,Bhavaprakasha Nighantu (legacy professor dataset; test use),BPN_0436
जिङ्गिनी,वटादिवर्गः,"जिङ्गिनि, झिङ्गिनि, झिङ्गी, सुनिर्यासा, प्रमोदिनी","Rasa: मधुर, कषाय, लवण, कटु | Virya: उष्ण","योनिशोधिनी, व्रण-हृद्रोग-वाता-अतीसारहृत्, पटु",,,,,Bhavaprakasha Nighantu (legacy professor dataset; test use),BPN_0437
तमालः,वटादिवर्गः,"तमाल, तापिच्छ, कालस्कन्ध, अमितद्रुम, लोकस्कन्ध, नीलध्वज, नीलताल",,दाहविस्फोटहृत्,,,,,Bhavaprakasha Nighantu (legacy professor dataset; test use),BPN_0438
तूणी,वटादिवर्गः,"तूणी, तुन्नक, आपीन, तुणिक, कच्छक, कुठेरक, कान्तलक, नन्दीवृक्ष, नन्दक","Rasa: कषाय, मधुर, तिक्त | Guna: लघु | Virya: शीत | Vipaka: कटु","ग्राही, वृष्य, व्रण-कुष्ठा-अस्र-पित्तजित्",,,,,Bhavaprakasha Nighantu (legacy professor dataset; test use),BPN_0439
भूर्जपत्रः,वटादिवर्गः,"भूर्जपत्र, भूर्ज, चर्मी, बहुलवल्कल",Rasa: कषाय,"भूतग्रह-श्लेष्म-कर्णरुक्-पित्त-रक्त-जित्, राक्षसघ्न, मेदोविषहर",,,,,Bhavaprakasha Nighantu (legacy professor dataset; test use),BPN_0440
पलाशः,वटादिवर्गः,"पलाश, किंशुक, पर्ण, यज्ञिय, रक्तपुष्पक, क्षारश्रेष्ठ, वातपोथ, ब्रह्मवृक्ष, समिद्वर","Rasa: कषाय, कटु, तिक्त | Guna: स्निग्ध | Virya: उष्ण","दीपन, वृष्य, सर, व्रण-गुल्मजित्, भग्नसंधानकृत्, दोष-ग्रहणि-अर्शः-क्रिमीहर, गुदजरोगजित्",,,,,Bhavaprakasha Nighantu (legacy professor dataset; test use),BPN_0441
शाल्मलिः,वटादिवर्गः,"शाल्मली, मोचा, पिच्छिला, पूरणी, रक्तपुष्पा, स्थिरायु, कण्टकाढ्या, तूलिनी",Rasa: मधुर | Virya: शीतल | Vipaka: स्वादु,"रसायनी, श्लेष्मला, पित्त-वाता-अस्रहारिणी, रक्त-पित्तजित्",,,,,Bhavaprakasha Nighantu (legacy professor dataset; test use),BPN_0444
मोचरसः,वटादिवर्गः,"शाल्मलिनिर्यास पिच्छा, शाल्मलीवेष्टक, मोचास्राव, मोचरस, मोचनिर्यास",Rasa: कषाय | Guna: स्निग्ध | Virya: शीत,"ग्राही, वृष्य, प्रवाहिका-अतिसारा-आम-कफ-पित्ता-अस्र-दाहनुत्",,,,,Bhavaprakasha Nighantu (legacy professor dataset; test use),BPN_0445
कूटशाल्मलिः,वटादिवर्गः,"कुत्सितशाल्मलि, रोचन, कूटशाल्मलिक","Rasa: तिक्त, कटु | Virya: उष्ण","कफ-वातनुत्, प्लीह-जठरयकृद्गुल्म-विषापह, भूतानाह-विबन्धा-अस्र-मेद-शूल-कफापह, भेदी",,,,,Bhavaprakasha Nighantu (legacy professor dataset; test use),BPN_0446
धवः,वटादिवर्गः,"धट, नन्दितरु, स्थिर, गौर, धुरन्धर","Rasa: मधुर, तुवर | Virya: शीत",प्रमेह-आर्श-पाण्डु-पित्त-कफा-पह,,,,,Bhavaprakasha Nighantu (legacy professor dataset; test use),BPN_0447
धन्वङ्गः,वटादिवर्गः,"धनुर्वृक्ष, गोत्रवृक्ष, सुतेजन","Rasa: तुवर | Guna: लघु, रूक्ष","कफ-पित्ता-अस्र-कास-हृत्, बृंहण, बलकृत्, सन्धिकृत्, व्रणरोपण",,,,,Bhavaprakasha Nighantu (legacy professor dataset; test use),BPN_0448
करीरः,वटादिवर्गः,"क्रकरीपत्र, ग्रन्थिल, मरुभूरुह","Rasa: कटु, तिक्त | Virya: उष्ण","स्वेदी, भेदन, दुर्नाम-कफ-वाता-आम-गरशोथ-व्रणप्रणुत्",,,,,Bhavaprakasha Nighantu (legacy professor dataset; test use),BPN_0449
शाखोटः,वटादिवर्गः,"पीतफलक, भूतावास, खरच्छद",,रक्त-पित्ता-आर्श-वात-श्लेष्मा-अतिसारजित्,,,,,Bhavaprakasha Nighantu (legacy professor dataset; test use),BPN_0450
वरुणः,वटादिवर्गः,"वरण, सेतु, तिक्तशाक, कुमारक","Rasa: कषाय, मधुर, तिक्त, कटु | Guna: रूक्ष, लघु | Virya: उष्ण","वरुण, पित्तल, भेदी-श्लेष्म-कृच्छ्रा-अश्म-मारुतहर, गुल्म-वाता-अस्र-कृमि-उष्ण-अग्निदीपन",,,,,Bhavaprakasha Nighantu (legacy professor dataset; test use),BPN_0451
कटभी,वटादिवर्गः,"स्वादुपुष्प, मधुरेणु, कटंभर",Rasa: कटु | Guna: रूक्ष,"प्रमेहा-आर्शो-नाडी-व्रण-विष-क्रिमीहर, उष्णहन, कफ-कुष्ठघ्नी",,,,,Bhavaprakasha Nighantu (legacy professor dataset; test use),BPN_0452
मोक्षः,वटादिवर्गः,"मोक्षक, गोलीढ, गोलिह, क्षारश्रेष्ठ, क्षारवृक्ष","Rasa: कटु, तिक्त | Virya: उष्ण","कफ-वात-हृत्, विष-मेदो-गुल्म-कण्डू-बस्ति-रुक्-कृमि-शुक्र-नुत्, ग्राही",,,,,Bhavaprakasha Nighantu (legacy professor dataset; test use),BPN_0454
जलशिरीषिका,वटादिवर्गः,"शिरीषिका, टिण्टिनिका, दुर्बला, अम्बुशिरीषिका, वारिशिरीषिका",,"त्रिदोष-विष-कुष्ठा-आर्शहरी, वारिशिरीषिका",,,,,Bhavaprakasha Nighantu (legacy professor dataset; test use),BPN_0455
शमी,वटादिवर्गः,"शक्तुफला, तुङ्गा, केशहन्त्री, शिवाफला, मङ्गल्या, लक्ष्मी, शमीर","Rasa: तिक्त, कटु, कषाय | Guna: लघु | Virya: शीत","रेचनी, कफ-कास-भ्रम-श्वास-कुष्ठा-आर्शः-कृमिजित्",,,,,Bhavaprakasha Nighantu (legacy professor dataset; test use),BPN_0456
सप्तपर्णः,वटादिवर्गः,"विशालत्वक, शारद, विषमच्छद",Rasa: तुवर | Guna: स्निग्ध | Virya: उष्ण,"सर, व्रण-श्लेष्म-वात-कुष्ठा-आस्र-जन्तुजित्, दीपन, श्वास-गुल्मघ्न",,,,,Bhavaprakasha Nighantu (legacy professor dataset; test use),BPN_0457
तिनिशः,वटादिवर्गः,"स्यन्दन, नेमि, रथद्रु, वञ्जुल",Rasa: तुवर,"श्लेष्म-पित्ता-अस्र-मेदः-कुष्ठ-प्रमेहजित्, श्वित्रदाहघ्न, व्रण-पाण्डु-कृमि-प्रणुत्",,,,,Bhavaprakasha Nighantu (legacy professor dataset; test use),BPN_0458
भूमीसहः,वटादिवर्गः,"द्वारदरु, वरदारु, खरच्छद",Virya: शीत,रक्त-पित्त-प्रसादन,,,,,Bhavaprakasha Nighantu (legacy professor dataset; test use),BPN_0459
आम्रपुष्पम्,आम्रादिफलवर्गः,,Virya: शीत,"अतीसारक-कफ-पित्त-प्रमेह-नुत्, असृग्-दृष्टिहर, रुचिकृत्, ग्राहि, वातल",,,,,Bhavaprakasha Nighantu (legacy professor dataset; test use),BPN_0461
तरुणम्,आम्रादिफलवर्गः,,Rasa: अत्यम्ल | Guna: रूक्ष,दोषत्रया-अस्रकृत्,,,,,Bhavaprakasha Nighantu (legacy professor dataset; test use),BPN_0464
शुष्काम्रफलम्,आम्रादिफलवर्गः,,"Rasa: स्वादु, कषाय, अम्ल","भेदन, कफ-वातजित्",,,,,Bhavaprakasha Nighantu (legacy professor dataset; test use),BPN_0465
पक्वाम्रफलम्,आम्रादिफलवर्गः,,"Rasa: मधुर, कषाय | Guna: स्निग्ध, गुरु | Virya: शीत","वृष्य, बलसुखप्रद, वातहर, हृद्य, वर्ण्य, अपित्तल, वह्नि-श्लेश्म-शुक्र-विवर्द्धन",,,,,Bhavaprakasha Nighantu (legacy professor dataset; test use),BPN_0466
वृक्षपक्वाम्रफलम्,आम्रादिफलवर्गः,,"Rasa: मधुर, अम्ल | Guna: गुरु","वातहर, किञ्चिद्-भवेत्-पित्तप्रकोपण",,,,,Bhavaprakasha Nighantu (legacy professor dataset; test use),BPN_0467
कृत्रिमपक्वचूषिताम्रफलम्,आम्रादिफलवर्गः,,Rasa: मधुर | Guna: लघु | Virya: शीतल,"पित्तनाशन, माधुर्य, चूषित, रुच्य, बल-वीर्यकर, शीघ्रपाकि, वात-पित्तहर, सर",,,,,Bhavaprakasha Nighantu (legacy professor dataset; test use),BPN_0468
गालिताम्ररसः,आम्रादिफलवर्गः,,Guna: गुरु,"गालित, बल्य, वातहर, सर, अहृद्य, तर्पण, अतिबृंहण, कफवर्द्धन",,,,,Bhavaprakasha Nighantu (legacy professor dataset; test use),BPN_0469
आम्रखण्डः,आम्रादिफलवर्गः,,Rasa: मधुर | Guna: गुरु | Virya: शीतल,"रोचन, चिरपाकि, बृंहण, बल्य, वातनाशन",,,,,Bhavaprakasha Nighantu (legacy professor dataset; test use),BPN_0470
दुग्धयुक्ताम्रः,आम्रादिफलवर्गः,,Guna: गुरु | Virya: शीतल,"वात-पित्तहर, रुच्य, बृंहण, बलवर्द्धन, वृष्य, वर्णकर, स्वादु, दुग्धाम्र",,,,,Bhavaprakasha Nighantu (legacy professor dataset; test use),BPN_0471
आम्रावर्त्तः,आम्रादिफलवर्गः,,Guna: लघु,"तृषा-च्छर्दि-वात-पित्त-हर, सर, रुच्य",,,,,Bhavaprakasha Nighantu (legacy professor dataset; test use),BPN_0474
आम्रबीजम्,आम्रादिफलवर्गः,,"Guna: कषाय, मधुर, इशदम्ल","छर्दि-अतीसारनाशन, ईषदम्ल, हृदयदाहनुत्",,,,,Bhavaprakasha Nighantu (legacy professor dataset; test use),BPN_0475
आम्रनवपल्लवः,आम्रादिफलवर्गः,,,"रुच्य, कफ-पित्त-विनाशन",,,,,Bhavaprakasha Nighantu (legacy professor dataset; test use),BPN_0476
आम्रातकः,आम्रादिफलवर्गः,"आम्रातक, पीतन, मर्कटाम्र, कपीतन, आम्रात",Rasa: अम्ल | Guna: गुरु | Virya: उष्ण,"वातघ्न, रुचिकृत्, सर",,,,,Bhavaprakasha Nighantu (legacy professor dataset; test use),BPN_0477
राजाम्रः,आम्रादिफलवर्गः,"राजाम्र, टङ्क, आम्रात, कामाह्व, राजपुत्रक","Rasa: तुवर, स्वादु | Guna: विशद, गुरु, रूक्ष | Virya: शीतल","ग्राहि, विबन्ध-अध्म-वातकृत्-कफ-पित्तनुत्",,,,,Bhavaprakasha Nighantu (legacy professor dataset; test use),BPN_0479
कोशाम्रः,आम्रादिफलवर्गः,"कोशाम्र, क्षुदाम्र, कृमिवृक्ष, सुकोशक",,कुष्ठ-शोथा-अस्र-पित्त-व्रण-कफापह,,,,,Bhavaprakasha Nighantu (legacy professor dataset; test use),BPN_0480
पनसः,आम्रादिफलवर्गः,"पनश, कण्टकिफल, पलस, अतिबृहत्फल","Rasa: स्वादु, तुवर, मधुर | Guna: गुरु, स्निग्ध | Virya: शीतल","पित्ता-अनिलापह, तर्पण, बृंहण, मांसल, श्लेष्मलंभृश, बल्य, शुक्रप्रद, रक्त-पित्त-क्षत-व्रणा-पह, विष्टम्भि, वातल, दाहकृत्, बल्य, कफ-मेदो-विवर्द्धन",,,,,Bhavaprakasha Nighantu (legacy professor dataset; test use),BPN_0483
आमं,आम्रादिफलवर्गः,,"Rasa: मधुर, अम्ल | Guna: गुरु, उष्ण","विष्टम्भकृत्, दोषत्रितय-रक्तकृत्, शुक्रा-अग्निनाशन, नेत्रयोरहित",,,,,Bhavaprakasha Nighantu (legacy professor dataset; test use),BPN_0487
सुपक्वं,आम्रादिफलवर्गः,,"Rasa: मधुर, अम्ल","अनिल-पित्तहृत्, कफ-वह्निकर, रुच्य, वृष्य, विष्टम्भक",,,,,Bhavaprakasha Nighantu (legacy professor dataset; test use),BPN_0488
चिर्भिटम्,आम्रादिफलवर्गः,"चिर्भिट, धेनुदुग्ध, गोरक्षकर्कटी","Rasa: मधुर | Guna: रूक्ष, गुरु, उष्ण | Virya: शीत","पित्त-कफापह, ग्राहि, विष्टम्भि, पक्व, पित्तल",,,,,Bhavaprakasha Nighantu (legacy professor dataset; test use),BPN_0492
नारिकेलः,आम्रादिफलवर्गः,"नारिकेल, दृढफल, लाङ्गली, कूर्चशीर्षक, तुङ्ग, स्कन्धफल, तृणराज, सदाफल",Virya: शीत,"दुर्जर, वस्तिशोधन, विष्टम्भि, बृंहण, बल्य, वात-पित्ता-अस्र-दाह-नुत्",,,,,Bhavaprakasha Nighantu (legacy professor dataset; test use),BPN_0493
खर्बूजम्,आम्रादिफलवर्गः,"दशाङ्गुल, खर्बूजा","Guna: गुरु, स्निग्ध | Virya: शीत","मूत्रल, बल्य, कोष्ठशुद्धिकर, स्वादुतर, वृष्य, पित्ता-अनिलापह",,,,,Bhavaprakasha Nighantu (legacy professor dataset; test use),BPN_0500
गुवाकः,आम्रादिफलवर्गः,"घोरण्ट, पूगी, पूग, गुवाक, क्रमुक","Rasa: कषाय | Guna: गुरु, रूक्ष | Virya: शीत","कफ-पित्तजित्, मोहन, दीपन, रुच्य-आस्यवैरस्यनाशन",,,,,Bhavaprakasha Nighantu (legacy professor dataset; test use),BPN_0505
तरुणः,आम्रादिफलवर्गः,,Rasa: मधुर | Guna: लघु,"मदकर, श्लेष्मल, वात-पित्तघ्न, सस्नेह, सर",,,,,Bhavaprakasha Nighantu (legacy professor dataset; test use),BPN_0509
बिल्वः,आम्रादिफलवर्गः,"बिल्व, शाण्डिल्य, शैलूष, मालूर, ओफल ,",,"ग्राहिणी, कफ-वाता-आम-शूलघ्नी",,,,,Bhavaprakasha Nighantu (legacy professor dataset; test use),BPN_0511
अन्यच्च,आम्रादिफलवर्गः,"बिल्वफल , बिल्वकर्कटी, बिल्वपेशिका","Rasa: कटु, कषाय, तिक्त | Guna: लघु, स्निग्ध | Virya: उष्ण","ग्राहि, दीपन, पाचन, वात-कफापह",,,,,Bhavaprakasha Nighantu (legacy professor dataset; test use),BPN_0512
कपित्थः,आम्रादिफलवर्गः,"कपित्थ, दधित्थ, पुष्पफल, कपिप्रिय, दधिफल, दन्तशठ",Rasa: कषाय | Guna: लघु,"संग्राहि, लेखन",,,,,Bhavaprakasha Nighantu (legacy professor dataset; test use),BPN_0514
अपरम्,आम्रादिफलवर्गः,,Rasa: अम्ल | Virya: उष्ण,"दुर्जर, वातहृत्, सर",,,,,Bhavaprakasha Nighantu (legacy professor dataset; test use),BPN_0518
कुपीलुः,आम्रादिफलवर्गः,"तिन्दुक, जलद, दीर्घपत्रक, कुपीलु, कुलक, काकतिन्दुक, काकपीलुक, काकेन्दु, विषतिन्दु, मर्कटतिन्दुक",Rasa: तिक्त | Guna: लघु | Virya: शीतल,"वातल, मदकृत्, व्यथाहर, ग्राहि, कफ-पित्ता-अस्रनाशन",,,,,Bhavaprakasha Nighantu (legacy professor dataset; test use),BPN_0522
राजजम्बू,आम्रादिफलवर्गः,"फलेन्द्रा, नन्दी, राजजम्बू, महाफला, सुरभिपत्रा, महाजम्बू",Rasa: स्वादु | Guna: गुरु,"विष्टम्भि, रोचन",,,,,Bhavaprakasha Nighantu (legacy professor dataset; test use),BPN_0523
जलजंबुका,आम्रादिफलवर्गः,"क्षुद्रजम्बू, सूक्ष्मपत्रा, नादेयी, जलजम्बुका",Guna: रूक्ष,"संग्राहिणी, कफ-पित्ता-अस्र-दाहजित्",,,,,Bhavaprakasha Nighantu (legacy professor dataset; test use),BPN_0524
प्राचीनामलकम्,आम्रादिफलवर्गः,पनीयामलक,,"दोषत्रयजित्, ज्वरघाति",,,,,Bhavaprakasha Nighantu (legacy professor dataset; test use),BPN_0531
लवली,आम्रादिफलवर्गः,"सुगन्धमूला, लवली, पाण्डु, कोमलवल्कला","Rasa: स्वादु, अम्ल, तुवर | Guna: विशद, गुरु, रूक्ष","लवलीफल-अश्म-अर्शः-कफ-पित्तहर, रोचन",,,,,Bhavaprakasha Nighantu (legacy professor dataset; test use),BPN_0532
राजादनः,आम्रादिफलवर्गः,"राजादन, फलाध्यक्ष, राजन्या, क्षीरिका","Guna: स्निग्ध, गुरु | Virya: शीत","वृष्य, बल्य, तृष्णा-मूर्च्छा-मद-भ्रान्ति-क्षय-दोषत्रया-अस्रजित्",,,,,Bhavaprakasha Nighantu (legacy professor dataset; test use),BPN_0540
विकङ्कतः,आम्रादिफलवर्गः,"विकङ्कत, स्रवावृक्ष, ग्रन्थिल, स्वादुकण्टक, यज्ञवृक्ष, कण्टकी, व्याघ्रपाद्",Rasa: मधुर,सर्वदोषजित्,,,,,Bhavaprakasha Nighantu (legacy professor dataset; test use),BPN_0541
पद्माक्षम्,आम्रादिफलवर्गः,"पद्मबीज, पद्माक्ष, गालोड्य, पद्मकर्कटी","Rasa: कषाय, तिक्त, स्वादु | Guna: , गुरु, रूक्ष | Virya: शीत","विष्टम्भ, वृष्य, गर्भसंस्थापक, कफ-वातकर, बल्य, ग्राहि, पित्ता-अस्र-दाहनुत्",,,,,Bhavaprakasha Nighantu (legacy professor dataset; test use),BPN_0542
मखान्नम्,आम्रादिफलवर्गः,"मखान्न, पद्मबीजाभ, पानीयफल",,गुणेषु - पद्मबीजतुल्य,,,,,Bhavaprakasha Nighantu (legacy professor dataset; test use),BPN_0543
शृङ्गाटकम्,आम्रादिफलवर्गः,"श्रुङ्गाटक, जलफल, त्रिकोणफल","Rasa: स्वादु, कषाय | Guna: गुरु | Virya: शीत","वृष्य, , ग्राही, शुक्रा-अनिल-श्लेष्म-प्रद, पित्ता-अस्र-दाहनुत्",,,,,Bhavaprakasha Nighantu (legacy professor dataset; test use),BPN_0544
मधूकः,आम्रादिफलवर्गः,"मधूक, गुडपुष्प, मधुपुष्प, मधुस्रव, वानप्रस्थ, मधुष्ठील मधूलक",Rasa: मधुर | Guna: गुरु | Virya: शीतल,"बृंहण, बल-शुक्रकर, वात-पित्त-विनाशन",,,,,Bhavaprakasha Nighantu (legacy professor dataset; test use),BPN_0546
परूषकम्,आम्रादिफलवर्गः,"परूषक, परुष, अल्पास्थि, परापर","Rasa: कषाय, अम्ल | Guna: लघु",पित्तकर,,,,,Bhavaprakasha Nighantu (legacy professor dataset; test use),BPN_0548
तूतः,आम्रादिफलवर्गः,"तूत, पूग, तूल, क्रमुक, ब्रह्मदारु",Rasa: स्वादु | Guna: गुरु | Virya: शीत,"पित्ता-अनिलापह,",,,,,Bhavaprakasha Nighantu (legacy professor dataset; test use),BPN_0550
स्वाद्वम्लं,आम्रादिफलवर्गः,,Guna: लघु,"दीपन, रुच्य, किञ्चित्-पित्तकर",,,,,Bhavaprakasha Nighantu (legacy professor dataset; test use),BPN_0554
अम्लम्,आम्रादिफलवर्गः,,Rasa: अम्ल,"पित्तजनक, वात-कफापह",,,,,Bhavaprakasha Nighantu (legacy professor dataset; test use),BPN_0555
बहुवारः,आम्रादिफलवर्गः,"बहुवार, शीत, उद्दाल, बहुवारक, शेलु, श्लेष्मातक, पिच्छिल, भूतवृक्षक","Rasa: मधुर, तुवर, तिक्त | Guna: रूक्ष","केश्य, कफ-पित्तहृत्, विष्टम्भि, पित्त-कफा-अस्रजित्, विष-स्फोट-व्रण-वीसर्प-कुष्ठ-नुत्",,,,,Bhavaprakasha Nighantu (legacy professor dataset; test use),BPN_0556
कतकः,आम्रादिफलवर्गः,"पयःप्रसादी, कटक","Rasa: मधुर, तुवर | Guna: गुरु | Virya: शीत","नेत्र्य, जलनिर्मलताकर, वात-श्लेष्महर",,,,,Bhavaprakasha Nighantu (legacy professor dataset; test use),BPN_0558
क्षुद्रखर्जूरी,आम्रादिफलवर्गः,"भूमिखर्जूरिका, स्वाद्वी, दुरारोहा, मृदुच्छदा, स्कन्धफला, काककर्कटी, स्वादुमस्तका","Rasa: मधुर | Guna: स्निग्ध, गुरु | Virya: शीत | Vipaka: मधुर","रुचिकर, हृद्य, क्षतक्षयहर, तर्पण, रक्त-पित्तघ्न, पुष्टि-विष्टम्भ-शुक्रद, कोष्ठ-मारुत-हृत्, बल्य, वान्ति-वात-कफा-पह, ज्वरा-अतिसार-क्षुत्तृष्णा-कास-श्वास-निवारक, मद-मूर्च्छा-मरुत्-पित्त-मद्यो-द्भूतगदान्तकृत्",,,,,Bhavaprakasha Nighantu (legacy professor dataset; test use),BPN_0562
पिण्डखर्जूरी,आम्रादिफलवर्गः,मृदुला सुलेमानी दलहीनफला,,श्रम-भ्रान्ति-दाह-मूर्च्छाऽ-अस्र-पित्तहृत्,,,,,Bhavaprakasha Nighantu (legacy professor dataset; test use),BPN_0564
वातादः,आम्रादिफलवर्गः,"वाताद, वातवैरी, नेत्रोपमफल","Guna: स्निग्ध, गुरु | Virya: उष्ण","वातघ्न, शुक्रकृत्",,,,,Bhavaprakasha Nighantu (legacy professor dataset; test use),BPN_0565
वातादमज्जा,आम्रादिफलवर्गः,,Rasa: मधुर | Guna: स्निग्ध | Virya: उष्ण,"वृष्य, पित्ता-निलापह, कफकृत्, रक्त-पित्त-विकार्यनिष्ट",,,,,Bhavaprakasha Nighantu (legacy professor dataset; test use),BPN_0566
सेवम्,आम्रादिफलवर्गः,"मुष्टिप्रमाण, बदर मुष्टिप्रमाणबदर, सेव, सिवितिकाफल",Rasa: मधुर | Guna: गुरु | Virya: शीत | Vipaka: मधुर,"समीर-पित्तघ्न, बृंहण, कफकृत्, शिशिर, रुचि-शुक्र-कृत्",,,,,Bhavaprakasha Nighantu (legacy professor dataset; test use),BPN_0567
अमृतफलम्,आम्रादिफलवर्गः,,Rasa: स्वादु | Guna: लघु,"वृष्य, त्रीदोषहृत्",,,,,Bhavaprakasha Nighantu (legacy professor dataset; test use),BPN_0568
पीलुः,आम्रादिफलवर्गः,"पीलु, गुडफल, स्रंसी, शीतफल","Rasa: स्वादु, तिक्त | Virya: शीत","स्रंसी, शीतफल, श्लेष्म-समीरघ्न, पित्तल, भेद, गुल्मनुत्, त्रिदोषहृत्",,,,,Bhavaprakasha Nighantu (legacy professor dataset; test use),BPN_0569
अक्षोटः,आम्रादिफलवर्गः,"शैलभवपीलु, अक्षोट, कर्पराल",,वातादसदृशः कफ-पित्तकृत्,,,,,Bhavaprakasha Nighantu (legacy professor dataset; test use),BPN_0570
बीजपूरः,आम्रादिफलवर्गः,"बीजपूर, मातुलुङ्ग, रुचक, फलपूरक","Rasa: स्वादु, अम्ल | Guna: लघु","दीपन, रक्त-पित्तहर, कण्ठ-जिह्वा-हृदय-शोधन, श्वास-कासा-अरुचिहर, हृद्य, तृष्णाहर",,,,,Bhavaprakasha Nighantu (legacy professor dataset; test use),BPN_0571
मधुकर्कटी,आम्रादिफलवर्गः,,Rasa: स्वादु | Guna: गुरु | Virya: शीतला,"रोचनी, रक्त-पित्त-क्षय-श्वास-कास-हिक्का-भ्रमापहा",,,,,Bhavaprakasha Nighantu (legacy professor dataset; test use),BPN_0572
जम्बीरफलम्,आम्रादिफलवर्गः,"जम्बीर, दन्तशठ, जम्भ, जम्भीर, जम्भल",Rasa: अम्ल | Guna: गुरु | Virya: उष्ण,"वात-श्लेष्म-विबन्धनुत्, शूल-कास-कफो-उत्क्लेश-च्छर्दि-तृष्णा-आमदोषजित्, आस्यवैरस्यहृत्-पीडा-वह्निमान्द्य-क्रिमीहर, तृष्णा-च्छर्दि-निवारिणी",,,,,Bhavaprakasha Nighantu (legacy professor dataset; test use),BPN_0573
निम्बूकम्,आम्रादिफलवर्गः,"निम्बू, निम्बुक, निम्बूक",Rasa: अम्ल | Guna: लघु,"वातल, दीपन, पाचन",,,,,Bhavaprakasha Nighantu (legacy professor dataset; test use),BPN_0574
अन्यच्च,आम्रादिफलवर्गः,,Rasa: अम्ल | Guna: तीक्ष्ण,"कृमिसमूहनाशन –उदरग्रहापह, वात-पित्त-कफ-शूलिहित, कष्टनष्टरुचिरोचन, त्रिदोष-वह्निक्षय-वातरोग-पीडित -विशविह्वल - मन्दानल-बद्धगदप्रदान",,,,,Bhavaprakasha Nighantu (legacy professor dataset; test use),BPN_0575
मिष्टनिम्बूकफलम्,आम्रादिफलवर्गः,मिष्टनिम्बू,Rasa: स्वादु | Guna: गुरु,"मारुत-पित्तनुत्, गलरोग-विषध्वंसि-कफोत्क्लेशि, रक्तहृत्, शोषा-अरुचि-तृषा-च्छर्दि-हर, बल्य, बृंहण",,,,,Bhavaprakasha Nighantu (legacy professor dataset; test use),BPN_0576
कर्मरङ्गम्,आम्रादिफलवर्गः,"कर्मरङ्ग, शिराल  विशाल, बृहदम्ल, रुजाकर","Rasa: स्वादु, अम्ल | Virya: शीत","ग्राहि, कफ-वातहृत्",,,,,Bhavaprakasha Nighantu (legacy professor dataset; test use),BPN_0577
आम्लवेतसः,आम्रादिफलवर्गः,"अम्लवेतस, चुक्र, शतवेधि, सहस्रनुत्","Rasa: अम्ल | Guna: लघु, रूक्ष","भेदन, दीपन, हृद्रोग-शूल-गुल्मघ्न, पित्तल, लोमहर्षण, विण्मूत्रदोषघ्न, प्लीहोदावर्त्तनाशन, हिक्का-आनाह-अरुचि-श्वास-कासा-अजीर्ण-वमिप्रणुत्, कफवातामयध्वंसिच्छागमांसद्रवत्वकृत्, लोहसूचीद्रवत्वकृत्",,,,,Bhavaprakasha Nighantu (legacy professor dataset; test use),BPN_0581
सम्यक्मारितरूप्य,आम्रादिफलवर्गः,,"Rasa: कषाय, अम्ल, स्वादु | Guna: स्निग्ध | Virya: शीत | Vipaka: स्वादु","रूप्य, सर, वयसःस्थापन, लेखन, वात-पित्तजित्, प्रमेहादिक-रोगानाशक",,,,,Bhavaprakasha Nighantu (legacy professor dataset; test use),BPN_0595
असम्यक्मारितरूप्य,आम्रादिफलवर्गः,,,"तापकर, विध्वंसक, शुक्रनाश, वीर्यबलह, तनुपुष्टिहर, महागदापोषक",,,,,Bhavaprakasha Nighantu (legacy professor dataset; test use),BPN_0596
उत्तमताम्र,आम्रादिफलवर्गः,,"Guna: स्निग्ध, मृदु","जपाकुसुमसङ्काश, मृदु, घनक्षम, लौहनागोज्झितताम्रं मारणप्रशस्य",,,,,Bhavaprakasha Nighantu (legacy professor dataset; test use),BPN_0599
अधमताम्र,आम्रादिफलवर्गः,,,"कृष्ण, रूक्ष, अतिस्तब्ध, श्वेत, घनासह, लौहनागयुत, शुल्ब, दुष्ट",,,,,Bhavaprakasha Nighantu (legacy professor dataset; test use),BPN_0600
सम्यक्मारितताम्र,आम्रादिफलवर्गः,,"Rasa: कषाय, मधुर, तिक्त, अम्ल, | Guna: सार, लघु | Virya: शीत | Vipaka: कटु","पित्तापह, श्लेष्महर, रोपण, लेखन, पाण्डू-उदरा-आर्शो-ज्वर-कुष्ठ-कास-श्वास-क्षय-पीनस-अम्लपित्तापह, शोथ, कृमि, शूलापकर, अल्पबृंहण",,,,,Bhavaprakasha Nighantu (legacy professor dataset; test use),BPN_0601
असम्यक्मारितताम्र,आम्रादिफलवर्गः,,,"दाह, स्वेद, अरुचि, मूर्च्छा, क्लेद, रेक, वमिर्भ्रम",,,,,Bhavaprakasha Nighantu (legacy professor dataset; test use),BPN_0602
सीसम्,आम्रादिफलवर्गः,"ब्रध्न, वप्र, योगेष्ठ, नागनामक",,नरसर्वरोगापहा,,,,,Bhavaprakasha Nighantu (legacy professor dataset; test use),BPN_0606
अशुद्धवङ्गनाग,आम्रादिफलवर्गः,,,कुष्ठानि गुल्मांश्च तथाऽ अतिकष्टान् कण्डू-प्रमेहा-अनिलसाद-शोथ-भगन्दरादीन् कुरुतः प्रयुक्तौ ।,,,,,Bhavaprakasha Nighantu (legacy professor dataset; test use),BPN_0608
सारलोह,आम्रादिफलवर्गः,,,"ग्रहणी, अतिसारक, अर्धाङ्गसर्वाङ्गजवात, परिणामशूलज, छर्दि, पीनस, पित्त, श्वास, कासव्यपोहक",,,,,Bhavaprakasha Nighantu (legacy professor dataset; test use),BPN_0613
कान्तलौह,आम्रादिफलवर्गः,,,"गुल्मोदरा-अर्शः-शूलाम-आमवात-भगन्दर, कामला-शोथ-कुष्ठ-क्षय-कान्तमयहर, प्लीहा-अम्लपित्त-यकृत्छिरोहर, सर्वरोगविजयी, बलवीर्यवपुःपुष्टिकर, अग्निविवर्धन",,,,,Bhavaprakasha Nighantu (legacy professor dataset; test use),BPN_0614
सुवर्णमाक्षिकम्,आम्रादिफलवर्गः,"तापीज, मधुमाक्षिक, माक्षिकधातु , ताप्य, मधुधातु, स्वर्णमाक्षिक","Rasa: स्वादु, तिक्त","रसायन, चक्षुष्य, वस्तिरुक्-कुष्ठ-पाण्डु-मेह-विषोदरहर, अर्शः-शोथ-विष-कण्डू-त्रिदोषनाशक, वृष्य",,,,,Bhavaprakasha Nighantu (legacy professor dataset; test use),BPN_0616
तारमाक्षिकम्,आम्रादिफलवर्गः,रौप्यमाक्षिक,"Rasa: स्वादु, त्तिक्त | Vipaka: मधुर","वृष्य, रसायन, चतुष्य, बस्ति-रुक्-कुष्ठ-पाण्डु-मेह-विषोदरा-आर्श-शोथ-क्षय-कण्डू-त्रिदोषनाशक",,,,,Bhavaprakasha Nighantu (legacy professor dataset; test use),BPN_0618
तुत्थम्,आम्रादिफलवर्गः,वितुन्नक,"Rasa: कटु, क्षार, कषाय, | Guna: लघु | Virya: शीत","वामक, लेखन, भेदन, चक्षुष्य, कफ-पित्तहृत्, विषा-अश्म-कुष्ठ-कण्डूघ्न",,,,,Bhavaprakasha Nighantu (legacy professor dataset; test use),BPN_0620
कांस्यम्,आम्रादिफलवर्गः,"ताम्रत्रपुज, कांस्य, घोष कंसक","Rasa: कषाय, तिक्त, विशद | Guna: रूक्ष | Virya: उष्ण","लेखन, सर, गुरु, नेत्रहित, कफ-पित्तहर",,,,,Bhavaprakasha Nighantu (legacy professor dataset; test use),BPN_0621
अरकूटम्,आम्रादिफलवर्गः,"पित्तल , आर, रीति, राजरीति, ब्रह्मरीति, कपिला, पिङ्गला","Rasa: तिक्त, लवण | Guna: रूक्ष","शोधन, पाण्डुरोगघ्न, कृमिघ्न, नातिलेखन",,,,,Bhavaprakasha Nighantu (legacy professor dataset; test use),BPN_0622
सिन्दूरम्,आम्रादिफलवर्गः,"नागरेणु, रक्तगर्भ, सीसज",Virya: उष्ण,"वीसर्प-कुष्ठ-कण्डू-विषापह, भग्नसन्धानजनन-व्रणशोधनरोपण",,,,,Bhavaprakasha Nighantu (legacy professor dataset; test use),BPN_0623
शिलाजतु,आम्रादिफलवर्गः,"अद्रिजतु, शैलनिर्यास, गैरेय, अश्मज, गिरिज, शैलधातुज","Rasa: कटु, तिक्त | Virya: उष्ण | Vipaka: कटु","रसायन, छेदि, योगवह, कफ-मेहा-अश्म-शर्करा-मूत्र-कृच्छ्र-क्षय-श्वास-वाता-आर्शा-पाण्डुता-अपस्मारो-उन्माद-शोथ-कुष्ठोदर-क्रिमीहर",,,,,Bhavaprakasha Nighantu (legacy professor dataset; test use),BPN_0624
ताम्रं,आम्रादिफलवर्गः,,Guna: तीक्ष्ण | Virya: उष्ण,मयूरकण्ठाभ,,,,,Bhavaprakasha Nighantu (legacy professor dataset; test use),BPN_0628
लौहं,आम्रादिफलवर्गः,,"Rasa: त्तिक्त, लवण, | Virya: शीत | Vipaka: कटु","सर्वश्रेष्ठ, जटायुपक्षाभ",,,,,Bhavaprakasha Nighantu (legacy professor dataset; test use),BPN_0629
पारदस्य,आम्रादिफलवर्गः,"पारद, रसधातु,  रसेन्द्र,महारस, चपल, शिववीर्य, रस, सूत, शिवाह्वय",Rasa: षड्रसः | Guna: स्निग्ध,"त्रिदोषघ्न, रसायन, योगवाही, महावृष्य, सदा-दृष्टिबलप्रद, सर्वामयहर, विशेषात्सर्वकुष्ठनुत्",,,,,Bhavaprakasha Nighantu (legacy professor dataset; test use),BPN_0632
उपरसाः,आम्रादिफलवर्गः,,"Rasa: तिक्त, कषाय, कटु","हिङ्गुल, नेत्रामयघ्न, कफपित्तहारि, हृल्लास-कुष्ठ-ज्वर-कामला-प्लीहा-आम-वात-विषहर",,,,,Bhavaprakasha Nighantu (legacy professor dataset; test use),BPN_0635
अभ्रकम्,आम्रादिफलवर्गः,"वज्र, गगन","Rasa: कटु, कषाय | Guna: गुरु, स्निग्ध | Virya: उष्ण","स्वर्णवर्ण, सपत्र, अभ्रपत्रवत्, गुणाढ्य, रसायन, निष्पत्र, पिण्डसदृश, स्वल्पसत्त्व, गुरु, स्रीपुष्पहारक, स्वल्पगुण, तत्पिण्डतालक, हरिद्विष, कण्डू-कुष्ठा-आस्यरोगा-अस्र-कफ-पित्त-कचव्रणापह",,,,,Bhavaprakasha Nighantu (legacy professor dataset; test use),BPN_0640
हरितालम्,आम्रादिफलवर्गः,ताल आल तालक,"Rasa: कटु, कषाय | Guna: स्निग्ध, उष्ण",कण्डू-कुष्ठा-आस्यरोग-अस्र-कफ-पित्त-कचव्रणान्,,,,,Bhavaprakasha Nighantu (legacy professor dataset; test use),BPN_0643
मनःशिला,आम्रादिफलवर्गः,"मनःशिला, मनोगुप्ता, मनोह्वा, नागजिह्विका, नैपाली, कुनटी, गोला, शिला दिव्यौषधि","Rasa: कटु, तिक्ता, | Guna: स्निग्धा, गुरु | Virya: उष्णा","सर ,वर्ण्या, लेखनी, विष-श्वास-कास-भूत-कफा-अस्रनुत्",,,,,Bhavaprakasha Nighantu (legacy professor dataset; test use),BPN_0645
टङ्कणः,आम्रादिफलवर्गः,,Guna: रूक्ष,"अग्निकर, कफघ्न, वात-पित्तकृत्",,,,,Bhavaprakasha Nighantu (legacy professor dataset; test use),BPN_0648
स्फटिका,आम्रादिफलवर्गः,"स्फटी, स्फटिका, श्वेता, शुभ्रा, रङ्गदा, दृढ़रङ्गा, रङ्गाङ्गा",Rasa: कषाय | Virya: उष्णा,"वात-पित्त-कफ-व्रणापह, श्वित्र-वीसर्पहर, योनिसङ्कोचकारिणी",,,,,Bhavaprakasha Nighantu (legacy professor dataset; test use),BPN_0649
राजावार्तः,आम्रादिफलवर्गः,"राजावर्त्त, नृपावर्त्त, राजन्यावर्त्तक, आवर्त्तमणिसंज्ञक, आवर्त्त","Rasa: कटु, तिक्त | Guna: शीतल","शिशिर, पित्तनाशन, प्रमेह-घ्न-छर्दि-हिक्कानिवारण",,,,,Bhavaprakasha Nighantu (legacy professor dataset; test use),BPN_0650
चुम्बकः,आम्रादिफलवर्गः,"चुम्बक, कान्तपाषाण, अयस्कान्त लौहकर्षक",Virya: शीत,"चुम्बक, लेखन, मेदो-विषगरापह",,,,,Bhavaprakasha Nighantu (legacy professor dataset; test use),BPN_0651
वालुका,आम्रादिफलवर्गः,सिकता शर्करा रेतजा,Virya: शीता,"लेखनी, व्रणोरःक्षतनाशिनी",,,,,Bhavaprakasha Nighantu (legacy professor dataset; test use),BPN_0654
खर्परी,आम्रादिफलवर्गः,खर्परी तुत्थक तुत्थभेद रसक,,तुत्थकप्रोक्तास्ते गुणाः,,,,,Bhavaprakasha Nighantu (legacy professor dataset; test use),BPN_0655
काशीशम्,आम्रादिफलवर्गः,"धातुकाशीश पांशुकाशीश, पुष्पकाशीश","Rasa: तिक्त, तुवर, अम्ल | Virya: उष्ण","वात-श्लेष्महर, केश्य, नेत्र-कण्डू-विष-प्रणुत्, मूत्र-कृच्छ्रा-अश्मरी-श्वित्रनाशन",,,,,Bhavaprakasha Nighantu (legacy professor dataset; test use),BPN_0656
कृष्णमृत्तिका,आम्रादिफलवर्गः,"मृद्, मृदा, मृत्तिका, मृत्स्ना, क्षेत्रजा, कृष्णमृत्तिका कृष्णमृत्",,क्षत-दाहा-अस्र-प्रदर-श्लेष्म-पित्तनुत्,,,,,Bhavaprakasha Nighantu (legacy professor dataset; test use),BPN_0658
कर्दमः,आम्रादिफलवर्गः,"पङ्क, जलकल्क, चुलुक, कर्दम, मल, चिकिल, पलित, द्राप, पलल निषद्वर",Virya: शीतल,"दाह-पित्ता-अस्र-शोथघ्न, सर",,,,,Bhavaprakasha Nighantu (legacy professor dataset; test use),BPN_0659
कपर्दकम्,आम्रादिफलवर्गः,"कपर्दक, वराट, कपर्दी, वराटिका कपर्दिका",Virya: हिमा,"नेत्रहिता, स्फोटक्षयापहा, कर्णस्राव-अग्निमान्द्यघ्न, पित्ता-अस्र-कफ-नाशिनी",,,,,Bhavaprakasha Nighantu (legacy professor dataset; test use),BPN_0660
शङ्खः,आम्रादिफलवर्गः,"शंख, समुद्रज, कम्बु, सुनाद तथा पावनध्वनि ये सब",Guna: लघु | Virya: शीत,"नेत्र्य, पित्त-कफा-अस्रजित्",,,,,Bhavaprakasha Nighantu (legacy professor dataset; test use),BPN_0661
बोलम्,आम्रादिफलवर्गः,"बोल, गन्धरस, प्राण, पिण्ड तथा गोपरस","Rasa: मधुर, कटु, तिक्त | Virya: शीत","रक्तहर, मेध्य, दीपनपाचन, दाह-स्वेद-त्रिदोषजित्, ज्वरा-अपस्मार-कुष्ठघ्न, गर्भाशयविशुद्धिकृत्",,,,,Bhavaprakasha Nighantu (legacy professor dataset; test use),BPN_0662
मारितवज्र,आम्रादिफलवर्गः,,,"आयु-पुष्टि-बल-वीर्य-वर्ण-सौख्यकर, सेवित, सर्वरोगघ्न",,,,,Bhavaprakasha Nighantu (legacy professor dataset; test use),BPN_0671
मौक्तिकम्,आम्रादिफलवर्गः,"मौक्तिक, शौक्तिक, मुक्ता, मुक्ताफल",Virya: शीतल,"वृष्य, चक्षुष्य, बलपुष्टिद",,,,,Bhavaprakasha Nighantu (legacy professor dataset; test use),BPN_0677
दग्धमृञ्जातशालिः,धान्यवर्गः,,"Rasa: कषाय | Guna: लघु, रूक्ष","सृष्टमूत्रपुरीष, श्लेष्मापकर्षण",,,,,Bhavaprakasha Nighantu (legacy professor dataset; test use),BPN_0697
कैदारजशालिः,धान्यवर्गः,,Rasa: कषाय | Guna: गुरु,"वात-पित्तघ्न, कफ-शुक्रल, अल्पवर्चस्क , मेध्य, बलावह",,,,,Bhavaprakasha Nighantu (legacy professor dataset; test use),BPN_0698
स्थलजशालिः,धान्यवर्गः,,"Rasa: कषाय,तिक्त , स्वादु | Vipaka: कटु","पित्त-कफघ्न, वात-वह्निद, किञ्चित्तिक्त",,,,,Bhavaprakasha Nighantu (legacy professor dataset; test use),BPN_0699
वापितशालिः,धान्यवर्गः,,"Rasa: मधुर, कषाय | Guna: गुरु | Virya: शीत","वृष्य, बल्य, पित्तप्रणाशन, श्लेष्मल, अल्पवर्चस्क",,,,,Bhavaprakasha Nighantu (legacy professor dataset; test use),BPN_0700
अवापितशालिः,धान्यवर्गः,,,किञ्चिद्गुणहीन,,,,,Bhavaprakasha Nighantu (legacy professor dataset; test use),BPN_0701
नवपुराणरोपितशालिः,धान्यवर्गः,,,"भूयःशीघ्रपाक, गुणाधिक",,,,,Bhavaprakasha Nighantu (legacy professor dataset; test use),BPN_0702
नवा,धान्यवर्गः,,,"वृष्य, शीघ्रपाक, गुणाधिक",,,,,Bhavaprakasha Nighantu (legacy professor dataset; test use),BPN_0703
छिन्नरूढशालिः,धान्यवर्गः,,"Rasa: कषाय, अल्पतिक्त | Guna: लघु, रूक्ष | Virya: शीत","बल्य, पित्त-कफापह, बद्धविट्क,",,,,,Bhavaprakasha Nighantu (legacy professor dataset; test use),BPN_0705
रक्तशालिः,धान्यवर्गः,"रक्तशालि, कलम, पाण्डुक, शकुनाहृत, सुगन्धक, कर्दमक, महाशालि, दूषक, पुष्पाण्डक, पुण्डरीक, महिषमस्तक, दीर्घशूक, काञ्चनक, हायन, लोध्रपुष्पक",,"वर, बल्य, वर्ण्य, त्रिदोषजित्, चक्षुष्य, मूत्रल, स्वर्य, शुक्रल, तृड्-ज्वरापह, विष-व्रण-श्वास-कास-दाहनुत्, वह्नि-पुष्टिद, अल्पान्तरगुण",,,,,Bhavaprakasha Nighantu (legacy professor dataset; test use),BPN_0706
व्रीहिधान्यम्,धान्यवर्गः,,Rasa: मधुर | Virya: शीत,"अल्पाभिष्यन्दि, बद्धवर्चस, षष्टिकसम, कृष्णव्रीहिवर, अल्पगुण",,,,,Bhavaprakasha Nighantu (legacy professor dataset; test use),BPN_0707
षष्टिकाः,धान्यवर्गः,,Rasa: मधुर | Guna: लघु | Virya: शीत,"बद्धवर्चस, वात-पित्तप्रशमन, शालिसदृशगुण",,,,,Bhavaprakasha Nighantu (legacy professor dataset; test use),BPN_0708
षष्टिकाः,धान्यवर्गः,,"Rasa: स्वादु | Guna: लघु, स्निग्ध","प्रवर, त्रिदोषजित्, मृदु, ग्राहिणी, बलदा, ज्वरहारिणी,  रक्तशालिगुणतुल्य,  स्वल्पगुण",,,,,Bhavaprakasha Nighantu (legacy professor dataset; test use),BPN_0710
षष्टिकाः,धान्यवर्गः,,"Rasa: स्वाद्वी | Guna: लघ्वी, स्निग्धा, मृदु","मृद्वी, ग्राहिणी, बलदा, ज्वरहारिणी, रक्तशालितुल्या, स्वल्पगुणा, त्रिदोषजित्",,,,,Bhavaprakasha Nighantu (legacy professor dataset; test use),BPN_0711
मधूलीनन्दीमुखौ,धान्यवर्गः,,"Rasa: मधुर | Guna: स्निग्ध, लघु | Virya: शीतल","पित्तघ्नी, शुक्रल, बृंहणी, पथ्य, नन्दीमुख",,,,,Bhavaprakasha Nighantu (legacy professor dataset; test use),BPN_0716
मुद्गः,धान्यवर्गः,,"Rasa: स्वादु | Guna: रूक्ष, लघु | Virya: शीत","लघुग्रही, कफ-पित्तहर, अल्पानिल, नेत्र्य, ज्वरघ्न, वनज",,,,,Bhavaprakasha Nighantu (legacy professor dataset; test use),BPN_0719
माषः,धान्यवर्गः,,"Guna: गुरु, स्निग्ध | Vipaka: स्वादु","रुच्य, अनिलापह,  स्रंसन, तर्पण, बल्य, शुक्रल, बृंहण, भिन्नमूत्रमल, स्तन्य, मेद-पित्त-कफप्रद, गुदकीला-अर्दितश्वास-पक्तिशूलनाशन",,,,,Bhavaprakasha Nighantu (legacy professor dataset; test use),BPN_0720
राजमाषः,धान्यवर्गः,"राजमाष, महामाष, चपल, बल","Rasa: स्वादु, तुवर | Guna: गुरु, रुक्ष","तर्पण, सर, वातकर, रुच्य, स्तन्य, भूरिबलप्रद",,,,,Bhavaprakasha Nighantu (legacy professor dataset; test use),BPN_0721
निष्पावः,धान्यवर्गः,"निष्पाव, राजशिम्बि, वल्लक, श्वेतशिम्बिक","Rasa: मधुर, कषाय | Guna: रूक्ष, गुरु | Virya: उष्ण | Vipaka: अम्ल","सर, स्तन्य-पित्ता-अस्र-मूत्र-वात-विबन्धकृत्, विदाहि, विष-श्लेष्म-शोथ-हृच्छुक्रनाशन",,,,,Bhavaprakasha Nighantu (legacy professor dataset; test use),BPN_0722
वनमुद्गः,धान्यवर्गः,"मकुष्ठ, वनमुद्ग, मकुष्ठक, मुकुष्ठक","Guna: लघु, | Vipaka: मधुर","वातल, ग्राही, कफ-पित्तहर, वह्निजित्, कृमिकृत्, ज्वरनाशन",,,,,Bhavaprakasha Nighantu (legacy professor dataset; test use),BPN_0723
मसूरः,धान्यवर्गः,"मङ्गल्यक, मसूर, मङ्गल्या, मसूरिका","Guna: लघु, रूक्ष | Virya: शीतल | Vipaka: मधुर","संग्राही, कफ-पित्ता-अस्रजित्, वातल, ज्वरनाशन",,,,,Bhavaprakasha Nighantu (legacy professor dataset; test use),BPN_0724
आढकी,धान्यवर्गः,"आढकी, तुवरी, शणपुष्पिका","Rasa: तुवर, मधुर | Guna: लघु, रूक्ष | Virya: शीतल","ग्रहिणी, वातजननी, वर्ण्य, पित्त-कफा-अस्रजित्",,,,,Bhavaprakasha Nighantu (legacy professor dataset; test use),BPN_0725
चणकः,धान्यवर्गः,"चणक, हरिमन्थ, सकलप्रिय","Rasa: कषाय | Guna: रूक्ष, लघु | Virya: शीतल","पित्त-रक्त-कफापह, विष्टम्भी, वातल, ज्वरनाशन",,,,,Bhavaprakasha Nighantu (legacy professor dataset; test use),BPN_0726
आर्द्रभृष्टः,धान्यवर्गः,,,"बलकर, रोचन",,,,,Bhavaprakasha Nighantu (legacy professor dataset; test use),BPN_0727
स्विन्नः,धान्यवर्गः,,,पित्त-कफापह,,,,,Bhavaprakasha Nighantu (legacy professor dataset; test use),BPN_0728
शुष्कभृष्टः,धान्यवर्गः,,,"अतिरूक्ष, वात-कुष्ठ-प्रकोपण",,,,,Bhavaprakasha Nighantu (legacy professor dataset; test use),BPN_0729
सूपः,धान्यवर्गः,,,क्षोभकरः,,,,,Bhavaprakasha Nighantu (legacy professor dataset; test use),BPN_0730
आर्द्रः,धान्यवर्गः,,Rasa: कषाय | Guna: लघु | Virya: शीत,"अतिकोमल, रुच्य, पित्तशुक्रहर, वातल, ग्राही, कफ-पित्तहर",,,,,Bhavaprakasha Nighantu (legacy professor dataset; test use),BPN_0731
त्रिपुटः,धान्यवर्गः,,"Rasa: मधुर, तिक्त, तुवर | Guna: रूक्षण | Virya: शीतल","कफ-पित्तहर, रुच्य, ग्राहक, खञ्जत्व-पङ्गुत्वकारी, वातातिकोपन",,,,,Bhavaprakasha Nighantu (legacy professor dataset; test use),BPN_0733
कुलत्थः,धान्यवर्गः,"कुलत्थिका, कुलत्थ","Rasa: , कषाय | Guna: लघु | Virya: उष्ण | Vipaka: कटु","पित्त-रक्तकृत्, विदाही, श्वास-कास-कफा-अनिलापह, हिक्काऽ-अश्मरी-शुक्र-दाहास-पीनस-मेदो-ज्वर-क्रिमिहर, स्वेदसङ्ग्राहक, सर",,,,,Bhavaprakasha Nighantu (legacy professor dataset; test use),BPN_0734
तिलः,धान्यवर्गः,तिल,"Rasa: तिक्त, मधुर, तुवर, कटु, | Guna: गुरु, स्निग्ध | Virya: उष्ण | Vipaka: कटु","कफ-पित्तनुत्, बल्य, केश्य, शीतस्पर्श, त्वच्य, स्तन्य, व्रणहित, दन्त्य, अल्पमूत्रकृत्, ग्राही, वातघ्न, अग्निमतिप्रद शुक्रलो",,,,,Bhavaprakasha Nighantu (legacy professor dataset; test use),BPN_0735
अतसी,धान्यवर्गः,"अतसी, नीलपुष्पी, पार्वती, उमा, क्षुमा","Rasa: मधुर, तिक्त, | Guna: स्निग्ध, गुरु | Virya: उष्ण | Vipaka: कटु","दृक्छुक्रवातघ्नी, कफ-पित्त-विनाशिनी",,,,,Bhavaprakasha Nighantu (legacy professor dataset; test use),BPN_0739
तुवरी,धान्यवर्गः,,"Guna: लध्वी, तीक्ष्ण | Virya: उष्ण","ग्राहिणी, कफ-विषा-अस्रजित्, वह्निवा, कण्डू-कुष्ठ-कोष्ठ-क्रिमिप्रणुत्",,,,,Bhavaprakasha Nighantu (legacy professor dataset; test use),BPN_0740
क्षुद्रधान्यम्,धान्यवर्गः,"क्षुद्रधान्य, कुधान्य, तृणधान्य","Rasa: कषाय, मधुर, , | Guna: लघु, रूक्ष | Virya: उष्ण - अनुष्ण | Vipaka: कटु","लेखन, क्लेदशोषक, वातकृत्, बद्धविट्क, पित्त-रक्त-कफापह",,,,,Bhavaprakasha Nighantu (legacy professor dataset; test use),BPN_0743
कङ्गुः,धान्यवर्गः,"कङ्गु, प्रियङ्गु","Guna: गुरु, रूक्ष","भग्नसन्धानवातकृत्, बृंहणी, श्लेष्महर, वाजिगुणकृत्",,,,,Bhavaprakasha Nighantu (legacy professor dataset; test use),BPN_0744
चीनाकः,धान्यवर्गः,"चीनाक, काककङ्गु, सुश्लक्ष्ण, श्लक्ष्णक, कङ्गुभेद",,"कङ्गुभेदो, कङ्गुवद्गुण",,,,,Bhavaprakasha Nighantu (legacy professor dataset; test use),BPN_0745
श्यामाकः,धान्यवर्गः,"श्यामाक, श्यामक, श्याम, त्रिबीज, अविप्रिय, सुकुमार, राजधान्य, त्रुणबीजोत्तम",Guna: रूक्ष,"शोषण, वातल, कफ-पित्तहृत्",,,,,Bhavaprakasha Nighantu (legacy professor dataset; test use),BPN_0746
कोद्रवः,धान्यवर्गः,कोद्रवो,Virya: हिम,"वातल, ग्राही, पित्त-कफापह",,,,,Bhavaprakasha Nighantu (legacy professor dataset; test use),BPN_0748
चारुकः,धान्यवर्गः,"चारुक, शरबीज","Rasa: कषाय, मधुर | Guna: रूक्ष, लघु | Virya: शीतल","रक्त-पित्त-कफापह, वृष्य, वातकोपन",,,,,Bhavaprakasha Nighantu (legacy professor dataset; test use),BPN_0750
वंशयवाः,धान्यवर्गः,"वंशयव, वंशबीज","Rasa: कषाय, | Guna: रूक्ष | Vipaka: कटु","वंशभव, बद्धमूत्र, कफघ्न, वात-पित्तकर, सर",,,,,Bhavaprakasha Nighantu (legacy professor dataset; test use),BPN_0751
कुसुम्भबीजम्,धान्यवर्गः,"कुसुम्भबीज, वरटा, वरट्टिका","Rasa: मधुर, कषाय | Guna: स्निग्ध, गुरु | Virya: शीतल","रक्त-पित्त-कफापह, अवृष्य-अनिलापह",,,,,Bhavaprakasha Nighantu (legacy professor dataset; test use),BPN_0752
गवेधुका,धान्यवर्गः,"गवेधुका, गवेधु",Rasa: कटु,"स्वादु, कार्श्य-कृत्-कफनाशिनी",,,,,Bhavaprakasha Nighantu (legacy professor dataset; test use),BPN_0753
नीवरः,धान्यवर्गः,"प्रसाधिका, नीवार, तृणान्न",Virya: शीतल,"ग्राही, पित्तघ्न, कफ-वातकृत्",,,,,Bhavaprakasha Nighantu (legacy professor dataset; test use),BPN_0754
यावनालः,धान्यवर्गः,,"Rasa: स्वादु, तुवर | Guna: लघु, रूक्ष | Virya: शीत","लोहित, श्लेष्म-पित्तजित्, अवृष्य, क्लेदकृत्",,,,,Bhavaprakasha Nighantu (legacy professor dataset; test use),BPN_0755
नवं,धान्यवर्गः,,Rasa: स्वादु | Guna: गुरु,श्लेष्मकर,,,,,Bhavaprakasha Nighantu (legacy professor dataset; test use),BPN_0756
पुराणा,धान्यवर्गः,,,"विरसा, रूक्षा, न तथा गुणकारिणाः",,,,,Bhavaprakasha Nighantu (legacy professor dataset; test use),BPN_0760
पोतकी,धान्यवर्गः,"पोतकी, उपोदिका, मालवा, अमृतवल्लरी",Guna: स्निग्धा | Virya: शीतला,"श्लेष्मला, वातपित्तनुत्, अकण्ठ्या, पिच्छिला, निद्राशुक्रदा, रक्तपित्तजित्, बलदा, रुचिकृत्, पथ्या, बृंहणी, तृप्तिकारिणी",,,,,Bhavaprakasha Nighantu (legacy professor dataset; test use),BPN_0763
श्वेतम्,धान्यवर्गः,,Rasa: मधुर | Guna: गुरु | Virya: शीत,"विष्टम्भी, पित्तनुत्, वात-श्लेष्मकर, रक्त-पित्तनुत्, विषमाग्निजित्",,,,,Bhavaprakasha Nighantu (legacy professor dataset; test use),BPN_0765
रक्तम्,धान्यवर्गः,,"Rasa: क्षार, मधुर, | Guna: गुरु | Vipaka: कटु","सर, श्लेष्मल, स्वल्पदोष",,,,,Bhavaprakasha Nighantu (legacy professor dataset; test use),BPN_0766
तण्डुलीयः,धान्यवर्गः,"तण्डुलीय, मेघनाद, काण्डेर, तण्डुलेरक, भण्डीर, तण्डुलीबीज, विषघ्न, अल्पमारिष","Guna: रूक्ष, लघु | Virya: शीत","पित्त-कफा-अस्रजित्, सृष्टमूत्रमल, रुच्य, दीपन, विषहारक",,,,,Bhavaprakasha Nighantu (legacy professor dataset; test use),BPN_0767
पानीयतण्डुलीयम्,धान्यवर्गः,"पानीयतण्डुलीय, जलतण्डुलीय, कञ्चट",Rasa: तिक्त | Guna: लघु,रक्त-पित्त-अनिलहर,,,,,Bhavaprakasha Nighantu (legacy professor dataset; test use),BPN_0768
पलक्या,धान्यवर्गः,"पलक्या, वास्तुकाकारा, छुरिका, चीरितच्छदा",Guna: गुरु | Virya: शीता,"वातला, श्मेष्मला, भेदिनी, विष्टम्भिनी, मद-श्वास-पित्त-रक्त-कफा-पहा",,,,,Bhavaprakasha Nighantu (legacy professor dataset; test use),BPN_0769
कालशाकम्,धान्यवर्गः,"नाडिक, कालशाक, श्राद्धशाक, कालक",Virya: शीत,"सर, रुच्य, वातकृत्, कफशोथहृत्, बल्य, रुचिकर, मेध्य, रक्तपित्तहर",,,,,Bhavaprakasha Nighantu (legacy professor dataset; test use),BPN_0770
पट्टशाकः,धान्यवर्गः,"पट्टशाक, नाडीक, नाडीशाक",,"रक्तपित्तघ्न, विष्टम्भ, वातकोपन",,,,,Bhavaprakasha Nighantu (legacy professor dataset; test use),BPN_0771
कलम्बी,धान्यवर्गः,"कलम्बी, शतपर्वी",Rasa: मधुरा,"स्तन्यदा, शुक्रकारिणी",,,,,Bhavaprakasha Nighantu (legacy professor dataset; test use),BPN_0772
लोणी,धान्यवर्गः,"लोणा, लोणी,","Rasa: अम्ला | Guna: रूक्षा, गुर्वी","वात-श्लेष्म-हरी, पटु, अर्शोघ्नी, दीपनी, मन्दाग्निविषनाशिनी",,,,,Bhavaprakasha Nighantu (legacy professor dataset; test use),BPN_0774
घोटिका,धान्यवर्गः,"बृहल्लोणी, घोटिका",Rasa: अम्ला | Virya: उष्णा,"सरा, वातकृत् कफ-पित्तहृत्, वाग्दोष-व्रण-गुल्मघ्नी, श्वास-कास-प्रमेहनुत्, शोथ-लोचनरोगहिता",,,,,Bhavaprakasha Nighantu (legacy professor dataset; test use),BPN_0775
चाङ्गेरी,धान्यवर्गः,"चाङ्गेरी, चुक्रिका, दन्तशठा, अम्बष्ठा, अम्ललोणिका, अश्मन्तक, शफरी, कुशली, अम्लपत्रक",Rasa: अम्ला | Guna: रूक्ष | Virya: उष्णा,"दीपनी, रुच्या, कफवातनुत्, पित्तला, ग्रहणी, अर्शः-कुष्ठा-अतीसारनाशिनी",,,,,Bhavaprakasha Nighantu (legacy professor dataset; test use),BPN_0776
चुक्रिका,धान्यवर्गः,"चुक्रिका, पत्राम्ला, रोचनी, शतवेधिनी",Rasa: अम्ला,"रोचनी, शतवेधिनी, अम्लतरा, स्वाद्वी, वातघ्नी, कफ-पित्तकृत्, रुच्या, लघुतरा, वृन्ताकातिरोचनी",,,,,Bhavaprakasha Nighantu (legacy professor dataset; test use),BPN_0777
चञ्चुकी,धान्यवर्गः,"चिञ्चा, चञ्चु, चञ्चुकी दीर्घपत्रा, सतिक्तका",Guna: पिच्छिलका | Virya: शीता,"सरा, रुच्या, स्वाद्वी, दोषत्रयापहा, धातुपुष्टिकरी, बल्या, मेध्या, पिच्छिलका",,,,,Bhavaprakasha Nighantu (legacy professor dataset; test use),BPN_0778
हिलमोचिका,धान्यवर्गः,"ब्राह्मी, शङ्खधरा, आचारी, मत्स्याक्षी, हिलमोचिका",,शोथ-कुष्ठ-कफ-पित्तहर,,,,,Bhavaprakasha Nighantu (legacy professor dataset; test use),BPN_0779
शितिवारः,धान्यवर्गः,"शितिवार, शितिवर, स्वस्तिक, सुनिषण्णक, श्रीवारक, सूचिपत्र, पर्णक, कुक्कुट, शिखी","Rasa: स्वादु, कषाय | Guna: लघु, रूक्ष | Virya: शीत","ग्राही, मेदो-दोषत्रयापह, अविदाही, दीपन, वृष्य, रुच्यो, ज्वर-श्वास-मेह-कुष्ठ-भ्रमप्रणुत्",,,,,Bhavaprakasha Nighantu (legacy professor dataset; test use),BPN_0780
मूलकपत्रम्,धान्यवर्गः,,"Guna: लघु, उष्ण","पाचन, रुच्योष्ण, मूलकज, स्नेहसिद्ध-त्रिदोषघ्न, असिद्ध-कफ-पित्तकृत्",,,,,Bhavaprakasha Nighantu (legacy professor dataset; test use),BPN_0781
यवानीशाकम्,धान्यवर्गः,,"Rasa: कटु, तिक्त, | Guna: लघु | Virya: उष्ण","आग्नेय, रुच्य, वात-कफ-प्रणुत्, पित्तल, शूलहृत्",,,,,Bhavaprakasha Nighantu (legacy professor dataset; test use),BPN_0783
दद्रुघ्नपत्रम्,धान्यवर्गः,,Rasa: अम्ल | Guna: लघु,"दोषघ्न, वात-कफापह, कण्डू-कास-क्रिमि-श्वास-दद्रु-कुष्ठप्रणुत्",,,,,Bhavaprakasha Nighantu (legacy professor dataset; test use),BPN_0784
सेहुण्डः,धान्यवर्गः,,Guna: तीक्ष्ण,"दीपन, रेचन, आध्मान-अष्ठीलिका-गुल्म-शूल-शोथोदराहर",,,,,Bhavaprakasha Nighantu (legacy professor dataset; test use),BPN_0785
पर्पटः,धान्यवर्गः,,Rasa: तिक्त | Guna: लघु | Virya: शीतल,"पित्ता-अस्र-ज्वर-तृष्णा-कफ-भ्रमहर, संग्राही, दाहनुत्, वातल",,,,,Bhavaprakasha Nighantu (legacy professor dataset; test use),BPN_0786
गोजिह्वा,धान्यवर्गः,,Guna: लघु,कुष्ठ-मेहा-अस्र-कृच्छ्र-ज्वरहरी,,,,,Bhavaprakasha Nighantu (legacy professor dataset; test use),BPN_0787
पटोलपत्रम्,धान्यवर्गः,,"Guna: लघु, स्निग्ध | Virya: उष्ण","पित्तघ्न, दीपन, पाचन, वृष्य, ज्वर-कास-क्रिमि-प्रणुत्",,,,,Bhavaprakasha Nighantu (legacy professor dataset; test use),BPN_0788
गुडुचीपत्रम्,धान्यवर्गः,,"Rasa: कषाय, कटु, तिक्त, | Guna: लघु | Virya: उष्ण | Vipaka: स्वादु","आग्नेय, सर्वज्वरहर, रसायन, बल्य, संग्राहि, दोषत्रयहर, तृषा-दाह-प्रमेह-वाता-असृक्-कामला-कुष्ठ-पाण्डुतापह",,,,,Bhavaprakasha Nighantu (legacy professor dataset; test use),BPN_0789
कासमर्दः,धान्यवर्गः,"कासमर्द, अरिमर्द, कासारि, कर्कश",Rasa: मधुर | Guna: लघु,"रुच्य, वृष्य, कास-विषा-अस्रनुत्, कफ-वातघ्न, पाचन, कण्ठशोधन, विशेषकासहर, पित्तघ्न, ग्राहक",,,,,Bhavaprakasha Nighantu (legacy professor dataset; test use),BPN_0790
चणकशाकम्,धान्यवर्गः,,Rasa: अम्ल,"रुच्य, दुर्जर, कफ-वातकृत्, विष्टम्भजनक, पित्तनुत्, दृन्तशोथहृत्",,,,,Bhavaprakasha Nighantu (legacy professor dataset; test use),BPN_0791
कलायशाकम्,धान्यवर्गः,,Rasa: तिक्त | Guna: लघु,"भेदि, त्रिदोषजित्",,,,,Bhavaprakasha Nighantu (legacy professor dataset; test use),BPN_0792
कदलीपुष्पम्,धान्यवर्गः,,"Rasa: मधुर, तुवर | Guna: स्निग्ध, गुरु | Virya: शीत","वात-पित्तहर, रक्त-पित्त-क्षयप्रणुत्",,,,,Bhavaprakasha Nighantu (legacy professor dataset; test use),BPN_0795
शाल्मलीपुष्पम्,धान्यवर्गः,,"Rasa: मधुर, कषाय, | Guna: गुरु | Virya: शीतल | Vipaka: मधुर","कफपित्त अस्रजित्, ग्राहि, वातल",,,,,Bhavaprakasha Nighantu (legacy professor dataset; test use),BPN_0797
बाल,धान्यवर्गः,,Virya: शीत,"बाल, पित्तापह",,,,,Bhavaprakasha Nighantu (legacy professor dataset; test use),BPN_0799
मध्यम,धान्यवर्गः,,,"मध्यम, कफकारक,",,,,,Bhavaprakasha Nighantu (legacy professor dataset; test use),BPN_0800
कूष्माण्डी,धान्यवर्गः,"कुष्माण्डी, कर्कारु",Guna: गुरु | Virya: शीता,"ग्राहिणी, रक्त-पित्तहरा",,,,,Bhavaprakasha Nighantu (legacy professor dataset; test use),BPN_0802
कटुतुम्बी,धान्यवर्गः,"इक्ष्वाकु, कटुतुम्बी, तुम्बी, महाफला","Rasa: तिक्ता, , | Virya: शीता | Vipaka: कटु","हृद्या, पित्त-कास-विषापहा, वात-पित्त-ज्वरान्तकृत्",,,,,Bhavaprakasha Nighantu (legacy professor dataset; test use),BPN_0805
कर्कटी,धान्यवर्गः,"एर्वारु, कर्कटी","Rasa: मधुरा | Guna: रूक्षा, गुरु | Virya: शीतला","रुच्या, पित्तहरा, सामा, तृष्णाऽ-अग्नि-पित्तकृत्, ग्राहिणी",,,,,Bhavaprakasha Nighantu (legacy professor dataset; test use),BPN_0806
चिचिण्डः,धान्यवर्गः,,,"वात-पित्तघ्न, बल्य, पथ्य, रुचिप्रद, शोषण, अतिहित, गुणन्यून",,,,,Bhavaprakasha Nighantu (legacy professor dataset; test use),BPN_0807
महाकोशातकी,धान्यवर्गः,"महाकोशातकी, हस्तिघोषा, महाफला, धामार्गव, घोषक, हस्तिपर्ण",Guna: स्निग्धा,रक्त-पित्ता-अनिलापहा,,,,,Bhavaprakasha Nighantu (legacy professor dataset; test use),BPN_0809
राजकोशातकी,धान्यवर्गः,"धामार्गव, पीतपुष्प, जालिनी, कृतवेधा, राजकोशातकी, राजिमस्फला",Rasa: मधुरा | Virya: शीता,"कफ-वात-कृत्, पितघ्नी, दीपनी, श्वास-ज्वर-कास-कृमि-प्रणुत्",,,,,Bhavaprakasha Nighantu (legacy professor dataset; test use),BPN_0810
पटोलः,धान्यवर्गः,"पटोल, कुलक, तिक्त, पाण्डुक, कर्कशच्छद, राजीफल, पाण्डुफल, राजेय, अमृतफल, बीजगर्भ, प्रतीक, कुष्ठहा, कासभञ्जन","Guna: लघु, स्निग्ध | Virya: उष्ण","पाचन, हृद्य, वृष्य, अग्निदीपन, कासा-अस्र-ज्वर-दोषत्रय-क्रिमीहर",,,,,Bhavaprakasha Nighantu (legacy professor dataset; test use),BPN_0811
कोलशिम्बिः,धान्यवर्गः,"कोलशिम्बि, कृष्णफला, पर्यङ्कपट्टिका",Guna: गुरु | Virya: उष्ण,"समीरघ्नी, कफ-पित्तकृत्, शुक्रा-अग्नि-सादकृत्, वृष्या, रुचिकृत्, बद्धविड्",,,,,Bhavaprakasha Nighantu (legacy professor dataset; test use),BPN_0815
शोभाञ्जनफलम्,धान्यवर्गः,,"Rasa: स्वादु, कषाय","कफपित्तनुत्, शूल-कुष्ठ-क्षय-श्वास-गुल्महृत्, दीपन",,,,,Bhavaprakasha Nighantu (legacy professor dataset; test use),BPN_0816
वृन्ताकम्,धान्यवर्गः,"वृन्ताक, वार्त्ताकु, भण्टाकी, भाण्टिका","Rasa: स्वादु | Guna: लघु, तीक्ष्ण, उष्ण | Vipaka: कटु","अपित्तल, ज्वर-वात-बलासघ्न, दीपन, शुक्रल",,,,,Bhavaprakasha Nighantu (legacy professor dataset; test use),BPN_0817
डिण्डिशः,धान्यवर्गः,"डिण्डिश, रोमशफल, मुनिनिर्मित",Guna: रूक्ष | Virya: शीत,"रुचिकृत्, भेदी, पित्त-श्लेष्मा-पह, वातल, मूत्रल, अश्मरीहर",,,,,Bhavaprakasha Nighantu (legacy professor dataset; test use),BPN_0821
पिण्डारम्,धान्यवर्गः,,Guna: लघु | Virya: शीतल,"बल्य, पित्तघ्न, रुचिकारक, विशेषविषशान्तिकर",,,,,Bhavaprakasha Nighantu (legacy professor dataset; test use),BPN_0822
कर्कोटी,धान्यवर्गः,"कर्कोटकी, पीतपुष्पा, महाजाली",Vipaka: कटु,"मलहृत्, कुष्ठ-हृल्लासा-अरुचि-नाशिनी, श्वास-कास-ज्वरहर, दीपनी",,,,,Bhavaprakasha Nighantu (legacy professor dataset; test use),BPN_0823
डोडिका,धान्यवर्गः,"डोडिका, विषमुष्टि, डोडी, सुमुष्टिका","Guna: लघु,","पुष्टिदा, वृष्या, रुच्या, वह्निप्रदा, पित्त-कफा-आर्श-कृमि-गुल्म-विषा-आमया-पह",,,,,Bhavaprakasha Nighantu (legacy professor dataset; test use),BPN_0824
कण्टकारीफलम्,धान्यवर्गः,,"Rasa: तिक्त, कटु, | Guna: लघु, रूक्ष | Virya: उष्ण","दीपन, श्वासकासघ्न, ज्वरा-अनिल-कफापह",,,,,Bhavaprakasha Nighantu (legacy professor dataset; test use),BPN_0825
आलुकम्,धान्यवर्गः,"आरूक, वीरसेन, वीर, वीरारुक, आरुक, आलुक, वीरसेनक","Rasa: मधुर | Guna: रूक्ष, गुरु | Virya: शीतल","सर्वविष्टम्भि, सृष्टमूत्र-मल, दुर्जर, रक्त-पित्तनुत्, कफा-अनिलकर, बल्य, वृष्य, स्वल्पाग्निवर्द्धन",,,,,Bhavaprakasha Nighantu (legacy professor dataset; test use),BPN_0828
आलुकी,धान्यवर्गः,आलुकी,"Guna: स्निग्धा, गुरु","बलकृत्, हृत्कफनाशिनी, विष्टम्भकारिणी,  तैलतलिताऽतिरुचिप्रदा",,,,,Bhavaprakasha Nighantu (legacy professor dataset; test use),BPN_0829
लघुमूलं,धान्यवर्गः,"लघुमूलक, शालामर्कटक, विस्र, शालेय, मरुसंभव, चाणक्यमूलक, तीक्ष्ण, मूलकपोतिका",Rasa: कटु | Guna: लघु | Virya: उष्ण,"रुच्य, पाचन, दोषत्रयहर, स्वर्य, ज्वर-श्वास-विनाशन, नासिका-कण्ठरोगघ्न, नयनामयनाशन",,,,,Bhavaprakasha Nighantu (legacy professor dataset; test use),BPN_0831
महत्,धान्यवर्गः,,"Guna: रूक्ष, गुरु | Virya: उष्ण","दोषत्रयप्रद, स्नेहसिद्ध, दोषत्रयविनाशन",,,,,Bhavaprakasha Nighantu (legacy professor dataset; test use),BPN_0832
गृज्जनकम्,धान्यवर्गः,"गृज्जन, गाजर, नारङ्गवर्णक","Rasa: मधुर, तिक्त | Guna: लघु, तीक्ष्ण | Virya: उष्ण","दीपन, संग्राहि, रक्त-पित्ता-आर्शो-ग्रहणी-कफ-वात-जित्",,,,,Bhavaprakasha Nighantu (legacy professor dataset; test use),BPN_0833
कदलीकन्दः,धान्यवर्गः,,Rasa: मधुर | Virya: शीतल,"बल्य, केश्य, अम्लपित्तजित्, वह्निकृत्, दाहहारी, रुचिकारक",,,,,Bhavaprakasha Nighantu (legacy professor dataset; test use),BPN_0834
मानकन्दः,धान्यवर्गः,महापत्र,Guna: लघु | Virya: शीत,"शोथहृत्, रक्त-पित्तहर",,,,,Bhavaprakasha Nighantu (legacy professor dataset; test use),BPN_0835
वाराहीकन्दः,धान्यवर्गः,,"Rasa: कटु, तिक्ता,","पित्तला, बल्या, रसायनी, आयुः-शुक्रा-अग्नि-कृत् -मेह-कफ-कुष्ठा-अनिलापहा",,,,,Bhavaprakasha Nighantu (legacy professor dataset; test use),BPN_0836
हस्तिकर्णा,धान्यवर्गः,"गजकर्णा, हस्तिकर्णा","Rasa: , तिक्त, | Virya: उष्णा","वात-कफाञ्जय, ,",,,,,Bhavaprakasha Nighantu (legacy professor dataset; test use),BPN_0837
कन्द,धान्यवर्गः,,Virya: शीत | Vipaka: स्वादु,"ग्रहणी -अर्शविकारघ्नी, ज्वरहरी,पाण्डु-शोथ-कृमि-प्लीह-गुल्मा-आनाहोदरापह",,,,,Bhavaprakasha Nighantu (legacy professor dataset; test use),BPN_0838
केमुकम्,धान्यवर्गः,,"Rasa: कटु, तिक्त | Guna: लघु | Virya: शीत | Vipaka: कटु","ग्राहि, दीपन, पाचन, हृद्य, कफ-पित्त-ज्वरापह, कुष्ठ-कास-प्रमेहा-अस्रनाशन, वातल",,,,,Bhavaprakasha Nighantu (legacy professor dataset; test use),BPN_0839
मृणाल,धान्यवर्गः,"मृणालमूल, भिस्साण्ड, जलालूक",Guna: रूक्ष,"संग्राहि, भिस्साण्डगुण, शलूकसमगुण",,,,,Bhavaprakasha Nighantu (legacy professor dataset; test use),BPN_0842
जाङ्गलाः,मांसवर्गः,,Guna: लघु,"पित्त-श्लेष्महरा, किञ्चिद्-वातकरा, बलवर्द्धना",,,,,Bhavaprakasha Nighantu (legacy professor dataset; test use),BPN_0848
बिलेशयः,मांसवर्गः,,Rasa: मधुरा | Guna: उष्णा | Virya: उष्णा | Vipaka: मधुरा,"वातहरा, बृंहणा, बद्धविण्मूत्रा",,,,,Bhavaprakasha Nighantu (legacy professor dataset; test use),BPN_0849
गुहाशयाः,मांसवर्गः,,"Rasa: मधुरा, | Guna: गुरु, स्निग्धा | Virya: उष्णा","वातहरा, बल्या, नेत्र-गुद-विकारि-हिता",,,,,Bhavaprakasha Nighantu (legacy professor dataset; test use),BPN_0850
पर्णमृगाः,मांसवर्गः,,,"वृष्या, चतुष्या, शोषिणहिता, श्वासा-आर्शः-कास-शमना, सृष्टमूत्रपुरीषका",,,,,Bhavaprakasha Nighantu (legacy professor dataset; test use),BPN_0851
विष्किराः,मांसवर्गः,,"Rasa: मधुरा, कषाया | Guna: लघु | Virya: शीता | Vipaka: कटु","कटुपाकिन, बल्या, वृष्या, त्रिदोषघ्ना, पथ्या",,,,,Bhavaprakasha Nighantu (legacy professor dataset; test use),BPN_0852
प्रतुदाः,मांसवर्गः,,"Rasa: मधुरा, तुवरा | Guna: लघु | Virya: शीता","पित्त-कफघ्ना, बद्धवर्चस्का, किञ्चिद्-वातकरा",,,,,Bhavaprakasha Nighantu (legacy professor dataset; test use),BPN_0853
प्रसहाः,मांसवर्गः,,Virya: उष्णा,शोष-भस्मक-उन्माद-शुक्र-क्षीणकर,,,,,Bhavaprakasha Nighantu (legacy professor dataset; test use),BPN_0854
ग्राम्याः,मांसवर्गः,,Rasa: मधुरा | Vipaka: मधुरा,"वातहरा, दीपना, कफ-पित्तला, बृंहणा, बलवर्द्धना",,,,,Bhavaprakasha Nighantu (legacy professor dataset; test use),BPN_0855
अनूपाः,मांसवर्गः,,Rasa: मधुरा | Guna: स्निग्धा | Virya: शीतला,"मरु-त्पित्त-हरा, वृष्या, बलावहा, मूत्रला, श्लेष्मवर्धना",,,,,Bhavaprakasha Nighantu (legacy professor dataset; test use),BPN_0856
प्लवाः,मांसवर्गः,,"Rasa: मधुरा | Guna: स्निग्धा, गुरव | Virya: हिमा","वात-श्लेष्म-प्रदा, बल-शुक्र-करा, सर, पित्तहरा",,,,,Bhavaprakasha Nighantu (legacy professor dataset; test use),BPN_0857
कोशस्थाः,मांसवर्गः,,Rasa: मधुरा | Guna: स्निग्धा | Virya: हिमा,"वात-पित्तहरा, बृंहणा, बहुवर्चस्का, वृष्या, बलवर्द्धन",,,,,Bhavaprakasha Nighantu (legacy professor dataset; test use),BPN_0858
पादिनः,मांसवर्गः,,,कोशस्थगुणसमाः,,,,,Bhavaprakasha Nighantu (legacy professor dataset; test use),BPN_0859
मत्स्याः,मांसवर्गः,"मीन, विसार, झष, वैसारिण, अण्डज, शकुली, पृथुरोमा, सुदर्शन","Rasa: मधुरा | Guna: स्निग्ध, गुरव | Virya: उष्ण","कफ-पित्तला, वातघ्ना, बृंहणा, वृष्या, रोचका, बलवर्द्धना, मद्यव्यवायासक्तदीप्ताग्निपूजिता",,,,,Bhavaprakasha Nighantu (legacy professor dataset; test use),BPN_0860
एणहरिणः,मांसवर्गः,,"Rasa: कषाय, मधुर","पित्ता-असृक्-कफ-वातहृत्, संग्राही, रोचन, बल्य, ज्वरप्रशमन",,,,,Bhavaprakasha Nighantu (legacy professor dataset; test use),BPN_0862
कुरङ्गः,मांसवर्गः,,"Guna: गुरु, मधुर | Virya: शीतल","बृंहण, बल्य, पित्तहृत्, वातहृत्, ग्राही, किञ्चित्कफकर",,,,,Bhavaprakasha Nighantu (legacy professor dataset; test use),BPN_0863
ऋष्यः,मांसवर्गः,"नीलाण्डक, गवय, रोझ",Rasa: मधुर | Guna: स्निग्ध | Virya: उष्ण,"कफ-पित्तल, बल्य",,,,,Bhavaprakasha Nighantu (legacy professor dataset; test use),BPN_0864
पृषतः,मांसवर्गः,,Rasa: स्वादु | Guna: लघु | Virya: शीतल,"ग्राहक, दीपन, रोचन, श्वास-ज्वर-दोषत्रया-अस्रजित्",,,,,Bhavaprakasha Nighantu (legacy professor dataset; test use),BPN_0865
न्यङ्कुः,मांसवर्गः,,Rasa: स्वादु | Guna: लघु,"बल्य, वृष्य, दोषत्रयापह",,,,,Bhavaprakasha Nighantu (legacy professor dataset; test use),BPN_0866
साबरम्,मांसवर्गः,,"Rasa: मधुर | Guna: स्निग्ध, गुरु | Virya: शीतल | Vipaka: मधुर","कफद, रक्त-पित्तहृत्",,,,,Bhavaprakasha Nighantu (legacy professor dataset; test use),BPN_0867
राजीवः,मांसवर्गः,,,पृषतसमगुणाः,,,,,Bhavaprakasha Nighantu (legacy professor dataset; test use),BPN_0868
मुण्डी,मांसवर्गः,,Virya: हिम,ज्वर-कासा-अस्र-क्षय-श्वासापह,,,,,Bhavaprakasha Nighantu (legacy professor dataset; test use),BPN_0869
सेधा,मांसवर्गः,शल्यक श्वावित्,,श्वास-कासा-अस्र-शोष-दोषत्रयापह,,,,,Bhavaprakasha Nighantu (legacy professor dataset; test use),BPN_0871
पक्षिणः,मांसवर्गः,"पक्षी, खग, विहङ्ग, विहग, विहङ्गम, शकुनि, वि, पतत्री, विष्किर, विकिर तथा अण्डज",Guna: स्निग्ध,"बलकृत्, गुरुतर",,,,,Bhavaprakasha Nighantu (legacy professor dataset; test use),BPN_0872
वर्त्तकः,मांसवर्गः,,"Virya: शीत,","अग्निकर, ज्वर-दोषत्रयापह, सुरुच्य, शुक्रद, बल्य, वर्त्तकाल्पगुणा",,,,,Bhavaprakasha Nighantu (legacy professor dataset; test use),BPN_0873
लवा,मांसवर्गः,,Guna: स्निग्धा,"वह्निकरा, गरघ्ना, ग्राहका, हिता",,,,,Bhavaprakasha Nighantu (legacy professor dataset; test use),BPN_0875
पांशुल,मांसवर्गः,,Virya: उष्ण,"श्लेष्मल, वीर्य, अनिलनाशन",,,,,Bhavaprakasha Nighantu (legacy professor dataset; test use),BPN_0876
गौरक,मांसवर्गः,,"Guna: लघुतर, रूक्ष","वह्निकारी, त्रिदोषजित्",,,,,Bhavaprakasha Nighantu (legacy professor dataset; test use),BPN_0877
पौण्ड्रक,मांसवर्गः,,,"पित्तकृत्, किञ्चिल्लघुर्वातकफापह",,,,,Bhavaprakasha Nighantu (legacy professor dataset; test use),BPN_0878
दर्भर,मांसवर्गः,,Virya: हिम,"रक्त-पित्तघ्न, हृदामयहर",,,,,Bhavaprakasha Nighantu (legacy professor dataset; test use),BPN_0879
वार्त्तीकः,मांसवर्गः,वार्त्तीचटक,Rasa: मधुर | Guna: रूक्ष | Virya: शीत,कफ-पित्तनुत्,,,,,Bhavaprakasha Nighantu (legacy professor dataset; test use),BPN_0880
चटकः,मांसवर्गः,"कलविङ्क, कुलिङ्ग, कालकण्ठक",Rasa: स्वादु | Guna: स्निग्ध | Virya: शीतल,"शुक्र-कफ-प्रद, सन्निपातहर, वेश्मचटकश्चातिशुक्रल",,,,,Bhavaprakasha Nighantu (legacy professor dataset; test use),BPN_0883
कुक्कुटः,मांसवर्गः,"कुक्कुट, कृकवाकु, कालज्ञ, चरणायुध, ताम्रचूड, दक्ष, यामनादी ,शिखण्डिक","Guna: गुरु, स्निग्ध | Virya: उष्ण","बृंहण, अनिलहृत्, चक्षुष्य, शुक्र-कफकृत्, बल्य, वृष्य, कषायक",,,,,Bhavaprakasha Nighantu (legacy professor dataset; test use),BPN_0884
अरण्यकुक्कुटः,मांसवर्गः,वनकुक्कुट,"Guna: गुरु, स्निग्ध","बृंहण, श्लेष्मल, वात-पित्त-क्षय-वमि-विषमज्वर-नाशन",,,,,Bhavaprakasha Nighantu (legacy professor dataset; test use),BPN_0885
पाण्डुर्धवलपाण्डुः,मांसवर्गः,,Rasa: मधुर,"कफहर, वातघ्न ग्रहणीप्रनुत्",,,,,Bhavaprakasha Nighantu (legacy professor dataset; test use),BPN_0887
र्धवलपाण्डुः,मांसवर्गः,,Rasa: मधुर | Virya: हिम | Vipaka: मधुर,"रक्त-पित्तहर, संग्राही, वात-शान्तिकृत्",,,,,Bhavaprakasha Nighantu (legacy professor dataset; test use),BPN_0888
मयूरः,मांसवर्गः,"मयूर, चन्द्रकी, केकी, मेघराव, भुजङ्गभुक्, शिखी, शिखाबल, बहीं, शिखण्डी, नीलकण्ठक, शुक्लापाङ्ग, कलापी ,मेघनादानुलासी",Rasa: मधुर | Vipaka: मधुर,"संग्राही, वात-शान्तिकृत्",,,,,Bhavaprakasha Nighantu (legacy professor dataset; test use),BPN_0889
पारावतः,मांसवर्गः,"पारावत, कलरव, कपोत, रक्तलोचन","Guna: गुरु, स्निग्ध | Virya: शीतल","रक्त-पित्ता-अनिलापह, संग्राही, वीर्यवर्द्धन",,,,,Bhavaprakasha Nighantu (legacy professor dataset; test use),BPN_0890
पक्ष्यण्डानि,मांसवर्गः,,"Rasa: स्वादु | Guna: नातिस्निग्ध, गुरूणि | Vipaka: स्वादु","वृष्य, वातघ्न, अतिशुक्र",,,,,Bhavaprakasha Nighantu (legacy professor dataset; test use),BPN_0891
अप्रसूताजाया,मांसवर्गः,,,"पीनसनाशनम्, शुष्ककासा-अरुचि-शोषहितं अग्निदीपनं",,,,,Bhavaprakasha Nighantu (legacy professor dataset; test use),BPN_0893
बलकाजासुतः,मांसवर्गः,,Guna: लघु,"लघुतर, हृद्य, ज्वरहर, श्रेष्ठ, सुखद, बलद",,,,,Bhavaprakasha Nighantu (legacy professor dataset; test use),BPN_0894
निष्कासिताण्ड,मांसवर्गः,,Guna: गुरु,"कफकृत्, स्रोत, शुद्धिकर, बल्य, मांसद, वात-पित्तनुत्,",,,,,Bhavaprakasha Nighantu (legacy professor dataset; test use),BPN_0896
व्याधिमृतानां,मांसवर्गः,,"Guna: , रूक्ष",वातल,,,,,Bhavaprakasha Nighantu (legacy professor dataset; test use),BPN_0898
छागमुण्ड,मांसवर्गः,,,"ऊर्ध्वजत्रुविकारघ्न, रुचिप्रद",,,,,Bhavaprakasha Nighantu (legacy professor dataset; test use),BPN_0899
मेषः,मांसवर्गः,"मेढ्र, मेढ, हुड, मेष, उरण, एडक, अवि, वृष्णि और ऊर्णायु","Guna: गुरु, लघु","पुष्टिकर, पित्त-श्लेष्मकर",,,,,Bhavaprakasha Nighantu (legacy professor dataset; test use),BPN_0900
एडकः,मांसवर्गः,मेदःपुच्छ दुम्बक,,"हृद्य, वृष्य, श्रमापह, पित्त-श्लेष्मकर, किञ्चिद्-वातव्याधिविनाशन",,,,,Bhavaprakasha Nighantu (legacy professor dataset; test use),BPN_0901
वृषभः,मांसवर्गः,"बलीवर्द, वृषभ, ऋषभ, वृष, अनड्वान् (अनडुह), सौरभेय, गौः (गो), उक्षा (लक्षन्) सुरभि, सौरभेयी, माहेयी तथा गौः (गो)","Guna: सुगुरु, स्निग्ध","पित्त-श्लेष्म-विवर्द्धन, बृंहण, वातहृत्, बल्य, अपथ्य, पीनसप्रणुत्",,,,,Bhavaprakasha Nighantu (legacy professor dataset; test use),BPN_0902
अश्वः,मांसवर्गः,"घोटक, अश्व, तुरग, तुरङ्ग, तुरङ्गम, बाजि, वाह, अर्व (अर्वन्) गन्धर्व, हय, सैन्धव","Rasa: तुवर, मधुर | Guna: लघु","वह्निकृत्, कफ-पित्तल, वातहृत्, बृंहण, बल्य, चक्षुष्य,",,,,,Bhavaprakasha Nighantu (legacy professor dataset; test use),BPN_0903
मण्डूकः,मांसवर्गः,"मण्डूक, प्लवग, भेक, वर्षाभू, दर्दुर ,हरि",,"श्लेष्मल, नातिपित्तल, बलकारक",,,,,Bhavaprakasha Nighantu (legacy professor dataset; test use),BPN_0905
विशेषाः,मांसवर्गः,,,"वयस्य, बृंहण, सात्म्य",,,,,Bhavaprakasha Nighantu (legacy professor dataset; test use),BPN_0907
रोहितः,मांसवर्गः,,"Rasa: कषाय, स्वादु","वर, वृष्य, अर्दितार्तिजित्, वातघ्न, नातिपित्तकृत्, ऊर्ध्वजत्रुगतरोगहन्य",,,,,Bhavaprakasha Nighantu (legacy professor dataset; test use),BPN_0913
शिलीन्ध्रः,मांसवर्गः,,Guna: गुरु | Vipaka: मधुर,"श्लेष्मल, बल्य, वात-पित्तहर, हृद्य, आम-वातकर",,,,,Bhavaprakasha Nighantu (legacy professor dataset; test use),BPN_0914
भाकुरः,मांसवर्गः,,Rasa: मधुर | Guna: गुरु | Virya: शीत,"वृष्य, श्लेष्मकर, विष्टम्भजनक, रक्त-पित्तहर",,,,,Bhavaprakasha Nighantu (legacy professor dataset; test use),BPN_0915
मोचिका,मांसवर्गः,,Rasa: मधुरा | Guna: गुरु,"वातहृत्, बल्या, बृंहणी, पित्तहृत्, कफकृत्, रुच्या, वृष्या, दीप्ताग्निहिता",,,,,Bhavaprakasha Nighantu (legacy professor dataset; test use),BPN_0916
पाठीनः,मांसवर्गः,,,"श्लेष्मल, बल्य, निद्रालु, पिशिताशन, दूषयेद्रुधिर, पित्त-कुष्ठरोगकर",,,,,Bhavaprakasha Nighantu (legacy professor dataset; test use),BPN_0917
शृङ्गी,मांसवर्गः,,"Rasa: तिक्ता, कषाया, | Guna: स्निग्धा, लघ्वी","वातशमनी, श्लेष्मप्रकोपणी, रुच्या",,,,,Bhavaprakasha Nighantu (legacy professor dataset; test use),BPN_0918
इल्लीसः,मांसवर्गः,,Rasa: मधुर | Guna: स्निग्ध,"रोचन, वह्निवर्द्धन, पित्तहृत्, कफकृत्, किञ्चिल्लघुर्वृष्यो-अनिलापह",,,,,Bhavaprakasha Nighantu (legacy professor dataset; test use),BPN_0919
शष्कुली,मांसवर्गः,,"Rasa: मधुरा, तुवरा,","ग्राहिणी, हृद्या,",,,,,Bhavaprakasha Nighantu (legacy professor dataset; test use),BPN_0920
गर्गरः,मांसवर्गः,,,"पित्तल, किञ्चिद्-वातजित्-कफकोपन",,,,,Bhavaprakasha Nighantu (legacy professor dataset; test use),BPN_0921
कविका,मांसवर्गः,,Rasa: मधुरा | Guna: स्निग्धा,"कफघ्नी, रुचिकारिणी, कञ्चित्-पित्तकरी, वातनाशिनी, वह्निवर्द्धिनी",,,,,Bhavaprakasha Nighantu (legacy professor dataset; test use),BPN_0922
वर्मिमत्स्यः,मांसवर्गः,,Guna: लघु,"वात-पित्तहर, रुचिकर",,,,,Bhavaprakasha Nighantu (legacy professor dataset; test use),BPN_0923
दण्डमत्स्यः,मांसवर्गः,,Guna: तिक्त,"पित्त-रक्त-कफ-हर, वातसाधारण, शुक्रल, बलवर्द्धन",,,,,Bhavaprakasha Nighantu (legacy professor dataset; test use),BPN_0924
एरङ्गः,मांसवर्गः,,"Rasa: मधुर | Guna: स्निग्ध, लघु | Virya: शीतल","विष्टम्भी,",,,,,Bhavaprakasha Nighantu (legacy professor dataset; test use),BPN_0925
महाशफरः,मांसवर्गः,,"Rasa: तिक्त, मधुर | Guna: शीतल","पित्त-कफापह, शिशिर, रुच्य, वातसाधारण",,,,,Bhavaprakasha Nighantu (legacy professor dataset; test use),BPN_0926
गरघ्नी,मांसवर्गः,,"Rasa: मधुरा, तिक्ता, तुवरा | Guna: लघ्वी","वात-पित्तहृत्, कफघ्नी, रुचिकृत्, दीपनी, बल-वीर्यकृत्",,,,,Bhavaprakasha Nighantu (legacy professor dataset; test use),BPN_0927
मद्गुरः,मांसवर्गः,,Guna: लघु,"वातहृत्, बल्य, वृष्य, कफकर",,,,,Bhavaprakasha Nighantu (legacy professor dataset; test use),BPN_0928
सपादमत्स्यः,मांसवर्गः,,,"मेधाकृत्, मेद-क्षयकर, वात-पित्तकर, रुचिकृत्",,,,,Bhavaprakasha Nighantu (legacy professor dataset; test use),BPN_0929
प्रोष्ठी,मांसवर्गः,,"Rasa: तिक्ता, कटु, स्वादु | Guna: लघु, स्निग्ध","शुक्रदा, कफ-वातजित्, स्निग्ध-आस्य-कण्ठ-रोगघ्नी, रोचनी",,,,,Bhavaprakasha Nighantu (legacy professor dataset; test use),BPN_0930
क्षुद्रमत्स्यः,मांसवर्गः,,,"स्वादुरसा, दोषत्रयविनाशन, लघुपाका, रुचिकरा, बलदा, हिता",,,,,Bhavaprakasha Nighantu (legacy professor dataset; test use),BPN_0931
अतिक्षुद्रमत्स्याः,मांसवर्गः,,,"पुंस्त्वहरा, रुच्या, कासा-अनिलापहा",,,,,Bhavaprakasha Nighantu (legacy professor dataset; test use),BPN_0932
मत्स्यगर्भः,मांसवर्गः,,"Guna: लघु, स्निग्ध","वृष्य, पुष्टिकर, कफमेदप्रद, बल्य, ग्लानिकृत्-मेहनाशन",,,,,Bhavaprakasha Nighantu (legacy professor dataset; test use),BPN_0933
शुष्कमत्स्याः,मांसवर्गः,,,"बल्या, दुर्जरा, विड्विबन्धिन",,,,,Bhavaprakasha Nighantu (legacy professor dataset; test use),BPN_0934
दग्धमत्स्यः,मांसवर्गः,,,"गुणश्रेष्ठ, पुष्टिकृत्, बलवर्धन",,,,,Bhavaprakasha Nighantu (legacy professor dataset; test use),BPN_0935
कौपमत्स्याः,मांसवर्गः,,,शुक्र-मूत्र-कुष्ठ-श्लेष्म-विवर्द्धन,,,,,Bhavaprakasha Nighantu (legacy professor dataset; test use),BPN_0937
सरोजा,मांसवर्गः,,Rasa: मधुरा | Guna: स्निग्धा,"बल्या, वातविनाशना",,,,,Bhavaprakasha Nighantu (legacy professor dataset; test use),BPN_0938
नादेया,मांसवर्गः,,"Guna: गुरु, स्निग्ध, | Virya: उष्णा","बृंहणा, अनिलनाशना, रक्त-पित्तकरा, वृष्या, स्वल्पवर्चस",,,,,Bhavaprakasha Nighantu (legacy professor dataset; test use),BPN_0939
चौब्ज्याः,मांसवर्गः,,"Rasa: मधुरा | Guna: स्निग्धा, लघु | Vipaka: हिमा",पित्तकरा,,,,,Bhavaprakasha Nighantu (legacy professor dataset; test use),BPN_0940
तडागा,मांसवर्गः,,Guna: गुरव | Virya: शीतला,"वृष्या, मलमूत्रदा",,,,,Bhavaprakasha Nighantu (legacy professor dataset; test use),BPN_0941
भक्तम्,कृतान्नवर्गः,भक्त अन्न अन्ध कूर ओदन मिस्सा दीदिवि,"Rasa: विशद | Guna: गुर, लघु, शीत | Virya: उष्ण","गुणवत्, वह्निकर, पथ्य, तर्पण, रोचन, अधौतमस्रुत, अरुच्य, कफप्रद",,,,,Bhavaprakasha Nighantu (legacy professor dataset; test use),BPN_0944
दाली,कृतान्नवर्गः,दालि,"Guna: लाघव, रूक्ष | Virya: शीत","विष्टम्भक, निस्तुष",,,,,Bhavaprakasha Nighantu (legacy professor dataset; test use),BPN_0945
कृशरा,कृतान्नवर्गः,,Guna: गुरु,"शुक्रला, बल्या, पित्त-कफप्रदा, दुर्जरा, बुद्धि-विष्टम्भ-मल-मूत्रकरी",,,,,Bhavaprakasha Nighantu (legacy professor dataset; test use),BPN_0946
तापहरी,कृतान्नवर्गः,,Guna: गुर्वी,"बल्या, वृष्या, श्लेष्माण, बृंहणी, तर्पणी, रुच्या, पित्तहरी",,,,,Bhavaprakasha Nighantu (legacy professor dataset; test use),BPN_0947
क्षीरिका,कृतान्नवर्गः,"पायस, परमान्न",,"दुर्जरा, बृंहणी, बलवर्द्धिनी, विष्टम्भिनी, पित्त-रक्त-पित्ताग्नि-मारुतहर",,,,,Bhavaprakasha Nighantu (legacy professor dataset; test use),BPN_0948
नारिकेरक्षीरी,कृतान्नवर्गः,,"Rasa: सुमधुरा | Guna: गुर्वी, स्निग्धा | Virya: शीता","अतिपुष्टिदा, अतृष्या, रक्त-पित्त-अनिलापहा",,,,,Bhavaprakasha Nighantu (legacy professor dataset; test use),BPN_0949
सेविका,कृतान्नवर्गः,,"Guna: गुर्वी,","तर्पणी, बल्या, पित्त-अनिलापहा, ग्राहिणी, सन्धिकृत्, रुच्या, खादेन्नातिमात्रया",,,,,Bhavaprakasha Nighantu (legacy professor dataset; test use),BPN_0950
सानुपानम्,कृतान्नवर्गः,,Rasa: मधुर | Guna: लघु,"बृंहण, वृष्य, बल्य, रुचिकर, ग्राही, र्दोषत्रयापह",,,,,Bhavaprakasha Nighantu (legacy professor dataset; test use),BPN_0953
पोलिका,कृतान्नवर्गः,,,मण्डकवद्गुणाः,,,,,Bhavaprakasha Nighantu (legacy professor dataset; test use),BPN_0954
लप्सिका,कृतान्नवर्गः,,"Guna: स्निग्धा, गुर्वी","बृंहणी, वृष्या, बल्या, पित्त-अनिलापहा, श्लेष्मकरी, रोचनी, तर्पणी",,,,,Bhavaprakasha Nighantu (legacy professor dataset; test use),BPN_0955
रोटिका,कृतान्नवर्गः,,Guna: गुर्वी,"बलकृत्, रुच्या, बृंहणी, धातुवर्द्धनी, वातघ्नी, कफकृत्, दीप्ताग्निप्रपूजिता",,,,,Bhavaprakasha Nighantu (legacy professor dataset; test use),BPN_0956
अङ्गारकर्कटी,कृतान्नवर्गः,,"Guna: लघु,","बृंहणी, शुक्रला, दीपनी, कफकृत्, बल्या, पीनस-श्वास-कासजित्",,,,,Bhavaprakasha Nighantu (legacy professor dataset; test use),BPN_0957
यवरोटिका,कृतान्नवर्गः,,"Rasa: मधुरा, | Guna: लघु, विशदा","रुच्या, मल-शुक्र-अनिलकरी, बल्या, कफामयहर",,,,,Bhavaprakasha Nighantu (legacy professor dataset; test use),BPN_0958
बलभद्रिका,कृतान्नवर्गः,,Guna: रूक्ष | Virya: उष्णा,"वातला, बल्या, दीप्ताग्निसुपूजिता",,,,,Bhavaprakasha Nighantu (legacy professor dataset; test use),BPN_0959
झ्हर्झ्हरी,कृतान्नवर्गः,,,"कफ-पित्तघ्नी, किञ्चिद् वात-करी",,,,,Bhavaprakasha Nighantu (legacy professor dataset; test use),BPN_0961
चणकरोटिका,कृतान्नवर्गः,,"Guna: रूक्षा, गुरु","श्लेष्म-पित्त-अस्रनुत्, विष्टम्भिनी,  न चक्षुष्या, शष्कुली",,,,,Bhavaprakasha Nighantu (legacy professor dataset; test use),BPN_0962
बेढमिका,कृतान्नवर्गः,,Guna: गुर्वी | Virya: उष्णा,"बल्या, वृष्या, रुच्याऽ- अनिलापहा, सन्तर्पणी, बृंहणी, शुक्रला, भिन्न-मूत्र-मला, स्तन्य-मेद, पित्त-कफप्रदा, गुदकीला-आर्दितश्वास-पक्ति-शूलनाश",,,,,Bhavaprakasha Nighantu (legacy professor dataset; test use),BPN_0964
पर्पटः,कृतान्नवर्गः,,"Guna: रूक्षा, गुरव","परमरोचका, दीपना, पाचना",,,,,Bhavaprakasha Nighantu (legacy professor dataset; test use),BPN_0965
काञ्जिकावटकः,कृतान्नवर्गः,,,"रुच्य, वातघ्न, श्लेष्मकारक, शूलघ्न, अजीर्णदाहनुत्, नेत्ररोगाहित",,,,,Bhavaprakasha Nighantu (legacy professor dataset; test use),BPN_0969
आम्लिकावटकाः,कृतान्नवर्गः,,,"रुच्या, वह्निप्रदीपना, पूर्वोक्तवटकगुणसमानाः",,,,,Bhavaprakasha Nighantu (legacy professor dataset; test use),BPN_0970
मुद्गवटकाः,कृतान्नवर्गः,,Guna: लघव | Virya: शीत,संस्कारजप्रभावेण त्रिदोषशमनहिता,,,,,Bhavaprakasha Nighantu (legacy professor dataset; test use),BPN_0971
माषवटिकाः,कृतान्नवर्गः,,,"पूर्वोक्तवटकगुणसमानाः, रोचना",,,,,Bhavaprakasha Nighantu (legacy professor dataset; test use),BPN_0972
कूष्माण्डकवटी,कृतान्नवर्गः,,Guna: लघ्वी,"पूर्वोक्तवटिकागुणा, विशेषात्-पित्त-रक्तघ्नी,",,,,,Bhavaprakasha Nighantu (legacy professor dataset; test use),BPN_0973
मुद्गवटी,कृतान्नवर्गः,,"Guna: लघ्वी,","पथ्या, रुच्या, मुद्गसूपगुणा",,,,,Bhavaprakasha Nighantu (legacy professor dataset; test use),BPN_0974
क्वथिता,कृतान्नवर्गः,,Guna: लघ्वी,"पाचनी, रुच्या, वह्निप्रदीपनी, कफ-अनिलाविबन्धघ्नी, किञ्चित्-पित्तप्रकोपणी",,,,,Bhavaprakasha Nighantu (legacy professor dataset; test use),BPN_0976
मुद्गार्द्रवटकाः,कृतान्नवर्गः,,Guna: लघ्व,"रुच्या, बलकारका, दीपना, तर्पणा, पथ्या, त्रिदोषपूजिता",,,,,Bhavaprakasha Nighantu (legacy professor dataset; test use),BPN_0978
वेसनवटिका,कृतान्नवर्गः,,,"रुच्या, विष्टम्भजननी, बल्या, पुष्टिकरी",,,,,Bhavaprakasha Nighantu (legacy professor dataset; test use),BPN_0980
शुद्धमांसम्,कृतान्नवर्गः,,,"वृष्य, बल्य, रुच्य, बृंहण, त्रिदोषशमन, श्रेष्ठ, दीपन, धातुवर्द्धन",,,,,Bhavaprakasha Nighantu (legacy professor dataset; test use),BPN_0982
सहद्रकम्,कृतान्नवर्गः,,,शुद्धमांसगुणसमानम्,,,,,Bhavaprakasha Nighantu (legacy professor dataset; test use),BPN_0983
तक्रमांसम्,कृतान्नवर्गः,,Guna: लघु,"वातघ्न, रुच्य, बलप्रद, कफघ्न, पित्तल, किञ्चित्सर्वाहारपाचन",,,,,Bhavaprakasha Nighantu (legacy professor dataset; test use),BPN_0984
हरीसा,कृतान्नवर्गः,,"Guna: गुरु, स्निग्ध | Virya: शीत, उष्णा","बलकृत्, वात-पित्तापहा, शुक्रदा, सरा, सन्धानकारिणी",,,,,Bhavaprakasha Nighantu (legacy professor dataset; test use),BPN_0985
तलितमांसम्,कृतान्नवर्गः,,"Guna: लघु, सुस्निग्ध,","बल-मेधा-अग्नि-मांस-ओजः-शुक्रवृद्धिकृत्, तर्पण, रोचन, दृढताकर",,,,,Bhavaprakasha Nighantu (legacy professor dataset; test use),BPN_0986
शूल्यपलम्,कृतान्नवर्गः,,"Guna: लघु,","सुधातुल्य, रुच्य, वह्निकर, कफ-वात-हर, बल्य, किञ्चित्-पित्तकर",,,,,Bhavaprakasha Nighantu (legacy professor dataset; test use),BPN_0987
मांसशृङ्गाटकम्,कृतान्नवर्गः,,"Guna: गुरु,","रुच्य, बृंहण, बलकृत्, वात-पित्तहर, वृष्य, कफघ्न, वीर्यवर्धन",,,,,Bhavaprakasha Nighantu (legacy professor dataset; test use),BPN_0988
सिद्धमांसरसः,कृतान्नवर्गः,,,"रुच्य, श्रम-श्वास-क्षयापह, प्रीणन, वात-पित्तघ्न, क्षीणानामल्परेतसाम्, विश्लिष्टभग्नसन्धीनां, शुद्धानां, शुद्धिकाङ्क्षिणां, स्मृति -ओजो-बलहीनानां, ज्वरक्षीणक्षतोरसां, स्वरहीनानां, दृष्ट्यायुःश्रवणार्थिनां शस्यम्",,,,,Bhavaprakasha Nighantu (legacy professor dataset; test use),BPN_0989
मण्ठकः,कृतान्नवर्गः,,Rasa: सुमधुर | Guna: गुरु,"बृंहण, वृष्य, बल्य, पित्त-अनिलहर, रुच्य, दीप्ताग्निसुपूजित",,,,,Bhavaprakasha Nighantu (legacy professor dataset; test use),BPN_0992
सम्पावः,कृतान्नवर्गः,,,मण्ठकगुणसमः,,,,,Bhavaprakasha Nighantu (legacy professor dataset; test use),BPN_0993
कर्पूरनालिका,कृतान्नवर्गः,,,सम्पावसदृशा गुणाः,,,,,Bhavaprakasha Nighantu (legacy professor dataset; test use),BPN_0994
फेनिका,कृतान्नवर्गः,,,मण्ठकसमागुणाः,,,,,Bhavaprakasha Nighantu (legacy professor dataset; test use),BPN_0995
शुष्कली,कृतान्नवर्गः,,,फेनिकासमगुणा,,,,,Bhavaprakasha Nighantu (legacy professor dataset; test use),BPN_0996
सेविकामोदकाः,कृतान्नवर्गः,,,मण्ठकसमगुणा,,,,,Bhavaprakasha Nighantu (legacy professor dataset; test use),BPN_0997
वेसनमोदकाः,कृतान्नवर्गः,,Guna: लघव | Virya: शीता,"बल्या, किञ्चिद्-वातकर, विष्टम्भि, ज्वरघ्न, पित्त-रक्त-कफापह",,,,,Bhavaprakasha Nighantu (legacy professor dataset; test use),BPN_0999
दुग्धकूपिका,कृतान्नवर्गः,,Guna: गुर्वी | Virya: शीता,"बल्या, पित्त-अनिलापह, वृष्या, शुक्रकरी, तर्पणी, रुच्या, कायपुष्टि-दृष्टि-दूरप्रसारिणी-सुचिरं विदधाति",,,,,Bhavaprakasha Nighantu (legacy professor dataset; test use),BPN_1000
कुण्डलिनी,कृतान्नवर्गः,,,"पुष्टि-कान्ति-बल-प्रदा, धातुवृद्धिकरी, वृष्या, रुच्या, इन्द्रियतर्पणी",,,,,Bhavaprakasha Nighantu (legacy professor dataset; test use),BPN_1001
शर्करोदकम्,कृतान्नवर्गः,,"Rasa: स्वादु | Guna: लघु, शीतल","शुक्रल, शिशिर, सर, बल्य, रुच्य, वात-पित्त-प्रणाशन, मूर्च्छा-छर्दि-तृषा-दाह-ज्वर-शान्तिकर",,,,,Bhavaprakasha Nighantu (legacy professor dataset; test use),BPN_1003
आम्लिकाफलपानकम्,कृतान्नवर्गः,,,"वातनाशन, पित्त-श्लेष्मकर, किञ्चित्सुरुच्य, वह्निबोधन",,,,,Bhavaprakasha Nighantu (legacy professor dataset; test use),BPN_1005
निम्बुकफलपानकम्,कृतान्नवर्गः,,,"अत्यम्ल, वातनाशन, वह्निदीप्तिकर, रुच्य, समस्ताहारपाचक",,,,,Bhavaprakasha Nighantu (legacy professor dataset; test use),BPN_1006
धान्याकपानकम्,कृतान्नवर्गः,,,पित्तहर,,,,,Bhavaprakasha Nighantu (legacy professor dataset; test use),BPN_1007
काञ्जी,कृतान्नवर्गः,,,"रोचन, रुच्य, पाचन, वह्निदीपन, शूल-अजीर्णविबन्धघ्न, कोष्ठशुद्धिकर",,,,,Bhavaprakasha Nighantu (legacy professor dataset; test use),BPN_1008
जालिः,कृतान्नवर्गः,,,"जिह्वाकुण्ठत्वहर, कण्ठशोधिनी, रोचनी, वह्निबोधिनी",,,,,Bhavaprakasha Nighantu (legacy professor dataset; test use),BPN_1009
तक्रम्,कृतान्नवर्गः,,,"रुचिकर, वह्निदीपन, पाचन, गदनाशन, तृप्तिकारक",,,,,Bhavaprakasha Nighantu (legacy professor dataset; test use),BPN_1010
दुग्धम्,कृतान्नवर्गः,,,विदाहप्रशान्त्यर्थं भोजनान्ते पयःपान,,,,,Bhavaprakasha Nighantu (legacy professor dataset; test use),BPN_1011
यवसक्तवः,कृतान्नवर्गः,,"Rasa: मधुरा | Guna: लघव, रूक्षा | Virya: शीता","दीपना, सरा, कफपित्तहरा, लेखना, पीता, बलदा, वृष्या, बृंहणा, भेदना, तर्पणा, रुच्या, परिणामे बलावहा, कफ-पित्त-श्रम-क्षुत्तृड् -व्रण-नेत्रामयापहा, धर्मदाहाध्वव्यायामार्त्तशरीरिणां प्रशस्ता",,,,,Bhavaprakasha Nighantu (legacy professor dataset; test use),BPN_1013
शालिसक्तवः,कृतान्नवर्गः,,Rasa: मधुरा | Guna: लघव | Virya: हिमा,"वह्निदा, ग्राहिण, रुच्या, पथ्या, बलशुक्रदा",,,,,Bhavaprakasha Nighantu (legacy professor dataset; test use),BPN_1015
धानाः,कृतान्नवर्गः,,"Guna: रूक्षा, गुरव,","दुर्जरा, तृट्प्रदा, मेह-कफ-च्छर्दि-नाशिनी",,,,,Bhavaprakasha Nighantu (legacy professor dataset; test use),BPN_1016
लाजाः,कृतान्नवर्गः,,"Rasa: मधुरा | Guna: लघव, रूक्षा, | Virya: शीता","दीपन, स्वल्पमूत्रमला, बल्या, पित्त-कफच्छिद, छर्दि -अतीसार-दाहा-अस्र-मेह-मेद-तृषा-ऽपहा",,,,,Bhavaprakasha Nighantu (legacy professor dataset; test use),BPN_1017
चिपिटाः,कृतान्नवर्गः,,Guna: गुरव,"वातनाशना, श्लेष्मला, सक्षीरा, बृंहणा, वृष्या, बल्य, भिन्नमला",,,,,Bhavaprakasha Nighantu (legacy professor dataset; test use),BPN_1018
होलकः,कृतान्नवर्गः,,,"अल्पानिल, मेदः-कफ-दोषत्रयापह",,,,,Bhavaprakasha Nighantu (legacy professor dataset; test use),BPN_1019
ऊची,कृतान्नवर्गः,,"Guna: लघ्वी,","अर्द्धपक्वा, तृणानलसंभृष्टा, ऊची, कफप्रदा, बल्या, पित्त-अनिलापहा",,,,,Bhavaprakasha Nighantu (legacy professor dataset; test use),BPN_1020
कुल्माषाः,कृतान्नवर्गः,,"Guna: गुरव, रूक्षा,","वातला, भिन्नवर्चस",,,,,Bhavaprakasha Nighantu (legacy professor dataset; test use),BPN_1021
पललम्,कृतान्नवर्गः,,"Guna: गुरु, स्निग्ध,","मलकृत्, वृष्य, वातघ्न, कफ-पित्तकृत्, बृंहण, मूत्राधिक्यनिवर्त्तक",,,,,Bhavaprakasha Nighantu (legacy professor dataset; test use),BPN_1022
पिण्याकः,कृतान्नवर्गः,तिलकिट्ट तिलखलि,"Guna: रूक्ष,","लेखन, विष्टम्भी, दृष्टिदूषण",,,,,Bhavaprakasha Nighantu (legacy professor dataset; test use),BPN_1023
पानीयम्,वारिवर्गः,"पानीय, सलिल, नीर, कीलाल, जल, अम्बु, आपः, वार्, वारि, क, तोय, पयः,पायः, पाथः , उदक, जीवन, वन, अम्भ, अर्णः, अमृत, घनरस",Guna: लघु | Virya: शीतल,"श्रमनाशन, क्लमहर, मूर्च्छा-पिपासापहं, तन्द्रा-च्छर्दि-विबन्ध-हृद्बलकर, निद्राहर, तर्पण, हृद्य, गुप्तरस, अजीर्णशमक, नित्यहित,  स्वच्छ, पीयूषवज्जीवन, रसकारण",,,,,Bhavaprakasha Nighantu (legacy professor dataset; test use),BPN_1025
दिव्यम्,वारिवर्गः,,,धाराज - गुणाधिक,,,,,Bhavaprakasha Nighantu (legacy professor dataset; test use),BPN_1027
धाराजलम्,वारिवर्गः,,Guna: लघु,"त्रिदोषघ्न, अनिर्देश्यरस, सौम्य, रसायन, बल्य, तर्पण,ह्लादी, जीवन, पाचन, मतिकृत्, मूर्च्छा-तन्द्रा-दाह-श्रम-क्लमह, तृष्णाहर, पथ्य",,,,,Bhavaprakasha Nighantu (legacy professor dataset; test use),BPN_1028
गाङ्गम्,वारिवर्गः,,,सर्वदोषघ्न,,,,,Bhavaprakasha Nighantu (legacy professor dataset; test use),BPN_1030
सामुद्रम्,वारिवर्गः,,Rasa: सक्षारलवण | Guna: तीक्ष्ण,"सक्षारलवण, शुक्रदृष्टिवलापह, विस्र, दोषल, तीक्ष्ण, सर्वकर्महित",,,,,Bhavaprakasha Nighantu (legacy professor dataset; test use),BPN_1031
करकाजलम्,वारिवर्गः,,"Guna: रूक्ष, विशद, गुरु | Virya: शीतल","स्थिर, सान्द्र, दारुणं, पित्तहृत्, कफ-वातकृत्",,,,,Bhavaprakasha Nighantu (legacy professor dataset; test use),BPN_1035
तौषारजलम्,वारिवर्गः,,Guna: रूक्ष | Virya: शीतल,"वातल, अपित्तल, कफ-उरुस्तम्भ-कण्ठाग्नि-मेह-गण्डा-दिरोगनुत्",,,,,Bhavaprakasha Nighantu (legacy professor dataset; test use),BPN_1036
हैमजलम्,वारिवर्गः,,Guna: गुरु | Virya: शीत,"पित्तघ्न, वातविवर्द्धन",,,,,Bhavaprakasha Nighantu (legacy professor dataset; test use),BPN_1037
भौमजलम्,वारिवर्गः,,,"जाङ्गलम्, आनूपम्, साधारणम्",,,,,Bhavaprakasha Nighantu (legacy professor dataset; test use),BPN_1039
जाङ्गलम्,वारिवर्गः,,"Rasa: लवण | Guna: रूक्ष, लघु","पित्त-रक्ता-आमयान्वित, पित्तनुत्, वह्निकृत्, कफहृत्, पथ्य, विकारहर",,,,,Bhavaprakasha Nighantu (legacy professor dataset; test use),BPN_1040
आनूपम्,वारिवर्गः,,"Rasa: स्वादु | Guna: स्निग्ध, घन, गुरु","वात-श्लेष्मा-आमयान्वित, अभिष्यन्दि, वह्निहृत्, कफकृत्, हृद्य, विकारकर",,,,,Bhavaprakasha Nighantu (legacy professor dataset; test use),BPN_1041
साधारणम्,वारिवर्गः,,Rasa: मधुर | Guna: लघु | Virya: शीतल,"मिश्रचिह्नक, दीपन, तर्पण, रोचन, तृष्णा-दाह-दोषत्रयप्रणुत्",,,,,Bhavaprakasha Nighantu (legacy professor dataset; test use),BPN_1042
हिमवत्प्रभावाः,वारिवर्गः,,,"पथ्य, गुणोत्तम, अश्माह",,,,,Bhavaprakasha Nighantu (legacy professor dataset; test use),BPN_1046
सह्यशैलभवा,वारिवर्गः,,,"कुष्ठकृत् , ईषद्- वात-कफावह",,,,,Bhavaprakasha Nighantu (legacy professor dataset; test use),BPN_1047
औद्भिददम्,वारिवर्गः,,Rasa: मधुर | Guna: लघु | Virya: शीतल,"पित्तघ्न, अविदाही, प्रीणन, बल्य, ईषद्-वातकर",,,,,Bhavaprakasha Nighantu (legacy professor dataset; test use),BPN_1048
नैर्झरजलम्,वारिवर्गः,,"Rasa: मधुर, | Guna: लघु | Vipaka: कटु","रुचिकृत्, कफघ्न, दीपन, वातल, अपित्तल",,,,,Bhavaprakasha Nighantu (legacy professor dataset; test use),BPN_1049
सारसजलम्,वारिवर्गः,,"Rasa: मधुर, तुवर | Guna: लघु, रूक्ष","बल्य, तृष्णाघ्न, रोचन, मूत्र-मलबन्धक",,,,,Bhavaprakasha Nighantu (legacy professor dataset; test use),BPN_1050
ताडागजलम्,वारिवर्गः,,"Rasa: स्वादु, कषाय, | Vipaka: कटु","वातल, विण्मूत्रबन्धक, असृक्-पित्त-कफापह",,,,,Bhavaprakasha Nighantu (legacy professor dataset; test use),BPN_1051
क्षारम्,वारिवर्गः,,,"पित्तकृत्, कफवातहृत्",,,,,Bhavaprakasha Nighantu (legacy professor dataset; test use),BPN_1053
मिष्टम्,वारिवर्गः,,,"कफकृत्, वातपित्तहर",,,,,Bhavaprakasha Nighantu (legacy professor dataset; test use),BPN_1054
क्षारं,वारिवर्गः,,,"कफवातघ्न, दीपन, पित्तकृत्",,,,,Bhavaprakasha Nighantu (legacy professor dataset; test use),BPN_1057
चौञ्ज्यजलम्,वारिवर्गः,,"Rasa: मधुर | Guna: रूक्ष, लघु, विशद","वह्निकर, कफहर, पित्तनुत्, रुच्य, पाचन",,,,,Bhavaprakasha Nighantu (legacy professor dataset; test use),BPN_1058
पाल्वलजलम्,वारिवर्गः,,Rasa: स्वादु | Guna: गुरु,"अभिष्यन्दि, त्रिदोषकृत्",,,,,Bhavaprakasha Nighantu (legacy professor dataset; test use),BPN_1059
विकिरजलम्,वारिवर्गः,,"Rasa: स्वादु, तुवर, क्षार | Guna: लघु | Virya: शीतल","स्वच्छ, निर्दोष, पित्तघ्न, पित्त्तल",,,,,Bhavaprakasha Nighantu (legacy professor dataset; test use),BPN_1060
कैदारजलम्,वारिवर्गः,,Rasa: मधुर | Guna: गुरु,"अभिष्यन्दि, दोषकृत्",,,,,Bhavaprakasha Nighantu (legacy professor dataset; test use),BPN_1061
वृष्टिजलम्,वारिवर्गः,,,"प्रसन्न, अमृतोपम",,,,,Bhavaprakasha Nighantu (legacy professor dataset; test use),BPN_1062
अंशूदकजलम्,वारिवर्गः,,"Guna: स्निग्ध, लघु | Virya: शीत","दोषत्रयापह, अनभिष्यन्दि, निर्दोषमान्तरिक्षजलोपम, बल्य, रसायन, मेध्य, सुधासम",,,,,Bhavaprakasha Nighantu (legacy professor dataset; test use),BPN_1063
हारीतः,वारिवर्गः,,,सद्यःप्राणविनाशिनी,,,,,Bhavaprakasha Nighantu (legacy professor dataset; test use),BPN_1064
गोदुग्धम्,दुग्धवर्गः,"क्षीर, पयः (पयस्), स्तन्य, बालजीवन",Rasa: मधुर | Guna: स्निग्ध | Virya: शीतल,"वात-पित्तहर, सर, सद्यः शुक्रकर, शीत, सर्वशरीरिणां सात्म्य, जीवन, बृंहण, बल्य, मेध्य, वाजीकर, वयःस्थापन, आयुष्य, सन्धिकारि, रसायन",,,,,Bhavaprakasha Nighantu (legacy professor dataset; test use),BPN_1066
माहिषदुग्धम्,दुग्धवर्गः,,"Rasa: मधुर | Guna: गुरु, स्निग्ध | Virya: शीतल","शुक्रकर, निद्राकर, अभिष्यन्दि, क्षुधाधिक्यहर",,,,,Bhavaprakasha Nighantu (legacy professor dataset; test use),BPN_1074
अजादुग्धम्,दुग्धवर्गः,,"Rasa: कषाय, मधुर, कटु, तिक्त | Guna: लघु | Virya: शीत","ग्राहि, रक्त-पित्ता-अतिसारघ्न, क्षय-कास-ज्वरापह, सर्वरोगापह",,,,,Bhavaprakasha Nighantu (legacy professor dataset; test use),BPN_1075
मृग्यादिदुग्धम्,दुग्धवर्गः,,,अजाक्षीरगुणं,,,,,Bhavaprakasha Nighantu (legacy professor dataset; test use),BPN_1076
आविकदुग्धम्,दुग्धवर्गः,,"Rasa: लवण, स्वादु | Guna: स्निग्ध, गुरु, उष्ण | Virya: उष्ण","अश्मरीप्रणुत्, अहृद्य, तर्पण, केश्य, शुक्रपित्तकफप्रद",,,,,Bhavaprakasha Nighantu (legacy professor dataset; test use),BPN_1077
घोटकीदुग्धम्,दुग्धवर्गः,,"Rasa: अम्ल,  स्वादु | Guna: रूक्ष, लघु, उष्ण | Virya: उष्ण","बल्य, शोष-अनिलापह, पटु",,,,,Bhavaprakasha Nighantu (legacy professor dataset; test use),BPN_1078
औष्ट्रदुग्धम्,दुग्धवर्गः,,"Rasa: स्वादु, लवण | Guna: लघु","दीपन, कृमि-कुष्ठ-कफ-आनाह-शोथोदरहर, सर",,,,,Bhavaprakasha Nighantu (legacy professor dataset; test use),BPN_1079
हस्तिनीदुग्धम्,दुग्धवर्गः,,"Rasa: मधुर, तुवर | Guna: गुरु, स्निग्ध | Virya: शीतल","बृंहण, वृष्य, बल्य, चक्षुष्य, स्थिरताकर",,,,,Bhavaprakasha Nighantu (legacy professor dataset; test use),BPN_1080
नारीदुग्धम्,दुग्धवर्गः,,Guna: लघु | Virya: शीत,"दीपन, वात-पित्तजित्, चक्षुःशूलाभिघातघ्न, नस्य-अश्च्योतनवर",,,,,Bhavaprakasha Nighantu (legacy professor dataset; test use),BPN_1081
धारोष्णम्,दुग्धवर्गः,,"Guna: लघु, गुरु, स्निग्ध | Virya: शीत","बल्य, सुधासम, दीपन, त्रिदोषघ्न",,,,,Bhavaprakasha Nighantu (legacy professor dataset; test use),BPN_1083
धाराशीतम्,दुग्धवर्गः,,,"अभीष्यन्दि, श्लेष्म-आमवर्द्धन, हितं, कफवातघ्न, पित्तनुत्, वृष्य, बलविवर्धन",,,,,Bhavaprakasha Nighantu (legacy professor dataset; test use),BPN_1084
संतानिका,दुग्धवर्गः,,"Guna: गुरुः, स्निग्ध | Virya: शीत","वृष्य, पित्त-अस्र-वातनुत्, तर्पणी, बृंहणी, बलासबलशुक्रल",,,,,Bhavaprakasha Nighantu (legacy professor dataset; test use),BPN_1086
मथितदुग्धम्,दुग्धवर्गः,,Guna: लघु,"वृष्य, ज्वरहर, वात-पित्त-कफापह",,,,,Bhavaprakasha Nighantu (legacy professor dataset; test use),BPN_1090
दुग्धफेनम्,दुग्धवर्गः,,Guna: लघु,"त्रिदोषघ्न, रोचन, बलवर्द्धन, वह्निवृद्धिकर, वृष्य, सद्यस्तृप्तिकर, अतीसार-अग्निमान्द्य-ज्वर-जीर्ण-प्रशस्य",,,,,Bhavaprakasha Nighantu (legacy professor dataset; test use),BPN_1091
निन्दितदुग्धम्,दुग्धवर्गः,,,विवर्ण-विरस-आम्ल-दुर्गन्ध-अम्ललवणयुक्त-कुष्ठादिकृत्-वर्जन,,,,,Bhavaprakasha Nighantu (legacy professor dataset; test use),BPN_1092
मन्दादिदधि,दधिवर्गः,,"Rasa: कषाय | Guna: गुरु, उष्ण, स्निग्ध | Vipaka: आम्ल","दीपन, ग्राहि, पित्ता-अस्र-शोथ-मेदः-कफप्रद| मूत्रकृच्छ्र-प्रतिश्याय-शीतग-विषमज्वर-अतीसार-अरुचि-कार्ये शस्यते| बल-शुक्रकृत्",,,,,Bhavaprakasha Nighantu (legacy professor dataset; test use),BPN_1093
मन्दम्,दधिवर्गः,,,"घन, सृष्टविण्मूत्र, दोषत्रयविदाहकृत्, मन्द, अव्यक्तरस",,,,,Bhavaprakasha Nighantu (legacy professor dataset; test use),BPN_1096
अम्ल,दधिवर्गः,,"Rasa: तिरोहित-मधुर, व्यक्त-आम्ल | Vipaka: मधुर","दीपन, पित्त-रक्त-श्लेष्म-विवर्द्धन",,,,,Bhavaprakasha Nighantu (legacy professor dataset; test use),BPN_1099
अत्यम्ल,दधिवर्गः,,,"दन्त-रोम-हर्ष-कण्ठादिदाहकृत्, दीपन, रक्त-वात-पित्तकर",,,,,Bhavaprakasha Nighantu (legacy professor dataset; test use),BPN_1100
अजदधि,दधिवर्गः,,"Rasa: मधुर, आम्ल","रुचिप्रद, पवित्र, दीपन, हृद्य, पुष्टिकृत्, पवनापह",,,,,Bhavaprakasha Nighantu (legacy professor dataset; test use),BPN_1101
निःसारदुग्धनितदधि,दधिवर्गः,,Guna: लघु,"उत्तम, ग्राहि, दोषत्रयापह, श्वासकासार्शः, क्षयकार्यदीपन",,,,,Bhavaprakasha Nighantu (legacy professor dataset; test use),BPN_1103
गालितदधि,दधिवर्गः,,Guna: स्निग्ध,"रुच्य, पित्ता-अनिलापह, सर्वधातु-अग्निबलवर्द्धन",,,,,Bhavaprakasha Nighantu (legacy professor dataset; test use),BPN_1104
सशर्करम्,दधिवर्गः,,,"श्रेष्ठ, तृष्णा-पित्ता-अस्र-दाहजित्",,,,,Bhavaprakasha Nighantu (legacy professor dataset; test use),BPN_1107
सगुडम्,दधिवर्गः,,Guna: गुरु,"वातनुत्, वृष्य, बृंहण, तर्पण,",,,,,Bhavaprakasha Nighantu (legacy professor dataset; test use),BPN_1108
सरः,दधिवर्गः,,"Rasa: स्वादु ,आम्ल | Guna: गुरु","स्वादु, वृष्य-वात-वह्निप्रणाशन, वस्तिप्रशमन, पित्तश्लेष्मविवर्द्धन",,,,,Bhavaprakasha Nighantu (legacy professor dataset; test use),BPN_1112
मस्तु,दधिवर्गः,,Guna: लघु,"क्लमहर, बल्य, भक्ताभिलाषकृत्, स्रोतोविशोधन, ह्लादि, कफ-तृष्णा-अनिलापह, अवृष्य, प्रीणन, शीघ्र-मलसञ्चयापह",,,,,Bhavaprakasha Nighantu (legacy professor dataset; test use),BPN_1113
