sanskrit_devanagari,sanskrit_roman,english_name,english_aliases,classical_synonyms,source_text,source_verse_ids,source_example,ambiguity_notes,verification_status,verified_by
अक्षिरोग,,,,,Bhavaprakasha Nighantu (legacy professor dataset; test use),BPN_0037|BPN_0279,"पित्तकृत्, दीपनी, ज्वर-अनिल-श्लेष्म-व्रण-शूल-अक्षिरोगहृत् || दाह-तृष्णा-विसर्पा-अस्र-मूत्र-कृच्छ्रा-अक्षिरोगजित्, दोषत्रयहर, वृष्य, मेखलोपयोगी",Automatically extracted candidate; verify that this is a disease term and not an action/quality.,BAMS_REVIEW_REQUIRED,
अक्षिरोगक्षो,,,,,Bhavaprakasha Nighantu (legacy professor dataset; test use),BPN_0149,"कर्ण-कण्ठा-अक्षिरोगक्षोहर, कफा-अनिल-स्वेद-दाह-कास-मूर्च्छा-व्रणापह",Automatically extracted candidate; verify that this is a disease term and not an action/quality.,BAMS_REVIEW_REQUIRED,
अग्नि,,,,,Bhavaprakasha Nighantu (legacy professor dataset; test use),BPN_0113|BPN_0408|BPN_0487|BPN_0648|BPN_0873,"पित्तघ्न, केश्य-अग्निकृत् || मरुत् -अग्निप्रद, हृद्य, पित्तल, वृश्चिकादि-विष-श्लेष्म-वात-कुष्ठ-क्रिमि-प्रणुत्, सुगन्धिक",Automatically extracted candidate; verify that this is a disease term and not an action/quality.,BAMS_REVIEW_REQUIRED,
अग्निमति,,,,,Bhavaprakasha Nighantu (legacy professor dataset; test use),BPN_0735,"कफ-पित्तनुत्, बल्य, केश्य, शीतस्पर्श, त्वच्य, स्तन्य, व्रणहित, दन्त्य, अल्पमूत्रकृत्, ग्राही, वातघ्न, अग्निमतिप्रद शुक्रलो",Automatically extracted candidate; verify that this is a disease term and not an action/quality.,BAMS_REVIEW_REQUIRED,
अग्निमान्द्य,,,,,Bhavaprakasha Nighantu (legacy professor dataset; test use),BPN_0038|BPN_0660,"निशूलनुत्, अग्निमान्द्यहरी, हृद्या, वद्धविट्कृमि-शुक्रहृत्, पाचनी, कास-वमि-श्लेष्म-अनिलाह्वरेत् || नेत्रहिता, स्फोटक्षयापहा, कर्णस्राव-अग्निमान्द्यघ्न, पित्ता-अस्र-कफ-नाशिनी",Automatically extracted candidate; verify that this is a disease term and not an action/quality.,BAMS_REVIEW_REQUIRED,
अग्निरोहिणी,,,,,Bhavaprakasha Nighantu (legacy professor dataset; test use),BPN_0329,"रक्त-विष-व्रणापह, विसर्प-दाहा-अतीसार-लूताभूता-अग्निरोहिणीनाशन",Automatically extracted candidate; verify that this is a disease term and not an action/quality.,BAMS_REVIEW_REQUIRED,
अग्निवि,,,,,Bhavaprakasha Nighantu (legacy professor dataset; test use),BPN_0614,"गुल्मोदरा-अर्शः-शूलाम-आमवात-भगन्दर, कामला-शोथ-कुष्ठ-क्षय-कान्तमयहर, प्लीहा-अम्लपित्त-यकृत्छिरोहर, सर्वरोगविजयी, बलवीर्यवपुःपुष्टिकर, अग्निविवर्धन",Automatically extracted candidate; verify that this is a disease term and not an action/quality.,BAMS_REVIEW_REQUIRED,
अजीर्ण,Ajirna,indigestion,dyspepsia,,Bhavaprakasha Nighantu (legacy professor dataset; test use),BPN_0041|BPN_0127|BPN_0581|BPN_0969|BPN_1008|BPN_1025,"पवन-आमय-अजीर्ण-शूलमाध्मान-पार्श्वशूल-कटिव्यथानिहन || दीपन, दन्तहर्षण, रुच्य, शूला-अजीर्ण-विबन्धनुत्",Classical digestive category,PROVISIONAL_TEST_ONLY,
अजीर्णविबन्ध,,,,,Bhavaprakasha Nighantu (legacy professor dataset; test use),BPN_1008,"रोचन, रुच्य, पाचन, वह्निदीपन, शूल-अजीर्णविबन्धघ्न, कोष्ठशुद्धिकर",Automatically extracted candidate; verify that this is a disease term and not an action/quality.,BAMS_REVIEW_REQUIRED,
अतिसार,Atisara,diarrhea,loose stools,,Bhavaprakasha Nighantu (legacy professor dataset; test use),BPN_0040|BPN_0103|BPN_0212|BPN_0223|BPN_0252|BPN_0362|BPN_0425|BPN_0445|BPN_0450|BPN_0562|BPN_0613|BPN_1075,"छर्दि-ज्वर-श्वासा-अतिसार-जित्, शोष-दोषत्रयहरी, बृंहणी, रसायनी, विषहरी, क्षतकास-कृमिप्रणुत् || शुक्रला, चक्षुष्या, क्षतशोथघ्नी, ग्राहिणी, ज्वरदाहनुत्, दोषत्रयहरी, ग्रहणी, अर्शो-अतिसारजित्",Broad classical category,PROVISIONAL_TEST_ONLY,
अतीसार,,,,,Bhavaprakasha Nighantu (legacy professor dataset; test use),BPN_0159|BPN_0437|BPN_0475|BPN_0776,"ग्राहक, दोषास्र-स्वेद-वीसर्प-ज्वर-व्रण-विपादिका-ग्रहभग्ना-अग्निदग्ध-शूला-अतीसारनाशन || योनिशोधिनी, व्रण-हृद्रोग-वाता-अतीसारहृत्, पटु",Automatically extracted candidate; verify that this is a disease term and not an action/quality.,BAMS_REVIEW_REQUIRED,
अनिल,,,,,Bhavaprakasha Nighantu (legacy professor dataset; test use),BPN_0043|BPN_0099|BPN_0160|BPN_0387|BPN_0768|BPN_0828|BPN_0876|BPN_0884|BPN_0992,"उग्रगन्धा, वान्तिवह्निकृत्, विबन्धाध्मानशूलघ्नी, शकृन्मूत्रविशोधिनी, अपस्मार-कफ-उन्मांद-भूत-जन्तु-अनिलहर || रसायनी, विष्टम्भहृत्, रुच्या, सरा, श्लेष्मा-अस्र-पित्तनुत्,हृद्या , श्वास-कुष्ठ-मेह-ज्वर-कृमि-प्रणुत्, पित्तल, कुष्ठ-कफा-अनिलहर,",Automatically extracted candidate; verify that this is a disease term and not an action/quality.,BAMS_REVIEW_REQUIRED,
अनिलाविबन्ध,,,,,Bhavaprakasha Nighantu (legacy professor dataset; test use),BPN_0976,"पाचनी, रुच्या, वह्निप्रदीपनी, कफ-अनिलाविबन्धघ्नी, किञ्चित्-पित्तप्रकोपणी",Automatically extracted candidate; verify that this is a disease term and not an action/quality.,BAMS_REVIEW_REQUIRED,
अन्ध्य,,,,,Bhavaprakasha Nighantu (legacy professor dataset; test use),BPN_0192,"हृद्य, रुचिप्रद, आस्यदौर्गन्ध-हृद्रोग-कफ-वाता-आमय-अन्ध्यहृत्",Automatically extracted candidate; verify that this is a disease term and not an action/quality.,BAMS_REVIEW_REQUIRED,
अपस्मार,Apasmara,seizure / loss-of-consciousness disorder,epilepsy-like disorder|seizure,,Bhavaprakasha Nighantu (legacy professor dataset; test use),BPN_0043|BPN_0049|BPN_0150|BPN_0339|BPN_0624|BPN_0662,"उग्रगन्धा, वान्तिवह्निकृत्, विबन्धाध्मानशूलघ्नी, शकृन्मूत्रविशोधिनी, अपस्मार-कफ-उन्मांद-भूत-जन्तु-अनिलहर || वह्निदीप्तिकृत्, विबन्ध -अध्मान-शूलघ्नी, शकृन्मूत्रविशोधिनी, वात-व्याधी-अपस्मार-उन्माद-तनुवेदनव्यपोह, विशेष-फिरङ्गामयनाशिनी",Not automatically equivalent to epilepsy,PROVISIONAL_TEST_ONLY,
अम्लपित्त,Amlapitta,acid-peptic / hyperacidity-like disorder,acidity|acid dyspepsia,,Bhavaprakasha Nighantu (legacy professor dataset; test use),BPN_0601|BPN_0614|BPN_0834,"गुल्मोदरा-अर्शः-शूलाम-आमवात-भगन्दर, कामला-शोथ-कुष्ठ-क्षय-कान्तमयहर, प्लीहा-अम्लपित्त-यकृत्छिरोहर, सर्वरोगविजयी, बलवीर्यवपुःपुष्टिकर, अग्निविवर्धन || बल्य, केश्य, अम्लपित्तजित्, वह्निकृत्, दाहहारी, रुचिकारक",Not a single biomedical diagnosis,PROVISIONAL_TEST_ONLY,
अरुचि,Aruchi,loss of appetite / taste,anorexia|poor appetite,,Bhavaprakasha Nighantu (legacy professor dataset; test use),BPN_0055|BPN_0084|BPN_0086|BPN_0167|BPN_0169|BPN_0180|BPN_0191|BPN_0195|BPN_0206|BPN_0239|BPN_0250|BPN_0389|BPN_0429|BPN_0571|BPN_0576|BPN_0581|BPN_0602|BPN_0823|BPN_0893|BPN_1093,"दीपन, रुच्य, विदाहि, वातश्लेष्म-अक्षि-कर्ण-ओष्ठ-शिरोरुक्-गुरुता-कृमि-कुष्ठ-शूल-अरुचि-श्वास-प्लीह-मूत्रकृच्छ्रनाशक || वात-कफ-ज्वरापह, शोथ-अरुचि-श्वासा-त्पार्श्वशूलनुत्",Not psychiatric anorexia nervosa,PROVISIONAL_TEST_ONLY,
अरुची,,,,,Bhavaprakasha Nighantu (legacy professor dataset; test use),BPN_0087|BPN_0221,"वात-कफ-ज्वर-श्वास-प्रमेहा-आर्श-कास-कण्ठामया-अरुचीहर || त्रिदोषघ्न, श्वास-कास-शिरोरुज, तन्द्रा-शोथ-ज्वरा-आनाह-पार्श्वपीडा-अरुचीहर",Automatically extracted candidate; verify that this is a disease term and not an action/quality.,BAMS_REVIEW_REQUIRED,
अर्दितार्ति,,,,,Bhavaprakasha Nighantu (legacy professor dataset; test use),BPN_0913,"वर, वृष्य, अर्दितार्तिजित्, वातघ्न, नातिपित्तकृत्, ऊर्ध्वजत्रुगतरोगहन्य",Automatically extracted candidate; verify that this is a disease term and not an action/quality.,BAMS_REVIEW_REQUIRED,
अर्श,Arsha,hemorrhoids,piles,,Bhavaprakasha Nighantu (legacy professor dataset; test use),BPN_0001|BPN_0223|BPN_0252|BPN_0304|BPN_0307|BPN_0416|BPN_0441|BPN_0532|BPN_0614|BPN_0616|BPN_0774|BPN_0776|BPN_0838,"दीपनी, मेध्या, रसायनी, चक्षुष्या, आयुष्या, बृंहणी, अनुलोमिनी,   श्वास, कास, प्रमेह, अर्श, कुष्ठ, शोथ, उदरक्रिमी  वैस्वर्य, ग्रहणीरोग, विबन्ध,विषमज्वर,  गुल्म, आध्मान, तृषा, छर्दि, हिक्का, कण्डू, हृदामय,  कामला, शूल, अनाह, प्लीह, यकृत्,  अश् || मलस्तम्भकृत्, कफ-पित्त-व्रण-श्वित्र-कुष्ठ-पाण्डु-अर्श-कामलाजय",Classical Arsha category,PROVISIONAL_TEST_ONLY,
अर्शविकार,,,,,Bhavaprakasha Nighantu (legacy professor dataset; test use),BPN_0838,"ग्रहणी -अर्शविकारघ्नी, ज्वरहरी,पाण्डु-शोथ-कृमि-प्लीह-गुल्मा-आनाहोदरापह",Automatically extracted candidate; verify that this is a disease term and not an action/quality.,BAMS_REVIEW_REQUIRED,
अर्शो,,,,,Bhavaprakasha Nighantu (legacy professor dataset; test use),BPN_0774,"वात-श्लेष्म-हरी, पटु, अर्शोघ्नी, दीपनी, मन्दाग्निविषनाशिनी",Automatically extracted candidate; verify that this is a disease term and not an action/quality.,BAMS_REVIEW_REQUIRED,
अल्पमूत्र,,,,,Bhavaprakasha Nighantu (legacy professor dataset; test use),BPN_0735,"कफ-पित्तनुत्, बल्य, केश्य, शीतस्पर्श, त्वच्य, स्तन्य, व्रणहित, दन्त्य, अल्पमूत्रकृत्, ग्राही, वातघ्न, अग्निमतिप्रद शुक्रलो",Automatically extracted candidate; verify that this is a disease term and not an action/quality.,BAMS_REVIEW_REQUIRED,
अश्म,,,,,Bhavaprakasha Nighantu (legacy professor dataset; test use),BPN_0089,"अश्मघ्न, बस्तिशोधन, भेदन, दोष-आर्शो-गुल्म-कृच्छ्रा-अश्म-हृद्रुजह, योनिरोगा प्रमेह-प्लीह-शूल-व्रणहर",Automatically extracted candidate; verify that this is a disease term and not an action/quality.,BAMS_REVIEW_REQUIRED,
अश्मरी,Ashmari,urinary calculus,urinary stone|kidney-stone-like disorder,,Bhavaprakasha Nighantu (legacy professor dataset; test use),BPN_0001|BPN_0179|BPN_0220|BPN_0282|BPN_0283|BPN_0656|BPN_0734|BPN_0821|BPN_1077,"दीपनी, मेध्या, रसायनी, चक्षुष्या, आयुष्या, बृंहणी, अनुलोमिनी,   श्वास, कास, प्रमेह, अर्श, कुष्ठ, शोथ, उदरक्रिमी  वैस्वर्य, ग्रहणीरोग, विबन्ध,विषमज्वर,  गुल्म, आध्मान, तृषा, छर्दि, हिक्का, कण्डू, हृदामय,  कामला, शूल, अनाह, प्लीह, यकृत्,  अश् || हृद्य, कफपित्तहर, कण्डू-कुष्ठा-अश्मरी-दाह-विषहृद्, गुद-रक्तहृत्",Anatomical site requires confirmation,PROVISIONAL_TEST_ONLY,
अस्र,,,,,Bhavaprakasha Nighantu (legacy professor dataset; test use),BPN_0071|BPN_0148|BPN_0237|BPN_0283|BPN_0310|BPN_0337|BPN_0371|BPN_0378|BPN_0379|BPN_0412|BPN_0414|BPN_0415|BPN_0417|BPN_0420|BPN_0427|BPN_0430|BPN_0431|BPN_0444|BPN_0464|BPN_0522|BPN_0540|BPN_0556|BPN_0661|BPN_0724|BPN_0725|BPN_0740|BPN_0767|BPN_0797|BPN_0839|BPN_0865,"चक्षुष्या, बलवर्णकृत्, शुक्रला, केश्या, स्वर्या, पित्त-अनिल-अस्रजित्, व्रण-शोथ-विषच्छर्दि-तृष्णा-ग्लानि-क्षयापहा || विबन्धा-अध्मान-शोथा-आम-तन्द्रा-हिक्का-ज्वरा-अस्रजित्, प्रमेह-पीनस-श्लेष्म-कास-कण्डू-समीरनुत्",Automatically extracted candidate; verify that this is a disease term and not an action/quality.,BAMS_REVIEW_REQUIRED,
आध्मान,Adhmana,abdominal bloating / distension,bloating|flatulence,,Bhavaprakasha Nighantu (legacy professor dataset; test use),BPN_0001|BPN_0164|BPN_0785,"दीपनी, मेध्या, रसायनी, चक्षुष्या, आयुष्या, बृंहणी, अनुलोमिनी,   श्वास, कास, प्रमेह, अर्श, कुष्ठ, शोथ, उदरक्रिमी  वैस्वर्य, ग्रहणीरोग, विबन्ध,विषमज्वर,  गुल्म, आध्मान, तृषा, छर्दि, हिक्का, कण्डू, हृदामय,  कामला, शूल, अनाह, प्लीह, यकृत्,  अश् || नेत्रहित, दीपन, पाचन, रुच्य, कफ-पित्ता-अस्र-नाशकृत्, तृष्णा-छर्दि-आध्मान-शूल-कास-श्वास-हिक्का-क्षय- आशुविनाशक",Symptom/category,PROVISIONAL_TEST_ONLY,
आनाह,Anaha,obstruction / abdominal distension,constipation|abdominal obstruction,,Bhavaprakasha Nighantu (legacy professor dataset; test use),BPN_0014|BPN_0023|BPN_0029|BPN_0042|BPN_0072|BPN_0077|BPN_0085|BPN_0114|BPN_0125|BPN_0128|BPN_0221|BPN_0233|BPN_0581|BPN_0838|BPN_1079,"रुच्या, आम-वातघ्नी, पाचनी, कफ-वात-विबन्धनुत्, वृष्या, स्वर्य्या-वमि-श्वास-शूल-कास-हृदामय-श्लीपद-शोथार्श, आनाह -उदरमारुतहरा || दीपन, पाचन, पित्तकर, भेदि, कफ-वातो-दरापह, आनाह-प्लीह-गुल्मघ्न, कृमि-श्वास-क्षयापह",Context dependent,PROVISIONAL_TEST_ONLY,
आनाहकृमि,,,,,Bhavaprakasha Nighantu (legacy professor dataset; test use),BPN_0042,"पाचन, रुच्य, वातवलासनुत्, शूल-गुल्म-उदर-आनाहकृमिघ्न, पित्तवर्द्धन",Automatically extracted candidate; verify that this is a disease term and not an action/quality.,BAMS_REVIEW_REQUIRED,
आमदोष,,,,,Bhavaprakasha Nighantu (legacy professor dataset; test use),BPN_0573,"वात-श्लेष्म-विबन्धनुत्, शूल-कास-कफो-उत्क्लेश-च्छर्दि-तृष्णा-आमदोषजित्, आस्यवैरस्यहृत्-पीडा-वह्निमान्द्य-क्रिमीहर, तृष्णा-च्छर्दि-निवारिणी",Automatically extracted candidate; verify that this is a disease term and not an action/quality.,BAMS_REVIEW_REQUIRED,
आमय,,,,,Bhavaprakasha Nighantu (legacy professor dataset; test use),BPN_0420,"वर्ण्य, योनिरोग-व्रणापहा, मेदोघ्न, विसर्प-आमयनाशन, शोथ-पित्त-कफा-अस्रघ्न, स्तन्या, भग्नास्थियोजक",Automatically extracted candidate; verify that this is a disease term and not an action/quality.,BAMS_REVIEW_REQUIRED,
आमवात,Amavata,inflammatory arthritis-like disorder,rheumatoid arthritis-like disorder,,Bhavaprakasha Nighantu (legacy professor dataset; test use),BPN_0614,"गुल्मोदरा-अर्शः-शूलाम-आमवात-भगन्दर, कामला-शोथ-कुष्ठ-क्षय-कान्तमयहर, प्लीहा-अम्लपित्त-यकृत्छिरोहर, सर्वरोगविजयी, बलवीर्यवपुःपुष्टिकर, अग्निविवर्धन",Not automatically equivalent to rheumatoid arthritis,PROVISIONAL_TEST_ONLY,
आर्त्ति,,,,,Bhavaprakasha Nighantu (legacy professor dataset; test use),BPN_0357,"तृष्णा-कफापह, मूत्राघाता-अश्मजिद्-ग्राही, योनि-मूत्रा-अनिल-आर्त्तिजित्",Automatically extracted candidate; verify that this is a disease term and not an action/quality.,BAMS_REVIEW_REQUIRED,
आर्श,,,,,Bhavaprakasha Nighantu (legacy professor dataset; test use),BPN_0455,"त्रिदोष-विष-कुष्ठा-आर्शहरी, वारिशिरीषिका",Automatically extracted candidate; verify that this is a disease term and not an action/quality.,BAMS_REVIEW_REQUIRED,
आस्यमल,,,,,Bhavaprakasha Nighantu (legacy professor dataset; test use),BPN_0184,"ग्राहिणी, अनुष्णा-ऽऽ-आस्यमलनाशिनी, शोथ-कास-व्रण-श्वास-शूल-सिध्म-ग्रहापहा",Automatically extracted candidate; verify that this is a disease term and not an action/quality.,BAMS_REVIEW_REQUIRED,
आस्यरोग,,,,,Bhavaprakasha Nighantu (legacy professor dataset; test use),BPN_0139,"वृष्या, चक्षुष्या, छेदिनी, श्लेष्म-तृष्णा-वस्ति -आस्यरोगहृत्",Automatically extracted candidate; verify that this is a disease term and not an action/quality.,BAMS_REVIEW_REQUIRED,
आस्यवैरस्य,,,,,Bhavaprakasha Nighantu (legacy professor dataset; test use),BPN_0505|BPN_0573,"कफ-पित्तजित्, मोहन, दीपन, रुच्य-आस्यवैरस्यनाशन || वात-श्लेष्म-विबन्धनुत्, शूल-कास-कफो-उत्क्लेश-च्छर्दि-तृष्णा-आमदोषजित्, आस्यवैरस्यहृत्-पीडा-वह्निमान्द्य-क्रिमीहर, तृष्णा-च्छर्दि-निवारिणी",Automatically extracted candidate; verify that this is a disease term and not an action/quality.,BAMS_REVIEW_REQUIRED,
उत्वलेश,,,,,Bhavaprakasha Nighantu (legacy professor dataset; test use),BPN_0085,"रेचनी, भेदिनी, उत्वलेशकारिणी, कृमि-कण्डू-विष-आनाह-कफ-पित्ता-आस्र-कुष्ठनुत्",Automatically extracted candidate; verify that this is a disease term and not an action/quality.,BAMS_REVIEW_REQUIRED,
उदर,Udara,abdominal disorder group,abdominal disease,,Bhavaprakasha Nighantu (legacy professor dataset; test use),BPN_0001|BPN_0014|BPN_0016|BPN_0029|BPN_0042|BPN_0051|BPN_0053|BPN_0072|BPN_0078|BPN_0114|BPN_0295|BPN_0300|BPN_0302|BPN_0307|BPN_0314|BPN_0351|BPN_0575|BPN_0601,"पाचनी, रुच्या, दीपनी, पित्तला शुक्र-शूलहृत्, वात-श्लेष्मो-उदर-आनाह-गुल्म-प्लीह-कृमिप्रणुत् || पाचन, रुच्य, वातवलासनुत्, शूल-गुल्म-उदर-आनाहकृमिघ्न, पित्तवर्द्धन",Too broad without subtype,PROVISIONAL_TEST_ONLY,
उदरज्वर,,,,,Bhavaprakasha Nighantu (legacy professor dataset; test use),BPN_0016,"दीपनी, वृष्या, रसायनी, वात-श्लेष्महर, रेचनी, श्वास-कास-उदरज्वरहर, कुष्ठ-प्रमेह-गुल्मार्शः प्लीह-शूल-आम-मारुतनाशक",Automatically extracted candidate; verify that this is a disease term and not an action/quality.,BAMS_REVIEW_REQUIRED,
उन्माद,Unmada,severe mental disturbance,psychosis-like disorder|mental disturbance,,Bhavaprakasha Nighantu (legacy professor dataset; test use),BPN_0049|BPN_0231|BPN_0624|BPN_0854,"वह्निदीप्तिकृत्, विबन्ध -अध्मान-शूलघ्नी, शकृन्मूत्रविशोधिनी, वात-व्याधी-अपस्मार-उन्माद-तनुवेदनव्यपोह, विशेष-फिरङ्गामयनाशिनी || रेचन, दीपन, शूला-आमा-अष्ठीलिका-आध्यानकफ-गुल्मोदरा-अनिलापह, उन्माद-मोह-कुष्ठा-आर्श-शोथ-मेदो-अश्म-पाण्डुता-व्रण-शोथ-ज्वर-प्लीह-विषदूषी-विषहर",Not a single psychiatric diagnosis,PROVISIONAL_TEST_ONLY,
ऊर्ध्वजत्रुविकार,,,,,Bhavaprakasha Nighantu (legacy professor dataset; test use),BPN_0899,"ऊर्ध्वजत्रुविकारघ्न, रुचिप्रद",Automatically extracted candidate; verify that this is a disease term and not an action/quality.,BAMS_REVIEW_REQUIRED,
कण्ठरोग,,,,,Bhavaprakasha Nighantu (legacy professor dataset; test use),BPN_0831,"रुच्य, पाचन, दोषत्रयहर, स्वर्य, ज्वर-श्वास-विनाशन, नासिका-कण्ठरोगघ्न, नयनामयनाशन",Automatically extracted candidate; verify that this is a disease term and not an action/quality.,BAMS_REVIEW_REQUIRED,
कण्ठादिदाह,,,,,Bhavaprakasha Nighantu (legacy professor dataset; test use),BPN_1100,"दन्त-रोम-हर्ष-कण्ठादिदाहकृत्, दीपन, रक्त-वात-पित्तकर",Automatically extracted candidate; verify that this is a disease term and not an action/quality.,BAMS_REVIEW_REQUIRED,
कण्ठोत्कर्षण,,,,,Bhavaprakasha Nighantu (legacy professor dataset; test use),BPN_0296,"हीनगुणा, तीव्रविरोचिनी, मूर्च्छा-दाह-मद-भ्रान्ति-कण्ठोत्कर्षणकारिणी",Automatically extracted candidate; verify that this is a disease term and not an action/quality.,BAMS_REVIEW_REQUIRED,
कण्डू,Kandu,itching,pruritus,,Bhavaprakasha Nighantu (legacy professor dataset; test use),BPN_0001|BPN_0085|BPN_0095|BPN_0137|BPN_0140|BPN_0148|BPN_0158|BPN_0165|BPN_0170|BPN_0179|BPN_0187|BPN_0188|BPN_0195|BPN_0196|BPN_0197|BPN_0198|BPN_0199|BPN_0236|BPN_0294|BPN_0307|BPN_0323|BPN_0326|BPN_0344|BPN_0398|BPN_0409|BPN_0410|BPN_0429|BPN_0431|BPN_0454|BPN_0608|BPN_0616|BPN_0618|BPN_0620|BPN_0623|BPN_0640|BPN_0643|BPN_0656|BPN_0740|BPN_0784,"दीपनी, मेध्या, रसायनी, चक्षुष्या, आयुष्या, बृंहणी, अनुलोमिनी,   श्वास, कास, प्रमेह, अर्श, कुष्ठ, शोथ, उदरक्रिमी  वैस्वर्य, ग्रहणीरोग, विबन्ध,विषमज्वर,  गुल्म, आध्मान, तृषा, छर्दि, हिक्का, कण्डू, हृदामय,  कामला, शूल, अनाह, प्लीह, यकृत्,  अश् || रेचनी, भेदिनी, उत्वलेशकारिणी, कृमि-कण्डू-विष-आनाह-कफ-पित्ता-आस्र-कुष्ठनुत्",Symptom/category,PROVISIONAL_TEST_ONLY,
कण्डूकुष्ठ,,,,,Bhavaprakasha Nighantu (legacy professor dataset; test use),BPN_0140,"वीर्यकृत्, कफवातकृत्, कण्डूकुष्ठहर, नेत्र्य, सुगन्ध, स्वेदगन्धनुत्",Automatically extracted candidate; verify that this is a disease term and not an action/quality.,BAMS_REVIEW_REQUIRED,
कफकास,,,,,Bhavaprakasha Nighantu (legacy professor dataset; test use),BPN_0117,"ग्राहि, वातकृत्, कफकासकृत्, धातुशोषक, मदकृत्, वाग्विवर्धन, मुहुर्मोहकर, रुच्य, सेवनपुंस्त्वनाशन",Automatically extracted candidate; verify that this is a disease term and not an action/quality.,BAMS_REVIEW_REQUIRED,
कफक्षय,,,,,Bhavaprakasha Nighantu (legacy professor dataset; test use),BPN_0137,"कफक्षयकर, कुष्ठ-कण्डू-वमिहर",Automatically extracted candidate; verify that this is a disease term and not an action/quality.,BAMS_REVIEW_REQUIRED,
कफपित्त,,,,,Bhavaprakasha Nighantu (legacy professor dataset; test use),BPN_0176|BPN_0179|BPN_0199,"पाचन, वान्तिहृत्, स्तम्भन, ज्वरनुद्, भ्रान्ति-मद-जित् कफपित्तहृत्, तृष्णाऽ-अस्र-विष-वीसर्प-कृच्छ्र-दाह-व्रणापह || हृद्य, कफपित्तहर, कण्डू-कुष्ठा-अश्मरी-दाह-विषहृद्, गुद-रक्तहृत्",Automatically extracted candidate; verify that this is a disease term and not an action/quality.,BAMS_REVIEW_REQUIRED,
कफमेद,,,,,Bhavaprakasha Nighantu (legacy professor dataset; test use),BPN_0933,"वृष्य, पुष्टिकर, कफमेदप्रद, बल्य, ग्लानिकृत्-मेहनाशन",Automatically extracted candidate; verify that this is a disease term and not an action/quality.,BAMS_REVIEW_REQUIRED,
कफवात,,,,,Bhavaprakasha Nighantu (legacy professor dataset; test use),BPN_0078|BPN_0140|BPN_1053|BPN_1057|BPN_1084,"आमपाचिनी, कफवातजित्, शोथ-श्वास-समीरा-अस्र-वात-शूलो-उदरापह, कास-ज्वर-विषा-अशीति-वातिकामय-सिध्महृत् || वीर्यकृत्, कफवातकृत्, कण्डूकुष्ठहर, नेत्र्य, सुगन्ध, स्वेदगन्धनुत्",Automatically extracted candidate; verify that this is a disease term and not an action/quality.,BAMS_REVIEW_REQUIRED,
कफवातामयध्वंसिच्छागमांसद्रवत्व,,,,,Bhavaprakasha Nighantu (legacy professor dataset; test use),BPN_0581,"भेदन, दीपन, हृद्रोग-शूल-गुल्मघ्न, पित्तल, लोमहर्षण, विण्मूत्रदोषघ्न, प्लीहोदावर्त्तनाशन, हिक्का-आनाह-अरुचि-श्वास-कासा-अजीर्ण-वमिप्रणुत्, कफवातामयध्वंसिच्छागमांसद्रवत्वकृत्, लोहसूचीद्रवत्वकृत्",Automatically extracted candidate; verify that this is a disease term and not an action/quality.,BAMS_REVIEW_REQUIRED,
कफवि,,,,,Bhavaprakasha Nighantu (legacy professor dataset; test use),BPN_0019,"मेदः-कफविनाशिनी, श्वास-कास-ज्वरहरी, वृष्या, मेध्या, अग्निवर्द्धिनी",Automatically extracted candidate; verify that this is a disease term and not an action/quality.,BAMS_REVIEW_REQUIRED,
कफशोथ,,,,,Bhavaprakasha Nighantu (legacy professor dataset; test use),BPN_0770,"सर, रुच्य, वातकृत्, कफशोथहृत्, बल्य, रुचिकर, मेध्य, रक्तपित्तहर",Automatically extracted candidate; verify that this is a disease term and not an action/quality.,BAMS_REVIEW_REQUIRED,
कफसमीर,,,,,Bhavaprakasha Nighantu (legacy professor dataset; test use),BPN_0082,"सरा, कफसमीरजित्, वामनी, वह्निबुद्धिस्मृतिप्रदा",Automatically extracted candidate; verify that this is a disease term and not an action/quality.,BAMS_REVIEW_REQUIRED,
कफामय,,,,,Bhavaprakasha Nighantu (legacy professor dataset; test use),BPN_0958,"रुच्या, मल-शुक्र-अनिलकरी, बल्या, कफामयहर",Automatically extracted candidate; verify that this is a disease term and not an action/quality.,BAMS_REVIEW_REQUIRED,
कान्तमय,,,,,Bhavaprakasha Nighantu (legacy professor dataset; test use),BPN_0614,"गुल्मोदरा-अर्शः-शूलाम-आमवात-भगन्दर, कामला-शोथ-कुष्ठ-क्षय-कान्तमयहर, प्लीहा-अम्लपित्त-यकृत्छिरोहर, सर्वरोगविजयी, बलवीर्यवपुःपुष्टिकर, अग्निविवर्धन",Automatically extracted candidate; verify that this is a disease term and not an action/quality.,BAMS_REVIEW_REQUIRED,
कान्ति,,,,,Bhavaprakasha Nighantu (legacy professor dataset; test use),BPN_0304,"रसायन, वृष्य, वाता-आम-वाता-अर्शः-शोथ-मेह-कफ-प्रणुत्, शुक्रा-आयु-र्बल-मेधा-अग्नि-स्वर-कान्तिकर, सर",Automatically extracted candidate; verify that this is a disease term and not an action/quality.,BAMS_REVIEW_REQUIRED,
कामला,Kamala,jaundice-like disorder,jaundice,,Bhavaprakasha Nighantu (legacy professor dataset; test use),BPN_0001|BPN_0201|BPN_0346|BPN_0416|BPN_0614|BPN_0635|BPN_0789,"दीपनी, मेध्या, रसायनी, चक्षुष्या, आयुष्या, बृंहणी, अनुलोमिनी,   श्वास, कास, प्रमेह, अर्श, कुष्ठ, शोथ, उदरक्रिमी  वैस्वर्य, ग्रहणीरोग, विबन्ध,विषमज्वर,  गुल्म, आध्मान, तृषा, छर्दि, हिक्का, कण्डू, हृदामय,  कामला, शूल, अनाह, प्लीह, यकृत्,  अश् || रसायनी, संग्राहिणी, बल्या-अग्निनदीपिनी, दोषत्रय-आम-तृड्दाह-मेह-कास-पाण्डु-कामला-कुष्ठ-वाता-अस्र-ज्वर-क्रिमि-वमी-हर",Classical category; etiology may differ,PROVISIONAL_TEST_ONLY,
कास,Kasa,cough,coughing disorder,,Bhavaprakasha Nighantu (legacy professor dataset; test use),BPN_0001|BPN_0014|BPN_0016|BPN_0019|BPN_0022|BPN_0026|BPN_0035|BPN_0038|BPN_0056|BPN_0070|BPN_0074|BPN_0075|BPN_0078|BPN_0081|BPN_0083|BPN_0086|BPN_0087|BPN_0093|BPN_0100|BPN_0103|BPN_0117|BPN_0148|BPN_0149|BPN_0162|BPN_0163|BPN_0164|BPN_0165|BPN_0166|BPN_0182|BPN_0183|BPN_0184|BPN_0191|BPN_0195|BPN_0201|BPN_0209|BPN_0211|BPN_0212|BPN_0214|BPN_0219|BPN_0221|BPN_0237|BPN_0239|BPN_0245|BPN_0284|BPN_0303|BPN_0320|BPN_0328|BPN_0344|BPN_0355|BPN_0372|BPN_0418|BPN_0429|BPN_0448|BPN_0456|BPN_0562|BPN_0571|BPN_0572|BPN_0573|BPN_0581|BPN_0601|BPN_0613|BPN_0645|BPN_0706|BPN_0734|BPN_0775|BPN_0784|BPN_0788|BPN_0790|BPN_0805|BPN_0810|BPN_0811|BPN_0823|BPN_0825|BPN_0839|BPN_0851|BPN_0869|BPN_0871|BPN_0893|BPN_0932|BPN_0957|BPN_0996|BPN_1075|BPN_1103,"दीपनी, मेध्या, रसायनी, चक्षुष्या, आयुष्या, बृंहणी, अनुलोमिनी,   श्वास, कास, प्रमेह, अर्श, कुष्ठ, शोथ, उदरक्रिमी  वैस्वर्य, ग्रहणीरोग, विबन्ध,विषमज्वर,  गुल्म, आध्मान, तृषा, छर्दि, हिक्का, कण्डू, हृदामय,  कामला, शूल, अनाह, प्लीह, यकृत्,  अश् || रुच्या, आम-वातघ्नी, पाचनी, कफ-वात-विबन्धनुत्, वृष्या, स्वर्य्या-वमि-श्वास-शूल-कास-हृदामय-श्लीपद-शोथार्श, आनाह -उदरमारुतहरा",Not every cough has the same doshic diagnosis,PROVISIONAL_TEST_ONLY,
किञ्चित्कफ,,,,,Bhavaprakasha Nighantu (legacy professor dataset; test use),BPN_0863,"बृंहण, बल्य, पित्तहृत्, वातहृत्, ग्राही, किञ्चित्कफकर",Automatically extracted candidate; verify that this is a disease term and not an action/quality.,BAMS_REVIEW_REQUIRED,
कुष्ठ,Kushtha,classical skin-disease group,skin disorder|dermatosis,,Bhavaprakasha Nighantu (legacy professor dataset; test use),BPN_0001|BPN_0013|BPN_0016|BPN_0026|BPN_0055|BPN_0056|BPN_0073|BPN_0074|BPN_0075|BPN_0076|BPN_0077|BPN_0083|BPN_0085|BPN_0091|BPN_0093|BPN_0096|BPN_0099|BPN_0101|BPN_0114|BPN_0137|BPN_0140|BPN_0152|BPN_0170|BPN_0178|BPN_0179|BPN_0182|BPN_0183|BPN_0189|BPN_0195|BPN_0196|BPN_0197|BPN_0198|BPN_0199|BPN_0201|BPN_0214|BPN_0231|BPN_0234|BPN_0236|BPN_0237|BPN_0239|BPN_0242|BPN_0245|BPN_0250|BPN_0252|BPN_0256|BPN_0264|BPN_0288|BPN_0289|BPN_0294|BPN_0300|BPN_0320|BPN_0323|BPN_0324|BPN_0325|BPN_0328|BPN_0337|BPN_0339|BPN_0343|BPN_0351|BPN_0358|BPN_0386|BPN_0389|BPN_0395|BPN_0398|BPN_0401|BPN_0408|BPN_0409|BPN_0416|BPN_0424|BPN_0426|BPN_0428|BPN_0429|BPN_0431|BPN_0433|BPN_0436|BPN_0439|BPN_0452|BPN_0455|BPN_0456|BPN_0457|BPN_0458|BPN_0480|BPN_0556|BPN_0601|BPN_0608|BPN_0614|BPN_0616|BPN_0618|BPN_0620|BPN_0623|BPN_0624|BPN_0632|BPN_0635|BPN_0640|BPN_0643|BPN_0662|BPN_0729|BPN_0740|BPN_0776|BPN_0779|BPN_0780|BPN_0784|BPN_0787|BPN_0789|BPN_0816|BPN_0823|BPN_0836|BPN_0839|BPN_0917|BPN_0937|BPN_1047|BPN_1079|BPN_1092,"दीपनी, मेध्या, रसायनी, चक्षुष्या, आयुष्या, बृंहणी, अनुलोमिनी,   श्वास, कास, प्रमेह, अर्श, कुष्ठ, शोथ, उदरक्रिमी  वैस्वर्य, ग्रहणीरोग, विबन्ध,विषमज्वर,  गुल्म, आध्मान, तृषा, छर्दि, हिक्का, कण्डू, हृदामय,  कामला, शूल, अनाह, प्लीह, यकृत्,  अश् || दीपनी, वृष्या, रसायनी, वात-श्लेष्महर, रेचनी, श्वास-कास-उदरज्वरहर, कुष्ठ-प्रमेह-गुल्मार्शः प्लीह-शूल-आम-मारुतनाशक",Must never be translated automatically as leprosy,PROVISIONAL_TEST_ONLY,
कुष्ठरोग,,,,,Bhavaprakasha Nighantu (legacy professor dataset; test use),BPN_0917,"श्लेष्मल, बल्य, निद्रालु, पिशिताशन, दूषयेद्रुधिर, पित्त-कुष्ठरोगकर",Automatically extracted candidate; verify that this is a disease term and not an action/quality.,BAMS_REVIEW_REQUIRED,
कुष्ठवातास्र,,,,,Bhavaprakasha Nighantu (legacy professor dataset; test use),BPN_0096,कन्द-कुष्ठवातास्रनाशन,Automatically extracted candidate; verify that this is a disease term and not an action/quality.,BAMS_REVIEW_REQUIRED,
कुष्ठादि,,,,,Bhavaprakasha Nighantu (legacy professor dataset; test use),BPN_1092,विवर्ण-विरस-आम्ल-दुर्गन्ध-अम्ललवणयुक्त-कुष्ठादिकृत्-वर्जन,Automatically extracted candidate; verify that this is a disease term and not an action/quality.,BAMS_REVIEW_REQUIRED,
कृच्छ्र,,,,,Bhavaprakasha Nighantu (legacy professor dataset; test use),BPN_0166,"कफ-श्वास-कासा-आर्शो-मूत्र-कृच्छ्रहृत्, वातहरी",Automatically extracted candidate; verify that this is a disease term and not an action/quality.,BAMS_REVIEW_REQUIRED,
कृमि,Krimi,worm / parasitic disorder,intestinal worms|parasitosis,,Bhavaprakasha Nighantu (legacy professor dataset; test use),BPN_0020|BPN_0023|BPN_0026|BPN_0029|BPN_0030|BPN_0038|BPN_0042|BPN_0053|BPN_0055|BPN_0072|BPN_0075|BPN_0079|BPN_0085|BPN_0093|BPN_0099|BPN_0100|BPN_0162|BPN_0163|BPN_0167|BPN_0212|BPN_0234|BPN_0236|BPN_0239|BPN_0243|BPN_0245|BPN_0250|BPN_0256|BPN_0266|BPN_0289|BPN_0294|BPN_0311|BPN_0320|BPN_0338|BPN_0340|BPN_0361|BPN_0385|BPN_0396|BPN_0410|BPN_0413|BPN_0429|BPN_0431|BPN_0451|BPN_0454|BPN_0456|BPN_0458|BPN_0575|BPN_0601|BPN_0622|BPN_0723|BPN_0810|BPN_0824|BPN_0838|BPN_1079,"दीपन, कफ-वातजित्, पित्तकर, श्वास-शूल-कृमिहर || दीपन, पाचन, पित्तकर, भेदि, कफ-वातो-दरापह, आनाह-प्लीह-गुल्मघ्न, कृमि-श्वास-क्षयापह",May include broader classical concepts,PROVISIONAL_TEST_ONLY,
कृमिसमूह,,,,,Bhavaprakasha Nighantu (legacy professor dataset; test use),BPN_0575,"कृमिसमूहनाशन –उदरग्रहापह, वात-पित्त-कफ-शूलिहित, कष्टनष्टरुचिरोचन, त्रिदोष-वह्निक्षय-वातरोग-पीडित -विशविह्वल - मन्दानल-बद्धगदप्रदान",Automatically extracted candidate; verify that this is a disease term and not an action/quality.,BAMS_REVIEW_REQUIRED,
कृमी,,,,,Bhavaprakasha Nighantu (legacy professor dataset; test use),BPN_0101,"पित्ता-अनिलापह, हृद्य, कफ-श्वास-कुष्ठ-दद्रु-कृमीहर",Automatically extracted candidate; verify that this is a disease term and not an action/quality.,BAMS_REVIEW_REQUIRED,
केवलवात,,,,,Bhavaprakasha Nighantu (legacy professor dataset; test use),BPN_0109,"कफकृत्, नातिपित्तल, केवलवातहर, बलवीर्यकर",Automatically extracted candidate; verify that this is a disease term and not an action/quality.,BAMS_REVIEW_REQUIRED,
कोष्ठशुद्धि,,,,,Bhavaprakasha Nighantu (legacy professor dataset; test use),BPN_0073|BPN_0500|BPN_1008,"ज्वर-हृद्रोग-पित्त-अस्र-वातोदावर्त्त-शूलनुत्, रुच्य, कुष्ठ-पित्त-कफापह, कोष्ठशुद्धिकर, स्रंसन || मूत्रल, बल्य, कोष्ठशुद्धिकर, स्वादुतर, वृष्य, पित्ता-अनिलापह",Automatically extracted candidate; verify that this is a disease term and not an action/quality.,BAMS_REVIEW_REQUIRED,
क्रिमि,,,,,Bhavaprakasha Nighantu (legacy professor dataset; test use),BPN_0025|BPN_0035|BPN_0074|BPN_0343|BPN_0734|BPN_0740,"वात-श्लेष्मह, द्वह्निवर्धिनी, अतीसार-श्वास-कण्ठामय-क्रिमिहन्त्री || अवृष्य, मूत्रल, दीपन, पाचन, ज्वरघ्न, रोचक, ग्राहि, त्रिदोषनुत्, तृष्णा-दाह-वमि-श्वास-कास-कार्श्य-क्रिमिप्रणुत्",Automatically extracted candidate; verify that this is a disease term and not an action/quality.,BAMS_REVIEW_REQUIRED,
क्रिमी,,,,,Bhavaprakasha Nighantu (legacy professor dataset; test use),BPN_0103|BPN_0114|BPN_0182|BPN_0195|BPN_0394|BPN_0436|BPN_0441|BPN_0452|BPN_0573|BPN_0624|BPN_0811,"पाचनी, दीपनी, कफ-पित्ता-अतिसारा-आम-विष-कास-वमि-क्रिमीहर || वह्निकर, कफ-वात-व्रणो-उदरकुष्ठा-आर्शग्रहणी-गुल्म-शोफा-आनाह-ज्वर-क्रिमीहर",Automatically extracted candidate; verify that this is a disease term and not an action/quality.,BAMS_REVIEW_REQUIRED,
क्रिमीह,,,,,Bhavaprakasha Nighantu (legacy professor dataset; test use),BPN_0326,"कफ-पित्तजित्, ज्वर-पित्ता-अस्र-व्रण-कण्डू-विष-क्रिमीहनाशन",Automatically extracted candidate; verify that this is a disease term and not an action/quality.,BAMS_REVIEW_REQUIRED,
क्लम,,,,,Bhavaprakasha Nighantu (legacy professor dataset; test use),BPN_1025|BPN_1113,"श्रमनाशन, क्लमहर, मूर्च्छा-पिपासापहं, तन्द्रा-च्छर्दि-विबन्ध-हृद्बलकर, निद्राहर, तर्पण, हृद्य, गुप्तरस, अजीर्णशमक, नित्यहित,  स्वच्छ, पीयूषवज्जीवन, रसकारण || क्लमहर, बल्य, भक्ताभिलाषकृत्, स्रोतोविशोधन, ह्लादि, कफ-तृष्णा-अनिलापह, अवृष्य, प्रीणन, शीघ्र-मलसञ्चयापह",Automatically extracted candidate; verify that this is a disease term and not an action/quality.,BAMS_REVIEW_REQUIRED,
क्लेद,,,,,Bhavaprakasha Nighantu (legacy professor dataset; test use),BPN_0755,"लोहित, श्लेष्म-पित्तजित्, अवृष्य, क्लेदकृत्",Automatically extracted candidate; verify that this is a disease term and not an action/quality.,BAMS_REVIEW_REQUIRED,
क्षतक्षय,,,,,Bhavaprakasha Nighantu (legacy professor dataset; test use),BPN_0562,"रुचिकर, हृद्य, क्षतक्षयहर, तर्पण, रक्त-पित्तघ्न, पुष्टि-विष्टम्भ-शुक्रद, कोष्ठ-मारुत-हृत्, बल्य, वान्ति-वात-कफा-पह, ज्वरा-अतिसार-क्षुत्तृष्णा-कास-श्वास-निवारक, मद-मूर्च्छा-मरुत्-पित्त-मद्यो-द्भूतगदान्तकृत्",Automatically extracted candidate; verify that this is a disease term and not an action/quality.,BAMS_REVIEW_REQUIRED,
क्षतशोथ,,,,,Bhavaprakasha Nighantu (legacy professor dataset; test use),BPN_0223,"शुक्रला, चक्षुष्या, क्षतशोथघ्नी, ग्राहिणी, ज्वरदाहनुत्, दोषत्रयहरी, ग्रहणी, अर्शो-अतिसारजित्",Automatically extracted candidate; verify that this is a disease term and not an action/quality.,BAMS_REVIEW_REQUIRED,
क्षय,Kshaya,wasting / depletion disorder,consumption|tissue depletion,,Bhavaprakasha Nighantu (legacy professor dataset; test use),BPN_0023|BPN_0056|BPN_0060|BPN_0070|BPN_0071|BPN_0086|BPN_0137|BPN_0164|BPN_0191|BPN_0237|BPN_0245|BPN_0280|BPN_0293|BPN_0427|BPN_0540|BPN_0562|BPN_0572|BPN_0575|BPN_0601|BPN_0614|BPN_0618|BPN_0624|BPN_0660|BPN_0795|BPN_0816|BPN_0869|BPN_0885|BPN_0929|BPN_0989|BPN_1075|BPN_1103,"बृंहणी, वृष्या, बल्या, तृष्णा-कास-ज्वर-श्वास-क्षय-पित्तास्र-कामल-कुष्ठ-व्रण-पाण्डु-वातकृच्छ्रजित् || कफ-वात-क्षय-ज्वर-श्वासो-उर्ध्व-वात-तृट्कास-हिक्काऽ-अरुचि-र्वमीन्हर",Context dependent,PROVISIONAL_TEST_ONLY,
क्षिरोग,,,,,Bhavaprakasha Nighantu (legacy professor dataset; test use),BPN_0146,"पित्तल, कर्णा-क्षिरोगघ्न, शीत-वात-कफ-प्रणुत्",Automatically extracted candidate; verify that this is a disease term and not an action/quality.,BAMS_REVIEW_REQUIRED,
क्षीण,,,,,Bhavaprakasha Nighantu (legacy professor dataset; test use),BPN_0854,शोष-भस्मक-उन्माद-शुक्र-क्षीणकर,Automatically extracted candidate; verify that this is a disease term and not an action/quality.,BAMS_REVIEW_REQUIRED,
क्षुधाधिक्य,,,,,Bhavaprakasha Nighantu (legacy professor dataset; test use),BPN_1074,"शुक्रकर, निद्राकर, अभिष्यन्दि, क्षुधाधिक्यहर",Automatically extracted candidate; verify that this is a disease term and not an action/quality.,BAMS_REVIEW_REQUIRED,
गर्भ,,,,,Bhavaprakasha Nighantu (legacy professor dataset; test use),BPN_0343,"वातला, गर्भकारिणी, क्षीरा, सृष्टमूत्रा, मलापहा, स्वादु-विष्टम्भिनी, वृष्या, कफ-कुष्ठ-क्रिमिप्रणुत्",Automatically extracted candidate; verify that this is a disease term and not an action/quality.,BAMS_REVIEW_REQUIRED,
गर्भस्रावक्षतासु,,,,,Bhavaprakasha Nighantu (legacy professor dataset; test use),BPN_0173,"वश्या, मङ्गलकान्तिदा, विषा-अलक्ष्मी-ग्रहोन्माद-गर्भस्रावक्षतासुहृत्",Automatically extracted candidate; verify that this is a disease term and not an action/quality.,BAMS_REVIEW_REQUIRED,
गर्भाशयविशुद्धि,,,,,Bhavaprakasha Nighantu (legacy professor dataset; test use),BPN_0032|BPN_0662,"दीपन, संग्राही, पित्तल, मेध्य, गर्भाशयविशुद्धिकृत्, ज्वरघ्न, पाचन, वृष्य, बल्य, रुच्य, कफापह, चक्षुष्य, पवन-अध्मान-गुल्म-च्छर्द्य-तिसारहृत् || रक्तहर, मेध्य, दीपनपाचन, दाह-स्वेद-त्रिदोषजित्, ज्वरा-अपस्मार-कुष्ठघ्न, गर्भाशयविशुद्धिकृत्",Automatically extracted candidate; verify that this is a disease term and not an action/quality.,BAMS_REVIEW_REQUIRED,
गलघण्ड,Galaganda,goiter / neck swelling,goitre|neck swelling,,Bhavaprakasha Nighantu (legacy professor dataset; test use),,,Not every neck swelling is thyroid disease,PROVISIONAL_TEST_ONLY,
गुदजरोग,,,,,Bhavaprakasha Nighantu (legacy professor dataset; test use),BPN_0441,"दीपन, वृष्य, सर, व्रण-गुल्मजित्, भग्नसंधानकृत्, दोष-ग्रहणि-अर्शः-क्रिमीहर, गुदजरोगजित्",Automatically extracted candidate; verify that this is a disease term and not an action/quality.,BAMS_REVIEW_REQUIRED,
गुल्म,Gulma,abdominal mass/distension syndrome,abdominal lump|abdominal distension,,Bhavaprakasha Nighantu (legacy professor dataset; test use),BPN_0001|BPN_0016|BPN_0022|BPN_0023|BPN_0029|BPN_0032|BPN_0042|BPN_0051|BPN_0072|BPN_0077|BPN_0089|BPN_0114|BPN_0128|BPN_0129|BPN_0135|BPN_0182|BPN_0191|BPN_0231|BPN_0242|BPN_0246|BPN_0294|BPN_0300|BPN_0303|BPN_0313|BPN_0322|BPN_0335|BPN_0351|BPN_0441|BPN_0446|BPN_0451|BPN_0454|BPN_0457|BPN_0569|BPN_0581|BPN_0608|BPN_0614|BPN_0775|BPN_0785|BPN_0816|BPN_0824|BPN_0838,"दीपनी, मेध्या, रसायनी, चक्षुष्या, आयुष्या, बृंहणी, अनुलोमिनी,   श्वास, कास, प्रमेह, अर्श, कुष्ठ, शोथ, उदरक्रिमी  वैस्वर्य, ग्रहणीरोग, विबन्ध,विषमज्वर,  गुल्म, आध्मान, तृषा, छर्दि, हिक्का, कण्डू, हृदामय,  कामला, शूल, अनाह, प्लीह, यकृत्,  अश् || त्र्यूषणं, दीपन, श्वास-कास-त्वगामयहर, गुल्म-मेह-कफ-स्थौल्य-मेदः-श्लीपद-पीनसहर",Not automatically a tumor,PROVISIONAL_TEST_ONLY,
गुल्मशूल,,,,,Bhavaprakasha Nighantu (legacy professor dataset; test use),BPN_0129,"अल्पगुणा, गुल्मशूलहृत्",Automatically extracted candidate; verify that this is a disease term and not an action/quality.,BAMS_REVIEW_REQUIRED,
गुल्मोउदर,,,,,Bhavaprakasha Nighantu (legacy professor dataset; test use),BPN_0351,"कुष्ठहरी, ऊर्ध्वाधःकायशोधिनी, विष-दुर्गन्धकाघ्नी, गुल्मोउदरविनाशिनी",Automatically extracted candidate; verify that this is a disease term and not an action/quality.,BAMS_REVIEW_REQUIRED,
ग्रह,,,,,Bhavaprakasha Nighantu (legacy professor dataset; test use),BPN_0434,"त्रिदोषघ्न, ग्रहजित्, गर्भपातन",Automatically extracted candidate; verify that this is a disease term and not an action/quality.,BAMS_REVIEW_REQUIRED,
ग्रहणी,Grahani,Grahani disorder / malabsorption syndrome,chronic bowel dysfunction,,Bhavaprakasha Nighantu (legacy professor dataset; test use),BPN_0001|BPN_0026|BPN_0051|BPN_0114|BPN_0128|BPN_0223|BPN_0613|BPN_0776|BPN_0833|BPN_0838|BPN_0887,"वह्निकृत्, पाचन, ग्रहणी-कुष्ठ-शोथ-आर्श-कृमि-कासनुत्, वात-श्लेष्महरी, ग्राही, वातघ्न, श्लेष्म-पित्तहृत् || दीपनी, पित्त -उदर-समीर-आर्शो-ग्रहणी-गुल्म-शूलहृत्",Not identical to IBS,PROVISIONAL_TEST_ONLY,
ग्लानि,,,,,Bhavaprakasha Nighantu (legacy professor dataset; test use),BPN_0933,"वृष्य, पुष्टिकर, कफमेदप्रद, बल्य, ग्लानिकृत्-मेहनाशन",Automatically extracted candidate; verify that this is a disease term and not an action/quality.,BAMS_REVIEW_REQUIRED,
चक्षुःशूलाभिघात,,,,,Bhavaprakasha Nighantu (legacy professor dataset; test use),BPN_1081,"दीपन, वात-पित्तजित्, चक्षुःशूलाभिघातघ्न, नस्य-अश्च्योतनवर",Automatically extracted candidate; verify that this is a disease term and not an action/quality.,BAMS_REVIEW_REQUIRED,
चाश्मरी,,,,,Bhavaprakasha Nighantu (legacy professor dataset; test use),BPN_0219,"बलकृत्, बस्तिशोधन, दीपन, वृष्य, पुष्टिद, चाश्मरीहर, प्रमेह-श्वास-कासा-आर्श-कृच्छ्र-हृद्रोग-वातनुत्",Automatically extracted candidate; verify that this is a disease term and not an action/quality.,BAMS_REVIEW_REQUIRED,
च्चातुर्थिक,,,,,Bhavaprakasha Nighantu (legacy professor dataset; test use),BPN_0406,"पित्त-कफ-च्चातुर्थिकहर, वातकर, प्रतिश्यायनिवारण",Automatically extracted candidate; verify that this is a disease term and not an action/quality.,BAMS_REVIEW_REQUIRED,
छर्दि,Chardi,vomiting,emesis,,Bhavaprakasha Nighantu (legacy professor dataset; test use),BPN_0001|BPN_0030|BPN_0071|BPN_0138|BPN_0144|BPN_0164|BPN_0170|BPN_0195|BPN_0206|BPN_0212|BPN_0237|BPN_0239|BPN_0242|BPN_0294|BPN_0307|BPN_0324|BPN_0474|BPN_0475|BPN_0573|BPN_0576|BPN_0613|BPN_0650|BPN_1003|BPN_1016|BPN_1017|BPN_1025,"दीपनी, मेध्या, रसायनी, चक्षुष्या, आयुष्या, बृंहणी, अनुलोमिनी,   श्वास, कास, प्रमेह, अर्श, कुष्ठ, शोथ, उदरक्रिमी  वैस्वर्य, ग्रहणीरोग, विबन्ध,विषमज्वर,  गुल्म, आध्मान, तृषा, छर्दि, हिक्का, कण्डू, हृदामय,  कामला, शूल, अनाह, प्लीह, यकृत्,  अश् || छर्दि-तृष्णा-अस्र-पित्तहृत्, नेत्रहित, वृष्य, ज्वर-व्रण-विषापह",Symptom/category,PROVISIONAL_TEST_ONLY,
जन्तु,,,,,Bhavaprakasha Nighantu (legacy professor dataset; test use),BPN_0180|BPN_0189|BPN_0346|BPN_0457,"ग्राहि, दीपनपाचन, कफ-पित्ता-अस्र-तृड्ज्वरा-अरुचि-जन्तुहृत् || त्रिदोषनुत्, मेधा-शुक्रकर, रुच्य, रक्षोघ्न, ज्वर-जन्तुजित्, कुष्ठा-आस्र-तृड्-दाह-दौर्गन्ध्य-तिलकालकह",Automatically extracted candidate; verify that this is a disease term and not an action/quality.,BAMS_REVIEW_REQUIRED,
जलनिर्मलता,,,,,Bhavaprakasha Nighantu (legacy professor dataset; test use),BPN_0558,"नेत्र्य, जलनिर्मलताकर, वात-श्लेष्महर",Automatically extracted candidate; verify that this is a disease term and not an action/quality.,BAMS_REVIEW_REQUIRED,
जिह्वाकुण्ठत्व,,,,,Bhavaprakasha Nighantu (legacy professor dataset; test use),BPN_1009,"जिह्वाकुण्ठत्वहर, कण्ठशोधिनी, रोचनी, वह्निबोधिनी",Automatically extracted candidate; verify that this is a disease term and not an action/quality.,BAMS_REVIEW_REQUIRED,
ज्वर,Jvara,fever,pyrexia|febrile illness,,Bhavaprakasha Nighantu (legacy professor dataset; test use),BPN_0001|BPN_0013|BPN_0016|BPN_0019|BPN_0032|BPN_0035|BPN_0037|BPN_0056|BPN_0063|BPN_0066|BPN_0073|BPN_0074|BPN_0075|BPN_0076|BPN_0078|BPN_0079|BPN_0084|BPN_0086|BPN_0087|BPN_0093|BPN_0099|BPN_0104|BPN_0114|BPN_0144|BPN_0148|BPN_0159|BPN_0160|BPN_0170|BPN_0176|BPN_0180|BPN_0183|BPN_0189|BPN_0197|BPN_0199|BPN_0201|BPN_0204|BPN_0212|BPN_0213|BPN_0214|BPN_0220|BPN_0221|BPN_0223|BPN_0224|BPN_0231|BPN_0236|BPN_0237|BPN_0238|BPN_0239|BPN_0250|BPN_0284|BPN_0288|BPN_0294|BPN_0295|BPN_0303|BPN_0313|BPN_0322|BPN_0323|BPN_0324|BPN_0326|BPN_0355|BPN_0359|BPN_0376|BPN_0377|BPN_0429|BPN_0531|BPN_0562|BPN_0601|BPN_0635|BPN_0662|BPN_0706|BPN_0710|BPN_0711|BPN_0719|BPN_0723|BPN_0724|BPN_0726|BPN_0734|BPN_0780|BPN_0786|BPN_0787|BPN_0788|BPN_0789|BPN_0805|BPN_0810|BPN_0811|BPN_0817|BPN_0823|BPN_0825|BPN_0831|BPN_0838|BPN_0839|BPN_0862|BPN_0865|BPN_0869|BPN_0873|BPN_0885|BPN_0894|BPN_0989|BPN_0999|BPN_1003|BPN_1075|BPN_1090|BPN_1091|BPN_1093,"कफ-पित्तघ्नी, मेह-कुष्ठहरा, सरा, चक्षुष्या, दीपनी, रुच्या, विषम-ज्वरनाशिनी || मेदः-कफविनाशिनी, श्वास-कास-ज्वरहरी, वृष्या, मेध्या, अग्निवर्द्धिनी",Broad classical fever category,PROVISIONAL_TEST_ONLY,
ज्वरप्र,,,,,Bhavaprakasha Nighantu (legacy professor dataset; test use),BPN_0862,"पित्ता-असृक्-कफ-वातहृत्, संग्राही, रोचन, बल्य, ज्वरप्रशमन",Automatically extracted candidate; verify that this is a disease term and not an action/quality.,BAMS_REVIEW_REQUIRED,
ज्वरान्त,,,,,Bhavaprakasha Nighantu (legacy professor dataset; test use),BPN_0805,"हृद्या, पित्त-कास-विषापहा, वात-पित्त-ज्वरान्तकृत्",Automatically extracted candidate; verify that this is a disease term and not an action/quality.,BAMS_REVIEW_REQUIRED,
तनुपुष्टि,,,,,Bhavaprakasha Nighantu (legacy professor dataset; test use),BPN_0596,"तापकर, विध्वंसक, शुक्रनाश, वीर्यबलह, तनुपुष्टिहर, महागदापोषक",Automatically extracted candidate; verify that this is a disease term and not an action/quality.,BAMS_REVIEW_REQUIRED,
ताप,,,,,Bhavaprakasha Nighantu (legacy professor dataset; test use),BPN_0596,"तापकर, विध्वंसक, शुक्रनाश, वीर्यबलह, तनुपुष्टिहर, महागदापोषक",Automatically extracted candidate; verify that this is a disease term and not an action/quality.,BAMS_REVIEW_REQUIRED,
तिसार,,,,,Bhavaprakasha Nighantu (legacy professor dataset; test use),BPN_0032,"दीपन, संग्राही, पित्तल, मेध्य, गर्भाशयविशुद्धिकृत्, ज्वरघ्न, पाचन, वृष्य, बल्य, रुच्य, कफापह, चक्षुष्य, पवन-अध्मान-गुल्म-च्छर्द्य-तिसारहृत्",Automatically extracted candidate; verify that this is a disease term and not an action/quality.,BAMS_REVIEW_REQUIRED,
तृट्,,,,,Bhavaprakasha Nighantu (legacy professor dataset; test use),BPN_0368,"दाह-तृट्प्रणुत्, मूत्र-कृच्छ्र-गुदव्याधि-रक्त-पित्तविनाशिनी",Automatically extracted candidate; verify that this is a disease term and not an action/quality.,BAMS_REVIEW_REQUIRED,
तृडर्त्ति,,,,,Bhavaprakasha Nighantu (legacy professor dataset; test use),BPN_0237,"वातकृत्, स्वर्य, कफ-पित्ता-अस्रनाशन, हृद्य, तृडर्त्तिहृत्, श्वास-कास-ज्वर-च्छर्दि-मेह-कुष्ठ-क्षया-पह",Automatically extracted candidate; verify that this is a disease term and not an action/quality.,BAMS_REVIEW_REQUIRED,
तृप्ति,,,,,Bhavaprakasha Nighantu (legacy professor dataset; test use),BPN_0763,"श्लेष्मला, वातपित्तनुत्, अकण्ठ्या, पिच्छिला, निद्राशुक्रदा, रक्तपित्तजित्, बलदा, रुचिकृत्, पथ्या, बृंहणी, तृप्तिकारिणी",Automatically extracted candidate; verify that this is a disease term and not an action/quality.,BAMS_REVIEW_REQUIRED,
तृषा,,,,,Bhavaprakasha Nighantu (legacy professor dataset; test use),BPN_0152|BPN_0206,"वातल, वीसर्प-दाह-विस्फोट-कुष्ठ-श्लेष्मा-अस्र-पित्तनुत्, गर्भसंस्थापन, रुच्य, वमि-व्रण-तृषाप्रणुत् || दोषत्रयापहा, अरुचि-श्वास-शोथा-अस्र-च्छर्दि-हिक्का-तृषाहरी",Automatically extracted candidate; verify that this is a disease term and not an action/quality.,BAMS_REVIEW_REQUIRED,
तृष्णा,Trishna,excessive thirst,thirst|polydipsia,,Bhavaprakasha Nighantu (legacy professor dataset; test use),BPN_0035|BPN_0056|BPN_0071|BPN_0090|BPN_0135|BPN_0136|BPN_0139|BPN_0144|BPN_0163|BPN_0164|BPN_0176|BPN_0199|BPN_0204|BPN_0238|BPN_0252|BPN_0279|BPN_0283|BPN_0286|BPN_0288|BPN_0310|BPN_0323|BPN_0357|BPN_0363|BPN_0369|BPN_0405|BPN_0540|BPN_0562|BPN_0571|BPN_0573|BPN_0786|BPN_0806|BPN_1028|BPN_1042|BPN_1050|BPN_1107|BPN_1113,"अवृष्य, मूत्रल, दीपन, पाचन, ज्वरघ्न, रोचक, ग्राहि, त्रिदोषनुत्, तृष्णा-दाह-वमि-श्वास-कास-कार्श्य-क्रिमिप्रणुत् || बृंहणी, वृष्या, बल्या, तृष्णा-कास-ज्वर-श्वास-क्षय-पित्तास्र-कामल-कुष्ठ-व्रण-पाण्डु-वातकृच्छ्रजित्",Symptom/category,PROVISIONAL_TEST_ONLY,
त्रिदोष,,,,,Bhavaprakasha Nighantu (legacy professor dataset; test use),BPN_0012|BPN_0069|BPN_0076|BPN_0120|BPN_0213|BPN_0221|BPN_0283|BPN_0324|BPN_0330|BPN_0388|BPN_0409|BPN_0434|BPN_0569|BPN_0632|BPN_0662|BPN_0706|BPN_0710|BPN_0711|BPN_0781|BPN_0792|BPN_0877|BPN_0982|BPN_1028|BPN_1059|BPN_1083|BPN_1091,"रक्त-पित्त-प्रमेहघ्न, वृष्य, रसायन, वातह, त्रिदोषजित् || बल्या, त्रिदोषघ्नी, शुक्ला, प्राणैश्वर्यकरी, मूर्च्छा-रक्त-पित्त-विनाशिनी",Automatically extracted candidate; verify that this is a disease term and not an action/quality.,BAMS_REVIEW_REQUIRED,
त्रिदोषा,,,,,Bhavaprakasha Nighantu (legacy professor dataset; test use),BPN_0270,"शिरःपीडाहर, त्रिदोषाहर, दुग्धदा",Automatically extracted candidate; verify that this is a disease term and not an action/quality.,BAMS_REVIEW_REQUIRED,
त्रीदोष,,,,,Bhavaprakasha Nighantu (legacy professor dataset; test use),BPN_0568,"वृष्य, त्रीदोषहृत्",Automatically extracted candidate; verify that this is a disease term and not an action/quality.,BAMS_REVIEW_REQUIRED,
त्वगामय,,,,,Bhavaprakasha Nighantu (legacy professor dataset; test use),BPN_0022|BPN_0286|BPN_0313,"त्र्यूषणं, दीपन, श्वास-कास-त्वगामयहर, गुल्म-मेह-कफ-स्थौल्य-मेदः-श्लीपद-पीनसहर || कफ-पित्ता-अस्र-वीसर्प-तृष्णा-दाह-त्वगामयहर",Automatically extracted candidate; verify that this is a disease term and not an action/quality.,BAMS_REVIEW_REQUIRED,
दाह,Daha,burning sensation,burning,,Bhavaprakasha Nighantu (legacy professor dataset; test use),BPN_0030|BPN_0035|BPN_0055|BPN_0060|BPN_0066|BPN_0074|BPN_0075|BPN_0136|BPN_0145|BPN_0149|BPN_0152|BPN_0176|BPN_0178|BPN_0179|BPN_0187|BPN_0189|BPN_0194|BPN_0197|BPN_0201|BPN_0204|BPN_0213|BPN_0223|BPN_0238|BPN_0246|BPN_0263|BPN_0276|BPN_0278|BPN_0279|BPN_0280|BPN_0282|BPN_0285|BPN_0286|BPN_0287|BPN_0288|BPN_0290|BPN_0294|BPN_0296|BPN_0329|BPN_0354|BPN_0363|BPN_0368|BPN_0370|BPN_0371|BPN_0377|BPN_0386|BPN_0394|BPN_0396|BPN_0401|BPN_0410|BPN_0411|BPN_0417|BPN_0423|BPN_0426|BPN_0438|BPN_0445|BPN_0458|BPN_0475|BPN_0483|BPN_0493|BPN_0524|BPN_0542|BPN_0544|BPN_0564|BPN_0602|BPN_0658|BPN_0659|BPN_0662|BPN_0706|BPN_0722|BPN_0734|BPN_0780|BPN_0786|BPN_0789|BPN_0834|BPN_0969|BPN_1003|BPN_1011|BPN_1013|BPN_1017|BPN_1028|BPN_1042|BPN_1048|BPN_1096|BPN_1100|BPN_1107,"अवृष्य, मूत्रल, दीपन, पाचन, ज्वरघ्न, रोचक, ग्राहि, त्रिदोषनुत्, तृष्णा-दाह-वमि-श्वास-कास-कार्श्य-क्रिमिप्रणुत् || बल्य, शुक्रकफप्रद, पित्त-दाह-अस्र-कार्श्य-वात-क्षयापह",Site must be specified,PROVISIONAL_TEST_ONLY,
दाहविस्फोट,,,,,Bhavaprakasha Nighantu (legacy professor dataset; test use),BPN_0438,दाहविस्फोटहृत्,Automatically extracted candidate; verify that this is a disease term and not an action/quality.,BAMS_REVIEW_REQUIRED,
दुर्गन्धका,,,,,Bhavaprakasha Nighantu (legacy professor dataset; test use),BPN_0351,"कुष्ठहरी, ऊर्ध्वाधःकायशोधिनी, विष-दुर्गन्धकाघ्नी, गुल्मोउदरविनाशिनी",Automatically extracted candidate; verify that this is a disease term and not an action/quality.,BAMS_REVIEW_REQUIRED,
दुर्नाम,,,,,Bhavaprakasha Nighantu (legacy professor dataset; test use),BPN_0311,"वात-श्लेष्महर, अस्थियुक्, सर, कृमिघ्न, दुर्नामघ्न, अक्षिरो-गजित्, वृष्य, पाचन, पित्तल",Automatically extracted candidate; verify that this is a disease term and not an action/quality.,BAMS_REVIEW_REQUIRED,
दृक्छुक्रवात,,,,,Bhavaprakasha Nighantu (legacy professor dataset; test use),BPN_0739,"दृक्छुक्रवातघ्नी, कफ-पित्त-विनाशिनी",Automatically extracted candidate; verify that this is a disease term and not an action/quality.,BAMS_REVIEW_REQUIRED,
दृढता,,,,,Bhavaprakasha Nighantu (legacy professor dataset; test use),BPN_0986,"बल-मेधा-अग्नि-मांस-ओजः-शुक्रवृद्धिकृत्, तर्पण, रोचन, दृढताकर",Automatically extracted candidate; verify that this is a disease term and not an action/quality.,BAMS_REVIEW_REQUIRED,
दृन्तशोथ,,,,,Bhavaprakasha Nighantu (legacy professor dataset; test use),BPN_0791,"रुच्य, दुर्जर, कफ-वातकृत्, विष्टम्भजनक, पित्तनुत्, दृन्तशोथहृत्",Automatically extracted candidate; verify that this is a disease term and not an action/quality.,BAMS_REVIEW_REQUIRED,
दृष्टि,,,,,Bhavaprakasha Nighantu (legacy professor dataset; test use),BPN_0461,"अतीसारक-कफ-पित्त-प्रमेह-नुत्, असृग्-दृष्टिहर, रुचिकृत्, ग्राहि, वातल",Automatically extracted candidate; verify that this is a disease term and not an action/quality.,BAMS_REVIEW_REQUIRED,
दृष्टिबल,,,,,Bhavaprakasha Nighantu (legacy professor dataset; test use),BPN_0632,"त्रिदोषघ्न, रसायन, योगवाही, महावृष्य, सदा-दृष्टिबलप्रद, सर्वामयहर, विशेषात्सर्वकुष्ठनुत्",Automatically extracted candidate; verify that this is a disease term and not an action/quality.,BAMS_REVIEW_REQUIRED,
दोष,,,,,Bhavaprakasha Nighantu (legacy professor dataset; test use),BPN_0784|BPN_1061,"दोषघ्न, वात-कफापह, कण्डू-कास-क्रिमि-श्वास-दद्रु-कुष्ठप्रणुत् || अभिष्यन्दि, दोषकृत्",Automatically extracted candidate; verify that this is a disease term and not an action/quality.,BAMS_REVIEW_REQUIRED,
दोषत्रय,,,,,Bhavaprakasha Nighantu (legacy professor dataset; test use),BPN_0212|BPN_0223|BPN_0279|BPN_0376|BPN_0531|BPN_0789|BPN_0831|BPN_0832|BPN_0931|BPN_1042,"छर्दि-ज्वर-श्वासा-अतिसार-जित्, शोष-दोषत्रयहरी, बृंहणी, रसायनी, विषहरी, क्षतकास-कृमिप्रणुत् || शुक्रला, चक्षुष्या, क्षतशोथघ्नी, ग्राहिणी, ज्वरदाहनुत्, दोषत्रयहरी, ग्रहणी, अर्शो-अतिसारजित्",Automatically extracted candidate; verify that this is a disease term and not an action/quality.,BAMS_REVIEW_REQUIRED,
दोषत्रयविदाह,,,,,Bhavaprakasha Nighantu (legacy professor dataset; test use),BPN_1096,"घन, सृष्टविण्मूत्र, दोषत्रयविदाहकृत्, मन्द, अव्यक्तरस",Automatically extracted candidate; verify that this is a disease term and not an action/quality.,BAMS_REVIEW_REQUIRED,
दोषत्रयास्र,,,,,Bhavaprakasha Nighantu (legacy professor dataset; test use),BPN_0194,"दोषत्रयास्रजित्, त्वगामय-स्वेद-कृच्छ्र-दाह-पित्ता-अस्ररोगनुत्",Automatically extracted candidate; verify that this is a disease term and not an action/quality.,BAMS_REVIEW_REQUIRED,
दौर्गन्ध्य,,,,,Bhavaprakasha Nighantu (legacy professor dataset; test use),BPN_0136|BPN_0188,"वृष्य, चक्षुष्य, लेखन, सुरभि, कफ-पित्त-विषापह, दाह-तृष्णाऽ-आस्यवैरस्य-मेदो-दौर्गन्ध्यनाशन || दीपन, कफ-वात-विष-श्वास-कण्डू-दौर्गन्ध्यनाशन",Automatically extracted candidate; verify that this is a disease term and not an action/quality.,BAMS_REVIEW_REQUIRED,
द्भूतगदान्त,,,,,Bhavaprakasha Nighantu (legacy professor dataset; test use),BPN_0562,"रुचिकर, हृद्य, क्षतक्षयहर, तर्पण, रक्त-पित्तघ्न, पुष्टि-विष्टम्भ-शुक्रद, कोष्ठ-मारुत-हृत्, बल्य, वान्ति-वात-कफा-पह, ज्वरा-अतिसार-क्षुत्तृष्णा-कास-श्वास-निवारक, मद-मूर्च्छा-मरुत्-पित्त-मद्यो-द्भूतगदान्तकृत्",Automatically extracted candidate; verify that this is a disease term and not an action/quality.,BAMS_REVIEW_REQUIRED,
धातुपुष्टि,,,,,Bhavaprakasha Nighantu (legacy professor dataset; test use),BPN_0261,"वातनिर्हार, श्लेष्मघ्न, धातुपुष्टिकृत्, आग्नेय, मत्स्यनिषूदन",Automatically extracted candidate; verify that this is a disease term and not an action/quality.,BAMS_REVIEW_REQUIRED,
नयनामय,,,,,Bhavaprakasha Nighantu (legacy professor dataset; test use),BPN_0831,"रुच्य, पाचन, दोषत्रयहर, स्वर्य, ज्वर-श्वास-विनाशन, नासिका-कण्ठरोगघ्न, नयनामयनाशन",Automatically extracted candidate; verify that this is a disease term and not an action/quality.,BAMS_REVIEW_REQUIRED,
नातिपित्त,,,,,Bhavaprakasha Nighantu (legacy professor dataset; test use),BPN_0913,"वर, वृष्य, अर्दितार्तिजित्, वातघ्न, नातिपित्तकृत्, ऊर्ध्वजत्रुगतरोगहन्य",Automatically extracted candidate; verify that this is a disease term and not an action/quality.,BAMS_REVIEW_REQUIRED,
नाश,,,,,Bhavaprakasha Nighantu (legacy professor dataset; test use),BPN_0164,"नेत्रहित, दीपन, पाचन, रुच्य, कफ-पित्ता-अस्र-नाशकृत्, तृष्णा-छर्दि-आध्मान-शूल-कास-श्वास-हिक्का-क्षय- आशुविनाशक",Automatically extracted candidate; verify that this is a disease term and not an action/quality.,BAMS_REVIEW_REQUIRED,
निःशेषविष,,,,,Bhavaprakasha Nighantu (legacy professor dataset; test use),BPN_0356,"पित्त-कफा-पहा, मूत्र-कृच्छ्र-व्रणरक्ष, जाल-गर्दभ-सर्व-ग्रह-प्रशमनी, निःशेषविषनाशिनी, जयकार, धनदासुमतिप्रदा",Automatically extracted candidate; verify that this is a disease term and not an action/quality.,BAMS_REVIEW_REQUIRED,
निद्रा,,,,,Bhavaprakasha Nighantu (legacy professor dataset; test use),BPN_1025|BPN_1074,"श्रमनाशन, क्लमहर, मूर्च्छा-पिपासापहं, तन्द्रा-च्छर्दि-विबन्ध-हृद्बलकर, निद्राहर, तर्पण, हृद्य, गुप्तरस, अजीर्णशमक, नित्यहित,  स्वच्छ, पीयूषवज्जीवन, रसकारण || शुक्रकर, निद्राकर, अभिष्यन्दि, क्षुधाधिक्यहर",Automatically extracted candidate; verify that this is a disease term and not an action/quality.,BAMS_REVIEW_REQUIRED,
नेत्ररोग,Netraroga,eye-disease group,eye disorder,,Bhavaprakasha Nighantu (legacy professor dataset; test use),BPN_0969,,Broad category,PROVISIONAL_TEST_ONLY,
नेत्रामय,,,,,Bhavaprakasha Nighantu (legacy professor dataset; test use),BPN_0635,"हिङ्गुल, नेत्रामयघ्न, कफपित्तहारि, हृल्लास-कुष्ठ-ज्वर-कामला-प्लीहा-आम-वात-विषहर",Automatically extracted candidate; verify that this is a disease term and not an action/quality.,BAMS_REVIEW_REQUIRED,
पक्तिशूल,,,,,Bhavaprakasha Nighantu (legacy professor dataset; test use),BPN_0720,"रुच्य, अनिलापह,  स्रंसन, तर्पण, बल्य, शुक्रल, बृंहण, भिन्नमूत्रमल, स्तन्य, मेद-पित्त-कफप्रद, गुदकीला-अर्दितश्वास-पक्तिशूलनाशन",Automatically extracted candidate; verify that this is a disease term and not an action/quality.,BAMS_REVIEW_REQUIRED,
पाण्डु,Pandu,anemia-like disorder,pallor disorder,,Bhavaprakasha Nighantu (legacy professor dataset; test use),BPN_0056|BPN_0094|BPN_0100|BPN_0128|BPN_0201|BPN_0208|BPN_0231|BPN_0314|BPN_0320|BPN_0416|BPN_0424|BPN_0429|BPN_0447|BPN_0458|BPN_0616|BPN_0618|BPN_0622|BPN_0624|BPN_0789|BPN_0838,"बृंहणी, वृष्या, बल्या, तृष्णा-कास-ज्वर-श्वास-क्षय-पित्तास्र-कामल-कुष्ठ-व्रण-पाण्डु-वातकृच्छ्रजित् || कफपित्तनुत्, वर्ण्या, त्वग्दोष-मेहा-अस्र-शोथ-पाण्डु-व्रणापहा",Not automatically equivalent to laboratory-confirmed anemia,PROVISIONAL_TEST_ONLY,
पाण्डुरोग,,,,,Bhavaprakasha Nighantu (legacy professor dataset; test use),BPN_0622,"शोधन, पाण्डुरोगघ्न, कृमिघ्न, नातिलेखन",Automatically extracted candidate; verify that this is a disease term and not an action/quality.,BAMS_REVIEW_REQUIRED,
पित,,,,,Bhavaprakasha Nighantu (legacy professor dataset; test use),BPN_0810,"कफ-वात-कृत्, पितघ्नी, दीपनी, श्वास-ज्वर-कास-कृमि-प्रणुत्",Automatically extracted candidate; verify that this is a disease term and not an action/quality.,BAMS_REVIEW_REQUIRED,
पित्त,,,,,Bhavaprakasha Nighantu (legacy professor dataset; test use),BPN_0013|BPN_0020|BPN_0023|BPN_0026|BPN_0037|BPN_0095|BPN_0113|BPN_0144|BPN_0168|BPN_0202|BPN_0203|BPN_0321|BPN_0326|BPN_0341|BPN_0358|BPN_0363|BPN_0364|BPN_0368|BPN_0382|BPN_0384|BPN_0399|BPN_0402|BPN_0417|BPN_0427|BPN_0428|BPN_0439|BPN_0444|BPN_0468|BPN_0471|BPN_0488|BPN_0505|BPN_0509|BPN_0532|BPN_0548|BPN_0554|BPN_0556|BPN_0562|BPN_0564|BPN_0567|BPN_0570|BPN_0571|BPN_0595|BPN_0620|BPN_0621|BPN_0648|BPN_0650|BPN_0698|BPN_0700|BPN_0716|BPN_0719|BPN_0723|BPN_0731|BPN_0733|BPN_0746|BPN_0751|BPN_0754|BPN_0755|BPN_0775|BPN_0777|BPN_0779|BPN_0781|BPN_0788|BPN_0790|BPN_0795|BPN_0806|BPN_0807|BPN_0815|BPN_0822|BPN_0835|BPN_0863|BPN_0867|BPN_0878|BPN_0879|BPN_0888|BPN_0914|BPN_0915|BPN_0916|BPN_0919|BPN_0923|BPN_0927|BPN_0929|BPN_0947|BPN_0961|BPN_0987|BPN_0988|BPN_0989|BPN_1007|BPN_1022|BPN_1035|BPN_1037|BPN_1048|BPN_1053|BPN_1057|BPN_1060|BPN_1066|BPN_1081|BPN_1100,"कफ-पित्तघ्नी, मेह-कुष्ठहरा, सरा, चक्षुष्या, दीपनी, रुच्या, विषम-ज्वरनाशिनी || दीपन, कफ-वातजित्, पित्तकर, श्वास-शूल-कृमिहर",Automatically extracted candidate; verify that this is a disease term and not an action/quality.,BAMS_REVIEW_REQUIRED,
पित्तजरोग,,,,,Bhavaprakasha Nighantu (legacy professor dataset; test use),BPN_0280,"सर, मूत्र-कृच्छ्रा-अश्म-दाहा-अस्र-क्षय-पित्तजरोगजित्",Automatically extracted candidate; verify that this is a disease term and not an action/quality.,BAMS_REVIEW_REQUIRED,
पित्तप्र,,,,,Bhavaprakasha Nighantu (legacy professor dataset; test use),BPN_0708,"बद्धवर्चस, वात-पित्तप्रशमन, शालिसदृशगुण",Automatically extracted candidate; verify that this is a disease term and not an action/quality.,BAMS_REVIEW_REQUIRED,
पित्तशुक्र,,,,,Bhavaprakasha Nighantu (legacy professor dataset; test use),BPN_0731,"अतिकोमल, रुच्य, पित्तशुक्रहर, वातल, ग्राही, कफ-पित्तहर",Automatically extracted candidate; verify that this is a disease term and not an action/quality.,BAMS_REVIEW_REQUIRED,
पीनस,Pinasa,chronic nasal/sinus disorder,chronic rhinitis|sinusitis-like disorder,,Bhavaprakasha Nighantu (legacy professor dataset; test use),BPN_0022|BPN_0148|BPN_0162|BPN_0167|BPN_0169|BPN_0601|BPN_0613|BPN_0734|BPN_0893|BPN_0902|BPN_0957,"त्र्यूषणं, दीपन, श्वास-कास-त्वगामयहर, गुल्म-मेह-कफ-स्थौल्य-मेदः-श्लीपद-पीनसहर || विबन्धा-अध्मान-शोथा-आम-तन्द्रा-हिक्का-ज्वरा-अस्रजित्, प्रमेह-पीनस-श्लेष्म-कास-कण्डू-समीरनुत्",Not automatically bacterial sinusitis,PROVISIONAL_TEST_ONLY,
पुष्टि,,,,,Bhavaprakasha Nighantu (legacy professor dataset; test use),BPN_0900|BPN_0933|BPN_0935|BPN_1101,"पुष्टिकर, पित्त-श्लेष्मकर || वृष्य, पुष्टिकर, कफमेदप्रद, बल्य, ग्लानिकृत्-मेहनाशन",Automatically extracted candidate; verify that this is a disease term and not an action/quality.,BAMS_REVIEW_REQUIRED,
प्रतिश्याय,Pratishyaya,rhinitis / nasal catarrh,runny nose|rhinitis,,Bhavaprakasha Nighantu (legacy professor dataset; test use),BPN_0077|BPN_0406|BPN_1093,"पित्त-कफ-च्चातुर्थिकहर, वातकर, प्रतिश्यायनिवारण || दीपन, ग्राहि, पित्ता-अस्र-शोथ-मेदः-कफप्रद| मूत्रकृच्छ्र-प्रतिश्याय-शीतग-विषमज्वर-अतीसार-अरुचि-कार्ये शस्यते| बल-शुक्रकृत्",Classical category,PROVISIONAL_TEST_ONLY,
प्रमेह,Prameha,urinary-metabolic disorder group,diabetes|high blood sugar|polyuria|metabolic disorder,,Bhavaprakasha Nighantu (legacy professor dataset; test use),BPN_0001|BPN_0012|BPN_0016|BPN_0074|BPN_0087|BPN_0089|BPN_0148|BPN_0219|BPN_0242|BPN_0256|BPN_0355|BPN_0447|BPN_0452|BPN_0458|BPN_0461|BPN_0595|BPN_0608|BPN_0650|BPN_0775|BPN_0789|BPN_0839,"दीपनी, मेध्या, रसायनी, चक्षुष्या, आयुष्या, बृंहणी, अनुलोमिनी,   श्वास, कास, प्रमेह, अर्श, कुष्ठ, शोथ, उदरक्रिमी  वैस्वर्य, ग्रहणीरोग, विबन्ध,विषमज्वर,  गुल्म, आध्मान, तृषा, छर्दि, हिक्का, कण्डू, हृदामय,  कामला, शूल, अनाह, प्लीह, यकृत्,  अश् || रक्त-पित्त-प्रमेहघ्न, वृष्य, रसायन, वातह, त्रिदोषजित्",Diabetes is routed here only as a provisional broad retrieval term; not a one-to-one diagnosis,PROVISIONAL_TEST_ONLY,
प्रवाहिका,Pravahika,dysentery-like disorder,dysentery|tenesmus,,Bhavaprakasha Nighantu (legacy professor dataset; test use),BPN_0445,"ग्राही, वृष्य, प्रवाहिका-अतिसारा-आम-कफ-पित्ता-अस्र-दाहनुत्",Not automatically infectious dysentery,PROVISIONAL_TEST_ONLY,
प्लीहोदावर्त्त,,,,,Bhavaprakasha Nighantu (legacy professor dataset; test use),BPN_0581,"भेदन, दीपन, हृद्रोग-शूल-गुल्मघ्न, पित्तल, लोमहर्षण, विण्मूत्रदोषघ्न, प्लीहोदावर्त्तनाशन, हिक्का-आनाह-अरुचि-श्वास-कासा-अजीर्ण-वमिप्रणुत्, कफवातामयध्वंसिच्छागमांसद्रवत्वकृत्, लोहसूचीद्रवत्वकृत्",Automatically extracted candidate; verify that this is a disease term and not an action/quality.,BAMS_REVIEW_REQUIRED,
फिरङ्गामय,,,,,Bhavaprakasha Nighantu (legacy professor dataset; test use),BPN_0049,"वह्निदीप्तिकृत्, विबन्ध -अध्मान-शूलघ्नी, शकृन्मूत्रविशोधिनी, वात-व्याधी-अपस्मार-उन्माद-तनुवेदनव्यपोह, विशेष-फिरङ्गामयनाशिनी",Automatically extracted candidate; verify that this is a disease term and not an action/quality.,BAMS_REVIEW_REQUIRED,
बलवर्ण,,,,,Bhavaprakasha Nighantu (legacy professor dataset; test use),BPN_0071,"चक्षुष्या, बलवर्णकृत्, शुक्रला, केश्या, स्वर्या, पित्त-अनिल-अस्रजित्, व्रण-शोथ-विषच्छर्दि-तृष्णा-ग्लानि-क्षयापहा",Automatically extracted candidate; verify that this is a disease term and not an action/quality.,BAMS_REVIEW_REQUIRED,
बलवि,,,,,Bhavaprakasha Nighantu (legacy professor dataset; test use),BPN_1084,"अभीष्यन्दि, श्लेष्म-आमवर्द्धन, हितं, कफवातघ्न, पित्तनुत्, वृष्य, बलविवर्धन",Automatically extracted candidate; verify that this is a disease term and not an action/quality.,BAMS_REVIEW_REQUIRED,
बलवीर्य,,,,,Bhavaprakasha Nighantu (legacy professor dataset; test use),BPN_0109,"कफकृत्, नातिपित्तल, केवलवातहर, बलवीर्यकर",Automatically extracted candidate; verify that this is a disease term and not an action/quality.,BAMS_REVIEW_REQUIRED,
बलवीर्यवपुःपुष्टि,,,,,Bhavaprakasha Nighantu (legacy professor dataset; test use),BPN_0614,"गुल्मोदरा-अर्शः-शूलाम-आमवात-भगन्दर, कामला-शोथ-कुष्ठ-क्षय-कान्तमयहर, प्लीहा-अम्लपित्त-यकृत्छिरोहर, सर्वरोगविजयी, बलवीर्यवपुःपुष्टिकर, अग्निविवर्धन",Automatically extracted candidate; verify that this is a disease term and not an action/quality.,BAMS_REVIEW_REQUIRED,
बलसन्धान,,,,,Bhavaprakasha Nighantu (legacy professor dataset; test use),BPN_0316,"वृष्या, बलसन्धानकृत्, सरा, वातहृत्, वात-रक्त-कफापहा",Automatically extracted candidate; verify that this is a disease term and not an action/quality.,BAMS_REVIEW_REQUIRED,
बलसुख,,,,,Bhavaprakasha Nighantu (legacy professor dataset; test use),BPN_0466,"वृष्य, बलसुखप्रद, वातहर, हृद्य, वर्ण्य, अपित्तल, वह्नि-श्लेश्म-शुक्र-विवर्द्धन",Automatically extracted candidate; verify that this is a disease term and not an action/quality.,BAMS_REVIEW_REQUIRED,
बलास,,,,,Bhavaprakasha Nighantu (legacy professor dataset; test use),BPN_0426|BPN_0817,"शोषहारिणी, मेद-कुष्ठ-श्वित्र-वमि-क्रिमी-हर, वस्तिरुग्-व्रण-दाहा-अस्र-बलासहर,  गर्भपातिनी || अपित्तल, ज्वर-वात-बलासघ्न, दीपन, शुक्रल",Automatically extracted candidate; verify that this is a disease term and not an action/quality.,BAMS_REVIEW_REQUIRED,
बलासवात,,,,,Bhavaprakasha Nighantu (legacy professor dataset; test use),BPN_0187,"पित्तला, दीपनी, मेध्या, पाचनी, गर्भपातिनी, बलासवातकृत्, तृट्कण्डू-विष-दाहनुत्",Automatically extracted candidate; verify that this is a disease term and not an action/quality.,BAMS_REVIEW_REQUIRED,
भक्ताभिलाष,,,,,Bhavaprakasha Nighantu (legacy professor dataset; test use),BPN_1113,"क्लमहर, बल्य, भक्ताभिलाषकृत्, स्रोतोविशोधन, ह्लादि, कफ-तृष्णा-अनिलापह, अवृष्य, प्रीणन, शीघ्र-मलसञ्चयापह",Automatically extracted candidate; verify that this is a disease term and not an action/quality.,BAMS_REVIEW_REQUIRED,
भगन्दर,Bhagandara,fistula-in-ano,anal fistula,,Bhavaprakasha Nighantu (legacy professor dataset; test use),BPN_0608|BPN_0614,"गुल्मोदरा-अर्शः-शूलाम-आमवात-भगन्दर, कामला-शोथ-कुष्ठ-क्षय-कान्तमयहर, प्लीहा-अम्लपित्त-यकृत्छिरोहर, सर्वरोगविजयी, बलवीर्यवपुःपुष्टिकर, अग्निविवर्धन",Classical category,PROVISIONAL_TEST_ONLY,
भग्नसंधान,,,,,Bhavaprakasha Nighantu (legacy professor dataset; test use),BPN_0441,"दीपन, वृष्य, सर, व्रण-गुल्मजित्, भग्नसंधानकृत्, दोष-ग्रहणि-अर्शः-क्रिमीहर, गुदजरोगजित्",Automatically extracted candidate; verify that this is a disease term and not an action/quality.,BAMS_REVIEW_REQUIRED,
भग्नसन्धानवात,,,,,Bhavaprakasha Nighantu (legacy professor dataset; test use),BPN_0744,"भग्नसन्धानवातकृत्, बृंहणी, श्लेष्महर, वाजिगुणकृत्",Automatically extracted candidate; verify that this is a disease term and not an action/quality.,BAMS_REVIEW_REQUIRED,
भूरिबल,,,,,Bhavaprakasha Nighantu (legacy professor dataset; test use),BPN_0721,"तर्पण, सर, वातकर, रुच्य, स्तन्य, भूरिबलप्रद",Automatically extracted candidate; verify that this is a disease term and not an action/quality.,BAMS_REVIEW_REQUIRED,
भ्रम,Bhrama,vertigo / dizziness,dizziness|vertigo,,Bhavaprakasha Nighantu (legacy professor dataset; test use),BPN_0204|BPN_0238|BPN_0242|BPN_0302|BPN_0322|BPN_0456|BPN_0572|BPN_0602|BPN_0780|BPN_0786,"दीपनी, पाचनी, मेध्या, भेदिनी, भ्रम-शोषजित्, दोष-तृष्णा-आम-शूला-आर्श-विष-दाह-ज्वरा-पहा || पित्ता-अस्र-भ्रम-तृष्णा-कफ-ज्वर-हर, संग्राही, दाहनुत्, वातल",Symptom/category,PROVISIONAL_TEST_ONLY,
मति,,,,,Bhavaprakasha Nighantu (legacy professor dataset; test use),BPN_1028,"त्रिदोषघ्न, अनिर्देश्यरस, सौम्य, रसायन, बल्य, तर्पण,ह्लादी, जीवन, पाचन, मतिकृत्, मूर्च्छा-तन्द्रा-दाह-श्रम-क्लमह, तृष्णाहर, पथ्य",Automatically extracted candidate; verify that this is a disease term and not an action/quality.,BAMS_REVIEW_REQUIRED,
मधुमेह,Madhumeha,diabetes-like Prameha subtype,diabetes mellitus,,Bhavaprakasha Nighantu (legacy professor dataset; test use),,,Biomedical equivalence requires clinical review,PROVISIONAL_TEST_ONLY,
मन्दाग्नि,Mandagni,low digestive capacity,poor digestion|low appetite,,Bhavaprakasha Nighantu (legacy professor dataset; test use),BPN_0774,,Ayurvedic functional concept,PROVISIONAL_TEST_ONLY,
मन्दाग्निविष,,,,,Bhavaprakasha Nighantu (legacy professor dataset; test use),BPN_0774,"वात-श्लेष्म-हरी, पटु, अर्शोघ्नी, दीपनी, मन्दाग्निविषनाशिनी",Automatically extracted candidate; verify that this is a disease term and not an action/quality.,BAMS_REVIEW_REQUIRED,
मलस्तम्भ,,,,,Bhavaprakasha Nighantu (legacy professor dataset; test use),BPN_0416,"मलस्तम्भकृत्, कफ-पित्त-व्रण-श्वित्र-कुष्ठ-पाण्डु-अर्श-कामलाजय",Automatically extracted candidate; verify that this is a disease term and not an action/quality.,BAMS_REVIEW_REQUIRED,
मानसरोग,,,,,Bhavaprakasha Nighantu (legacy professor dataset; test use),BPN_0339,"सरा, मेध्या, वृष्या, मानसरोगहृत्, रसायनी, स्मृति-कान्ति-बला-अग्निदा, दोषा-अपस्मार-भूताश्री-कुष्ठ-क्रिमि-विषप्रणुत्",Automatically extracted candidate; verify that this is a disease term and not an action/quality.,BAMS_REVIEW_REQUIRED,
मान्द्य,,,,,Bhavaprakasha Nighantu (legacy professor dataset; test use),BPN_0214,"आस्यवैरस्य-मला-रोचक-नाशिनी, कुष्ठ-ज्वर-श्वास-शूल-कासा-अग्नि-मान्द्यजित्",Automatically extracted candidate; verify that this is a disease term and not an action/quality.,BAMS_REVIEW_REQUIRED,
मारुत,,,,,Bhavaprakasha Nighantu (legacy professor dataset; test use),BPN_0451|BPN_0948,"वरुण, पित्तल, भेदी-श्लेष्म-कृच्छ्रा-अश्म-मारुतहर, गुल्म-वाता-अस्र-कृमि-उष्ण-अग्निदीपन || दुर्जरा, बृंहणी, बलवर्द्धिनी, विष्टम्भिनी, पित्त-रक्त-पित्ताग्नि-मारुतहर",Automatically extracted candidate; verify that this is a disease term and not an action/quality.,BAMS_REVIEW_REQUIRED,
मुखदन्तगदा,,,,,Bhavaprakasha Nighantu (legacy professor dataset; test use),BPN_0401,कफ-कुष्ठ-क्रिमी-वस्ति-मुखदन्तगदाहर,Automatically extracted candidate; verify that this is a disease term and not an action/quality.,BAMS_REVIEW_REQUIRED,
मुखरोग,Mukharoga,oral-disease group,mouth disorder|oral disease,,Bhavaprakasha Nighantu (legacy professor dataset; test use),BPN_0160|BPN_0380|BPN_0430,"त्वच्य, ज्वर-स्वेद-ग्रहा-लक्ष्मी-मुखरोग-कफा-अनिलहर || दोषत्रयापहा, कर्णा-अक्षि-मुखरोगघ्नी",Broad category,PROVISIONAL_TEST_ONLY,
मुखवैशद्य,,,,,Bhavaprakasha Nighantu (legacy professor dataset; test use),BPN_0369,"मुखवैशद्यकृत्, तृष्णाऽ-अस्र-कफ-पित्तनुत्",Automatically extracted candidate; verify that this is a disease term and not an action/quality.,BAMS_REVIEW_REQUIRED,
मुहुर्मोह,,,,,Bhavaprakasha Nighantu (legacy professor dataset; test use),BPN_0117,"ग्राहि, वातकृत्, कफकासकृत्, धातुशोषक, मदकृत्, वाग्विवर्धन, मुहुर्मोहकर, रुच्य, सेवनपुंस्त्वनाशन",Automatically extracted candidate; verify that this is a disease term and not an action/quality.,BAMS_REVIEW_REQUIRED,
मूत्रकृच्छ्र,Mutrakrichhra,dysuria,painful urination,,Bhavaprakasha Nighantu (legacy professor dataset; test use),BPN_0001|BPN_0055|BPN_1093,"दीपनी, मेध्या, रसायनी, चक्षुष्या, आयुष्या, बृंहणी, अनुलोमिनी,   श्वास, कास, प्रमेह, अर्श, कुष्ठ, शोथ, उदरक्रिमी  वैस्वर्य, ग्रहणीरोग, विबन्ध,विषमज्वर,  गुल्म, आध्मान, तृषा, छर्दि, हिक्का, कण्डू, हृदामय,  कामला, शूल, अनाह, प्लीह, यकृत्,  अश् || दीपन, ग्राहि, पित्ता-अस्र-शोथ-मेदः-कफप्रद| मूत्रकृच्छ्र-प्रतिश्याय-शीतग-विषमज्वर-अतीसार-अरुचि-कार्ये शस्यते| बल-शुक्रकृत्",Symptom/category,PROVISIONAL_TEST_ONLY,
मूर्च्छा,Murchha,fainting / syncope-like state,syncope|fainting,,Bhavaprakasha Nighantu (legacy professor dataset; test use),BPN_0069|BPN_0149|BPN_0296|BPN_0540|BPN_0562|BPN_0564|BPN_0602|BPN_1003|BPN_1025|BPN_1028,"बल्या, त्रिदोषघ्नी, शुक्ला, प्राणैश्वर्यकरी, मूर्च्छा-रक्त-पित्त-विनाशिनी || कर्ण-कण्ठा-अक्षिरोगक्षोहर, कफा-अनिल-स्वेद-दाह-कास-मूर्च्छा-व्रणापह",Urgent biomedical causes must be excluded,PROVISIONAL_TEST_ONLY,
मृदु,,,,,Bhavaprakasha Nighantu (legacy professor dataset; test use),BPN_0090,"मृदुकृत्, तृष्णा-अतीसार-पित्ता-अस्र-विष-क्रिमि-विसर्पजित्",Automatically extracted candidate; verify that this is a disease term and not an action/quality.,BAMS_REVIEW_REQUIRED,
मेदो,,,,,Bhavaprakasha Nighantu (legacy professor dataset; test use),BPN_0420|BPN_0429,"वर्ण्य, योनिरोग-व्रणापहा, मेदोघ्न, विसर्प-आमयनाशन, शोथ-पित्त-कफा-अस्रघ्न, स्तन्या, भग्नास्थियोजक || दन्त्य, कण्डू-कासा-अरुचि-प्रणुत्, मेदोघ्न, कृमि-मेह-ज्वर-व्रणापह, श्वित्र-शोथा-आम-पित्ता-अस्र-पाण्डु-कुष्ठ-कफहर",Automatically extracted candidate; verify that this is a disease term and not an action/quality.,BAMS_REVIEW_REQUIRED,
मेदोविष,,,,,Bhavaprakasha Nighantu (legacy professor dataset; test use),BPN_0440,"भूतग्रह-श्लेष्म-कर्णरुक्-पित्त-रक्त-जित्, राक्षसघ्न, मेदोविषहर",Automatically extracted candidate; verify that this is a disease term and not an action/quality.,BAMS_REVIEW_REQUIRED,
मेधा,,,,,Bhavaprakasha Nighantu (legacy professor dataset; test use),BPN_0300|BPN_0929,"वात-कफा-पहा, मेधाकृत्, विषदोषघ्नी, गुल्म-शूलो-उदरव्याधि-कुष्ठदोष-निकृन्तनी, पाचन, शोथनाशिनी || मेधाकृत्, मेद-क्षयकर, वात-पित्तकर, रुचिकृत्",Automatically extracted candidate; verify that this is a disease term and not an action/quality.,BAMS_REVIEW_REQUIRED,
मेह,,,,,Bhavaprakasha Nighantu (legacy professor dataset; test use),BPN_0933,"वृष्य, पुष्टिकर, कफमेदप्रद, बल्य, ग्लानिकृत्-मेहनाशन",Automatically extracted candidate; verify that this is a disease term and not an action/quality.,BAMS_REVIEW_REQUIRED,
मेहरोग,Meharoga,urinary disorder,urinary disease,,Bhavaprakasha Nighantu (legacy professor dataset; test use),,,Broad category,PROVISIONAL_TEST_ONLY,
यकृत्छिरो,,,,,Bhavaprakasha Nighantu (legacy professor dataset; test use),BPN_0614,"गुल्मोदरा-अर्शः-शूलाम-आमवात-भगन्दर, कामला-शोथ-कुष्ठ-क्षय-कान्तमयहर, प्लीहा-अम्लपित्त-यकृत्छिरोहर, सर्वरोगविजयी, बलवीर्यवपुःपुष्टिकर, अग्निविवर्धन",Automatically extracted candidate; verify that this is a disease term and not an action/quality.,BAMS_REVIEW_REQUIRED,
योनिकर्णगदा,,,,,Bhavaprakasha Nighantu (legacy professor dataset; test use),BPN_0423,व्रण-स्वेद-कफ-क्रिमी-ब्रध्न-विद्रधि-बाधिर्य-योनिकर्णगदाहर,Automatically extracted candidate; verify that this is a disease term and not an action/quality.,BAMS_REVIEW_REQUIRED,
योनिदोष,,,,,Bhavaprakasha Nighantu (legacy professor dataset; test use),BPN_0411,"ग्राही, कफ-पित्त-व्रणापह, वर्ण्य, विसर्पदाहघ्न, योनिदोषहृत्",Automatically extracted candidate; verify that this is a disease term and not an action/quality.,BAMS_REVIEW_REQUIRED,
योनिसङ्कोच,,,,,Bhavaprakasha Nighantu (legacy professor dataset; test use),BPN_0649,"वात-पित्त-कफ-व्रणापह, श्वित्र-वीसर्पहर, योनिसङ्कोचकारिणी",Automatically extracted candidate; verify that this is a disease term and not an action/quality.,BAMS_REVIEW_REQUIRED,
रक्त,,,,,Bhavaprakasha Nighantu (legacy professor dataset; test use),BPN_0179|BPN_0197|BPN_0233|BPN_0246|BPN_0278|BPN_0281|BPN_0358|BPN_0487|BPN_0576|BPN_0662|BPN_0734|BPN_0973,"हृद्य, कफपित्तहर, कण्डू-कुष्ठा-अश्मरी-दाह-विषहृद्, गुद-रक्तहृत् || स्वाद्वी, वृष्या, निखिलदोषनुत्, कुष्ठ-कण्डू-विष-स्वेद-दाहाश्री-ज्वर-रक्तहृत्",Automatically extracted candidate; verify that this is a disease term and not an action/quality.,BAMS_REVIEW_REQUIRED,
रक्तपित्त,Raktapitta,classical bleeding disorder,bleeding tendency|hemorrhagic disorder,,Bhavaprakasha Nighantu (legacy professor dataset; test use),BPN_0763|BPN_0770|BPN_0771,"श्लेष्मला, वातपित्तनुत्, अकण्ठ्या, पिच्छिला, निद्राशुक्रदा, रक्तपित्तजित्, बलदा, रुचिकृत्, पथ्या, बृंहणी, तृप्तिकारिणी || सर, रुच्य, वातकृत्, कफशोथहृत्, बल्य, रुचिकर, मेध्य, रक्तपित्तहर",Broad classical category,PROVISIONAL_TEST_ONLY,
रक्षो,,,,,Bhavaprakasha Nighantu (legacy professor dataset; test use),BPN_0158|BPN_0183|BPN_0189,"सर, पित्तल, वात-मूर्द्धा-अक्षि-स्वर-रोग-कफापह, रक्षोघ्न, स्वेद-दौर्गन्ध-यूका-कण्डू-व्रणप्रणुत् || स्वाद्वी, पित्ता-अनिलापहा, ज्वरासृग्भूत-रक्षोघ्नी, कुष्ठ-कास-विनाशिनी",Automatically extracted candidate; verify that this is a disease term and not an action/quality.,BAMS_REVIEW_REQUIRED,
राक्षस,,,,,Bhavaprakasha Nighantu (legacy professor dataset; test use),BPN_0440,"भूतग्रह-श्लेष्म-कर्णरुक्-पित्त-रक्त-जित्, राक्षसघ्न, मेदोविषहर",Automatically extracted candidate; verify that this is a disease term and not an action/quality.,BAMS_REVIEW_REQUIRED,
राजयक्ष्मा,Rajayakshma,consumptive syndrome,tuberculosis-like wasting disorder,,Bhavaprakasha Nighantu (legacy professor dataset; test use),,,Not automatically microbiologically confirmed tuberculosis,PROVISIONAL_TEST_ONLY,
रुक्,,,,,Bhavaprakasha Nighantu (legacy professor dataset; test use),BPN_0263,"दाह-शोथा-आर्शो-योनि-रुक्प्रणुत्, वीसर्प-कृच्छ्रा-अस्र-पित्ता-अश्मरि-कफा-अनिलापह",Automatically extracted candidate; verify that this is a disease term and not an action/quality.,BAMS_REVIEW_REQUIRED,
रुचिवर्ण,,,,,Bhavaprakasha Nighantu (legacy professor dataset; test use),BPN_0163,"रुचिवर्णकृत्, कफ-कास-वमि-श्वास-तृष्णा-कृमि-विषापहा",Automatically extracted candidate; verify that this is a disease term and not an action/quality.,BAMS_REVIEW_REQUIRED,
रुज,,,,,Bhavaprakasha Nighantu (legacy professor dataset; test use),BPN_0030,"दीपनी, कफवातनुत्, विदाहिनी, हृद्या, वृष्या, बलकरी, नेत्रामय-कृमिच्छर्दि-हिक्का-बस्ति-रुजहर",Automatically extracted candidate; verify that this is a disease term and not an action/quality.,BAMS_REVIEW_REQUIRED,
रोग,,,,,Bhavaprakasha Nighantu (legacy professor dataset; test use),BPN_0930,"शुक्रदा, कफ-वातजित्, स्निग्ध-आस्य-कण्ठ-रोगघ्नी, रोचनी",Automatically extracted candidate; verify that this is a disease term and not an action/quality.,BAMS_REVIEW_REQUIRED,
र्वमीन्,,,,,Bhavaprakasha Nighantu (legacy professor dataset; test use),BPN_0086,कफ-वात-क्षय-ज्वर-श्वासो-उर्ध्व-वात-तृट्कास-हिक्काऽ-अरुचि-र्वमीन्हर,Automatically extracted candidate; verify that this is a disease term and not an action/quality.,BAMS_REVIEW_REQUIRED,
लोहसूचीद्रवत्व,,,,,Bhavaprakasha Nighantu (legacy professor dataset; test use),BPN_0581,"भेदन, दीपन, हृद्रोग-शूल-गुल्मघ्न, पित्तल, लोमहर्षण, विण्मूत्रदोषघ्न, प्लीहोदावर्त्तनाशन, हिक्का-आनाह-अरुचि-श्वास-कासा-अजीर्ण-वमिप्रणुत्, कफवातामयध्वंसिच्छागमांसद्रवत्वकृत्, लोहसूचीद्रवत्वकृत्",Automatically extracted candidate; verify that this is a disease term and not an action/quality.,BAMS_REVIEW_REQUIRED,
वमि,,,,,Bhavaprakasha Nighantu (legacy professor dataset; test use),BPN_0137|BPN_0172|BPN_0581,"कफक्षयकर, कुष्ठ-कण्डू-वमिहर || शिरोरुग्व्रणजन्तुजित्, वमिहर, वर्ज्य, व्यङ्गदोषत्रयापह",Automatically extracted candidate; verify that this is a disease term and not an action/quality.,BAMS_REVIEW_REQUIRED,
वस्तिप्र,,,,,Bhavaprakasha Nighantu (legacy professor dataset; test use),BPN_1112,"स्वादु, वृष्य-वात-वह्निप्रणाशन, वस्तिप्रशमन, पित्तश्लेष्मविवर्द्धन",Automatically extracted candidate; verify that this is a disease term and not an action/quality.,BAMS_REVIEW_REQUIRED,
वह्नि,,,,,Bhavaprakasha Nighantu (legacy professor dataset; test use),BPN_0026|BPN_0053|BPN_0114|BPN_0131|BPN_0488|BPN_0723|BPN_0834|BPN_0903|BPN_0944|BPN_0987|BPN_1040|BPN_1041|BPN_1058|BPN_1112,"वह्निकृत्, पाचन, ग्रहणी-कुष्ठ-शोथ-आर्श-कृमि-कासनुत्, वात-श्लेष्महरी, ग्राही, वातघ्न, श्लेष्म-पित्तहृत् || वह्निकर, शूल-अध्मान-उदर-श्लेष्म-कृमि-वात-विबन्धनुत्",Automatically extracted candidate; verify that this is a disease term and not an action/quality.,BAMS_REVIEW_REQUIRED,
वह्निदीप्ति,,,,,Bhavaprakasha Nighantu (legacy professor dataset; test use),BPN_0049|BPN_1006,"वह्निदीप्तिकृत्, विबन्ध -अध्मान-शूलघ्नी, शकृन्मूत्रविशोधिनी, वात-व्याधी-अपस्मार-उन्माद-तनुवेदनव्यपोह, विशेष-फिरङ्गामयनाशिनी || अत्यम्ल, वातनाशन, वह्निदीप्तिकर, रुच्य, समस्ताहारपाचक",Automatically extracted candidate; verify that this is a disease term and not an action/quality.,BAMS_REVIEW_REQUIRED,
वह्निमान्द्य,,,,,Bhavaprakasha Nighantu (legacy professor dataset; test use),BPN_0135,"दीपन, पाचन, शूल-गुल्म-विबन्धा-आम-वात-श्लेष्महर, वमि-तृष्णा-आस्यवैरस्य-हृत्पीडा-वह्निमान्द्यहृत्",Automatically extracted candidate; verify that this is a disease term and not an action/quality.,BAMS_REVIEW_REQUIRED,
वह्निवृद्धि,,,,,Bhavaprakasha Nighantu (legacy professor dataset; test use),BPN_1091,"त्रिदोषघ्न, रोचन, बलवर्द्धन, वह्निवृद्धिकर, वृष्य, सद्यस्तृप्तिकर, अतीसार-अग्निमान्द्य-ज्वर-जीर्ण-प्रशस्य",Automatically extracted candidate; verify that this is a disease term and not an action/quality.,BAMS_REVIEW_REQUIRED,
वाग्वि,,,,,Bhavaprakasha Nighantu (legacy professor dataset; test use),BPN_0117,"ग्राहि, वातकृत्, कफकासकृत्, धातुशोषक, मदकृत्, वाग्विवर्धन, मुहुर्मोहकर, रुच्य, सेवनपुंस्त्वनाशन",Automatically extracted candidate; verify that this is a disease term and not an action/quality.,BAMS_REVIEW_REQUIRED,
वाजिगुण,,,,,Bhavaprakasha Nighantu (legacy professor dataset; test use),BPN_0744,"भग्नसन्धानवातकृत्, बृंहणी, श्लेष्महर, वाजिगुणकृत्",Automatically extracted candidate; verify that this is a disease term and not an action/quality.,BAMS_REVIEW_REQUIRED,
वाजी,,,,,Bhavaprakasha Nighantu (legacy professor dataset; test use),BPN_1066,"वात-पित्तहर, सर, सद्यः शुक्रकर, शीत, सर्वशरीरिणां सात्म्य, जीवन, बृंहण, बल्य, मेध्य, वाजीकर, वयःस्थापन, आयुष्य, सन्धिकारि, रसायन",Automatically extracted candidate; verify that this is a disease term and not an action/quality.,BAMS_REVIEW_REQUIRED,
वात,,,,,Bhavaprakasha Nighantu (legacy professor dataset; test use),BPN_0014|BPN_0020|BPN_0026|BPN_0081|BPN_0117|BPN_0121|BPN_0166|BPN_0167|BPN_0208|BPN_0236|BPN_0237|BPN_0246|BPN_0258|BPN_0262|BPN_0264|BPN_0271|BPN_0288|BPN_0316|BPN_0344|BPN_0360|BPN_0372|BPN_0404|BPN_0406|BPN_0435|BPN_0465|BPN_0466|BPN_0467|BPN_0469|BPN_0470|BPN_0477|BPN_0479|BPN_0518|BPN_0542|BPN_0565|BPN_0577|BPN_0721|BPN_0735|BPN_0743|BPN_0750|BPN_0754|BPN_0770|BPN_0771|BPN_0775|BPN_0777|BPN_0790|BPN_0791|BPN_0862|BPN_0863|BPN_0887|BPN_0891|BPN_0902|BPN_0903|BPN_0913|BPN_0914|BPN_0916|BPN_0921|BPN_0922|BPN_0928|BPN_0930|BPN_0956|BPN_0969|BPN_0984|BPN_0999|BPN_1005|BPN_1006|BPN_1022|BPN_1035|BPN_1048,"रुच्या, आम-वातघ्नी, पाचनी, कफ-वात-विबन्धनुत्, वृष्या, स्वर्य्या-वमि-श्वास-शूल-कास-हृदामय-श्लीपद-शोथार्श, आनाह -उदरमारुतहरा || दीपन, कफ-वातजित्, पित्तकर, श्वास-शूल-कृमिहर",Automatically extracted candidate; verify that this is a disease term and not an action/quality.,BAMS_REVIEW_REQUIRED,
वातकृच्छ्र,,,,,Bhavaprakasha Nighantu (legacy professor dataset; test use),BPN_0056,"बृंहणी, वृष्या, बल्या, तृष्णा-कास-ज्वर-श्वास-क्षय-पित्तास्र-कामल-कुष्ठ-व्रण-पाण्डु-वातकृच्छ्रजित्",Automatically extracted candidate; verify that this is a disease term and not an action/quality.,BAMS_REVIEW_REQUIRED,
वातपित्त,,,,,Bhavaprakasha Nighantu (legacy professor dataset; test use),BPN_0131|BPN_1054,"वह्निकृत्, कफहृत्, वातपित्तकृत् || कफकृत्, वातपित्तहर",Automatically extracted candidate; verify that this is a disease term and not an action/quality.,BAMS_REVIEW_REQUIRED,
वातरक्त,Vatarakta,gout-like Vata-Rakta disorder,gout,,Bhavaprakasha Nighantu (legacy professor dataset; test use),,,Not automatically laboratory-confirmed gout,PROVISIONAL_TEST_ONLY,
वातव्याधि,,,,,Bhavaprakasha Nighantu (legacy professor dataset; test use),BPN_0901,"हृद्य, वृष्य, श्रमापह, पित्त-श्लेष्मकर, किञ्चिद्-वातव्याधिविनाशन",Automatically extracted candidate; verify that this is a disease term and not an action/quality.,BAMS_REVIEW_REQUIRED,
वाताति,,,,,Bhavaprakasha Nighantu (legacy professor dataset; test use),BPN_0733,"कफ-पित्तहर, रुच्य, ग्राहक, खञ्जत्व-पङ्गुत्वकारी, वातातिकोपन",Automatically extracted candidate; verify that this is a disease term and not an action/quality.,BAMS_REVIEW_REQUIRED,
वान्ति,,,,,Bhavaprakasha Nighantu (legacy professor dataset; test use),BPN_0176|BPN_0405,"पाचन, वान्तिहृत्, स्तम्भन, ज्वरनुद्, भ्रान्ति-मद-जित् कफपित्तहृत्, तृष्णाऽ-अस्र-विष-वीसर्प-कृच्छ्र-दाह-व्रणापह || विष-पित्ता-अस्र-तृष्णा-वान्तिहरी",Automatically extracted candidate; verify that this is a disease term and not an action/quality.,BAMS_REVIEW_REQUIRED,
वान्तिवह्नि,,,,,Bhavaprakasha Nighantu (legacy professor dataset; test use),BPN_0043,"उग्रगन्धा, वान्तिवह्निकृत्, विबन्धाध्मानशूलघ्नी, शकृन्मूत्रविशोधिनी, अपस्मार-कफ-उन्मांद-भूत-जन्तु-अनिलहर",Automatically extracted candidate; verify that this is a disease term and not an action/quality.,BAMS_REVIEW_REQUIRED,
विकार,,,,,Bhavaprakasha Nighantu (legacy professor dataset; test use),BPN_1040|BPN_1041,"पित्त-रक्ता-आमयान्वित, पित्तनुत्, वह्निकृत्, कफहृत्, पथ्य, विकारहर || वात-श्लेष्मा-आमयान्वित, अभिष्यन्दि, वह्निहृत्, कफकृत्, हृद्य, विकारकर",Automatically extracted candidate; verify that this is a disease term and not an action/quality.,BAMS_REVIEW_REQUIRED,
विण्मूत्रदोष,,,,,Bhavaprakasha Nighantu (legacy professor dataset; test use),BPN_0581,"भेदन, दीपन, हृद्रोग-शूल-गुल्मघ्न, पित्तल, लोमहर्षण, विण्मूत्रदोषघ्न, प्लीहोदावर्त्तनाशन, हिक्का-आनाह-अरुचि-श्वास-कासा-अजीर्ण-वमिप्रणुत्, कफवातामयध्वंसिच्छागमांसद्रवत्वकृत्, लोहसूचीद्रवत्वकृत्",Automatically extracted candidate; verify that this is a disease term and not an action/quality.,BAMS_REVIEW_REQUIRED,
विदाह,,,,,Bhavaprakasha Nighantu (legacy professor dataset; test use),BPN_0246,"दीपन, रोचन, विदाहकृत्, संग्राही, शुक्रल, हृद्य, पित्त-रक्त-प्रकोपण, चक्षुष्य, कफ-वातघ्न, विद्रधि-श्वयथु-क्रिमी-मेदोऽ-अपची-विष-प्लीह-गुल्म-गण्डव्रण-हर, विशेषाद्दाहकृत्, प्लीहा-अनविद्रधि-व्रण-घ्न, पित्त-रक्तहृत्, विशेषाद्दीपन, सर",Automatically extracted candidate; verify that this is a disease term and not an action/quality.,BAMS_REVIEW_REQUIRED,
विद्रधि,Vidradhi,abscess-like inflammatory swelling,abscess,,Bhavaprakasha Nighantu (legacy professor dataset; test use),BPN_0077|BPN_0246|BPN_0423,"लेखन, वान्तिकृद् -विद्रधिहर, प्रतिश्यायव्रणान्तक, कुष्ठ-कफा-आनाह-शोथ-गुल्म-व्रणापह || दीपन, रोचन, विदाहकृत्, संग्राही, शुक्रल, हृद्य, पित्त-रक्त-प्रकोपण, चक्षुष्य, कफ-वातघ्न, विद्रधि-श्वयथु-क्रिमी-मेदोऽ-अपची-विष-प्लीह-गुल्म-गण्डव्रण-हर, विशेषाद्दाहकृत्, प्लीहा-अनविद्रधि-व्रण-घ्न, पित्त-रक्तहृत्, विशेषाद्दीपन, सर",Clinical confirmation required,PROVISIONAL_TEST_ONLY,
विबन्ध,Vibandha,constipation / obstruction,constipation,,Bhavaprakasha Nighantu (legacy professor dataset; test use),BPN_0001|BPN_0014|BPN_0043|BPN_0049|BPN_0053|BPN_0125|BPN_0127|BPN_0135|BPN_0148|BPN_0335|BPN_0446|BPN_0479|BPN_0573|BPN_0722|BPN_0934|BPN_0976|BPN_1008|BPN_1025,"दीपनी, मेध्या, रसायनी, चक्षुष्या, आयुष्या, बृंहणी, अनुलोमिनी,   श्वास, कास, प्रमेह, अर्श, कुष्ठ, शोथ, उदरक्रिमी  वैस्वर्य, ग्रहणीरोग, विबन्ध,विषमज्वर,  गुल्म, आध्मान, तृषा, छर्दि, हिक्का, कण्डू, हृदामय,  कामला, शूल, अनाह, प्लीह, यकृत्,  अश् || वह्निदीप्तिकृत्, विबन्ध -अध्मान-शूलघ्नी, शकृन्मूत्रविशोधिनी, वात-व्याधी-अपस्मार-उन्माद-तनुवेदनव्यपोह, विशेष-फिरङ्गामयनाशिनी",Context dependent,PROVISIONAL_TEST_ONLY,
विबन्धाध्मानशूल,,,,,Bhavaprakasha Nighantu (legacy professor dataset; test use),BPN_0043,"उग्रगन्धा, वान्तिवह्निकृत्, विबन्धाध्मानशूलघ्नी, शकृन्मूत्रविशोधिनी, अपस्मार-कफ-उन्मांद-भूत-जन्तु-अनिलहर",Automatically extracted candidate; verify that this is a disease term and not an action/quality.,BAMS_REVIEW_REQUIRED,
विशेषकास,,,,,Bhavaprakasha Nighantu (legacy professor dataset; test use),BPN_0790,"रुच्य, वृष्य, कास-विषा-अस्रनुत्, कफ-वातघ्न, पाचन, कण्ठशोधन, विशेषकासहर, पित्तघ्न, ग्राहक",Automatically extracted candidate; verify that this is a disease term and not an action/quality.,BAMS_REVIEW_REQUIRED,
विशेषविषशान्ति,,,,,Bhavaprakasha Nighantu (legacy professor dataset; test use),BPN_0822,"बल्य, पित्तघ्न, रुचिकारक, विशेषविषशान्तिकर",Automatically extracted candidate; verify that this is a disease term and not an action/quality.,BAMS_REVIEW_REQUIRED,
विशेषव्यङ्ग,,,,,Bhavaprakasha Nighantu (legacy professor dataset; test use),BPN_0143,"रक्तचन्दनसमानगुण, विशेषव्यङ्गनाशन",Automatically extracted candidate; verify that this is a disease term and not an action/quality.,BAMS_REVIEW_REQUIRED,
विशेषाद्दाह,,,,,Bhavaprakasha Nighantu (legacy professor dataset; test use),BPN_0145|BPN_0246,"पित्त-श्लेष्म-व्रणा-अस्रनुत्, हरिचन्दनवद्वेद्य, विशेषाद्दाहनाशन || दीपन, रोचन, विदाहकृत्, संग्राही, शुक्रल, हृद्य, पित्त-रक्त-प्रकोपण, चक्षुष्य, कफ-वातघ्न, विद्रधि-श्वयथु-क्रिमी-मेदोऽ-अपची-विष-प्लीह-गुल्म-गण्डव्रण-हर, विशेषाद्दाहकृत्, प्लीहा-अनविद्रधि-व्रण-घ्न, पित्त-रक्तहृत्, विशेषाद्दीपन, सर",Automatically extracted candidate; verify that this is a disease term and not an action/quality.,BAMS_REVIEW_REQUIRED,
विष,,,,,Bhavaprakasha Nighantu (legacy professor dataset; test use),BPN_0196|BPN_0212|BPN_0231|BPN_0242|BPN_0313|BPN_0339|BPN_0350|BPN_0635,"कान्तिद, कफ-पिता-अस्र-वीसर्प-कुष्ठ-कण्डू-विषप्रणुत् || छर्दि-ज्वर-श्वासा-अतिसार-जित्, शोष-दोषत्रयहरी, बृंहणी, रसायनी, विषहरी, क्षतकास-कृमिप्रणुत्",Automatically extracted candidate; verify that this is a disease term and not an action/quality.,BAMS_REVIEW_REQUIRED,
विषक्रिमि,,,,,Bhavaprakasha Nighantu (legacy professor dataset; test use),BPN_0384,"विषक्रिमिहर, कृच्छ्र-कफ-वाता-अस्र-पित्तजित्",Automatically extracted candidate; verify that this is a disease term and not an action/quality.,BAMS_REVIEW_REQUIRED,
विषदोष,,,,,Bhavaprakasha Nighantu (legacy professor dataset; test use),BPN_0300,"वात-कफा-पहा, मेधाकृत्, विषदोषघ्नी, गुल्म-शूलो-उदरव्याधि-कुष्ठदोष-निकृन्तनी, पाचन, शोथनाशिनी",Automatically extracted candidate; verify that this is a disease term and not an action/quality.,BAMS_REVIEW_REQUIRED,
विषपित्त,,,,,Bhavaprakasha Nighantu (legacy professor dataset; test use),BPN_0057,"चक्षुष्य, लेखन, विषपित्तघ्न, कर्णरुक् -क्कफहृत्सर",Automatically extracted candidate; verify that this is a disease term and not an action/quality.,BAMS_REVIEW_REQUIRED,
विषमाग्नि,,,,,Bhavaprakasha Nighantu (legacy professor dataset; test use),BPN_0765,"विष्टम्भी, पित्तनुत्, वात-श्लेष्मकर, रक्त-पित्तनुत्, विषमाग्निजित्",Automatically extracted candidate; verify that this is a disease term and not an action/quality.,BAMS_REVIEW_REQUIRED,
विषव्रण,,,,,Bhavaprakasha Nighantu (legacy professor dataset; test use),BPN_0198,"शिशिरावर्णकृत्, विषव्रणहरी, कण्डू-कफ-पित्ता-अस्र-कुष्ठनुत्",Automatically extracted candidate; verify that this is a disease term and not an action/quality.,BAMS_REVIEW_REQUIRED,
विषोदर,,,,,Bhavaprakasha Nighantu (legacy professor dataset; test use),BPN_0616,"रसायन, चक्षुष्य, वस्तिरुक्-कुष्ठ-पाण्डु-मेह-विषोदरहर, अर्शः-शोथ-विष-कण्डू-त्रिदोषनाशक, वृष्य",Automatically extracted candidate; verify that this is a disease term and not an action/quality.,BAMS_REVIEW_REQUIRED,
विष्टम्भ,,,,,Bhavaprakasha Nighantu (legacy professor dataset; test use),BPN_0099|BPN_0387|BPN_0487|BPN_0829,"रसायनी, विष्टम्भहृत्, रुच्या, सरा, श्लेष्मा-अस्र-पित्तनुत्,हृद्या , श्वास-कुष्ठ-मेह-ज्वर-कृमि-प्रणुत्, पित्तल, कुष्ठ-कफा-अनिलहर, || सर, विष्टम्भकृत्, कफ-स्तन्या-अनिलप्रद",Automatically extracted candidate; verify that this is a disease term and not an action/quality.,BAMS_REVIEW_REQUIRED,
विसर्प,Visarpa,spreading inflammatory skin disorder,erysipelas-like disorder,,Bhavaprakasha Nighantu (legacy professor dataset; test use),BPN_0090|BPN_0262|BPN_0266|BPN_0278|BPN_0279|BPN_0287|BPN_0329|BPN_0350|BPN_0411|BPN_0418|BPN_0420,"मृदुकृत्, तृष्णा-अतीसार-पित्ता-अस्र-विष-क्रिमि-विसर्पजित् || विसर्प-कफ-पित्ता-अस्र-मूषकाहिविषापह, कृमि-शूला-आम-शोफ-ग्रह-विषापह",Not automatically equivalent to erysipelas,PROVISIONAL_TEST_ONLY,
विसर्पदाह,,,,,Bhavaprakasha Nighantu (legacy professor dataset; test use),BPN_0411,"ग्राही, कफ-पित्त-व्रणापह, वर्ण्य, विसर्पदाहघ्न, योनिदोषहृत्",Automatically extracted candidate; verify that this is a disease term and not an action/quality.,BAMS_REVIEW_REQUIRED,
वीर्य,,,,,Bhavaprakasha Nighantu (legacy professor dataset; test use),BPN_0140|BPN_0468|BPN_0927|BPN_0988,"वीर्यकृत्, कफवातकृत्, कण्डूकुष्ठहर, नेत्र्य, सुगन्ध, स्वेदगन्धनुत् || पित्तनाशन, माधुर्य, चूषित, रुच्य, बल-वीर्यकर, शीघ्रपाकि, वात-पित्तहर, सर",Automatically extracted candidate; verify that this is a disease term and not an action/quality.,BAMS_REVIEW_REQUIRED,
वीसर्प,,,,,Bhavaprakasha Nighantu (legacy professor dataset; test use),BPN_0363|BPN_0649,"वर्ण्य, कफ-पित्तजित्, तृष्णा-दाहा-अस्र विस्फोट-विष-वीसर्पनाशन || वात-पित्त-कफ-व्रणापह, श्वित्र-वीसर्पहर, योनिसङ्कोचकारिणी",Automatically extracted candidate; verify that this is a disease term and not an action/quality.,BAMS_REVIEW_REQUIRED,
वृश्चिकोन्दुरुसर्पविष,,,,,Bhavaprakasha Nighantu (legacy professor dataset; test use),BPN_0338,"कृमिनिकृन्तनी, वृश्चिकोन्दुरुसर्पविषघ्नी, व्रणरोपिणी",Automatically extracted candidate; verify that this is a disease term and not an action/quality.,BAMS_REVIEW_REQUIRED,
व्यङ्ग,,,,,Bhavaprakasha Nighantu (legacy professor dataset; test use),BPN_0093,"वर्ण्या, बल्या, कफ-पित्ता-अस्र-हिक्का-कास-ज्वरप्रणुत्, व्रणोरःक्षत-वीसर्प-कृमि-कुष्ठ-गदापहा, अलक्तक, व्यङ्गनाशन",Automatically extracted candidate; verify that this is a disease term and not an action/quality.,BAMS_REVIEW_REQUIRED,
व्यथा,,,,,Bhavaprakasha Nighantu (legacy professor dataset; test use),BPN_0522,"वातल, मदकृत्, व्यथाहर, ग्राहि, कफ-पित्ता-अस्रनाशन",Automatically extracted candidate; verify that this is a disease term and not an action/quality.,BAMS_REVIEW_REQUIRED,
व्रण,Vrana,wound / ulcer,wound|ulcer,,Bhavaprakasha Nighantu (legacy professor dataset; test use),BPN_0037|BPN_0056|BPN_0071|BPN_0072|BPN_0075|BPN_0077|BPN_0079|BPN_0089|BPN_0091|BPN_0093|BPN_0094|BPN_0098|BPN_0114|BPN_0144|BPN_0145|BPN_0149|BPN_0152|BPN_0158|BPN_0159|BPN_0172|BPN_0176|BPN_0182|BPN_0184|BPN_0195|BPN_0198|BPN_0231|BPN_0234|BPN_0236|BPN_0239|BPN_0245|BPN_0246|BPN_0287|BPN_0294|BPN_0303|BPN_0326|BPN_0328|BPN_0329|BPN_0333|BPN_0338|BPN_0350|BPN_0354|BPN_0355|BPN_0356|BPN_0382|BPN_0389|BPN_0395|BPN_0411|BPN_0412|BPN_0415|BPN_0416|BPN_0417|BPN_0418|BPN_0420|BPN_0423|BPN_0424|BPN_0425|BPN_0426|BPN_0427|BPN_0429|BPN_0431|BPN_0436|BPN_0437|BPN_0439|BPN_0441|BPN_0448|BPN_0449|BPN_0452|BPN_0457|BPN_0458|BPN_0480|BPN_0483|BPN_0556|BPN_0623|BPN_0640|BPN_0643|BPN_0649|BPN_0654|BPN_0706|BPN_0735|BPN_0775|BPN_1013,"पित्तकृत्, दीपनी, ज्वर-अनिल-श्लेष्म-व्रण-शूल-अक्षिरोगहृत् || बृंहणी, वृष्या, बल्या, तृष्णा-कास-ज्वर-श्वास-क्षय-पित्तास्र-कामल-कुष्ठ-व्रण-पाण्डु-वातकृच्छ्रजित्",Context must distinguish wound and ulcer,PROVISIONAL_TEST_ONLY,
व्रणदोष,,,,,Bhavaprakasha Nighantu (legacy professor dataset; test use),BPN_0098,"श्लेष्म-विष-नेत्र-विकारनुत्, रसायन, छेदन, व्रणदोषहृत्",Automatically extracted candidate; verify that this is a disease term and not an action/quality.,BAMS_REVIEW_REQUIRED,
व्रणोरःक्षत,,,,,Bhavaprakasha Nighantu (legacy professor dataset; test use),BPN_0654,"लेखनी, व्रणोरःक्षतनाशिनी",Automatically extracted candidate; verify that this is a disease term and not an action/quality.,BAMS_REVIEW_REQUIRED,
शान्ति,,,,,Bhavaprakasha Nighantu (legacy professor dataset; test use),BPN_0888|BPN_0889|BPN_1003,"रक्त-पित्तहर, संग्राही, वात-शान्तिकृत् || संग्राही, वात-शान्तिकृत्",Automatically extracted candidate; verify that this is a disease term and not an action/quality.,BAMS_REVIEW_REQUIRED,
शिरःपीडा,,,,,Bhavaprakasha Nighantu (legacy professor dataset; test use),BPN_0270,"शिरःपीडाहर, त्रिदोषाहर, दुग्धदा",Automatically extracted candidate; verify that this is a disease term and not an action/quality.,BAMS_REVIEW_REQUIRED,
शिरःशूल,Shirashula,headache / head pain,headache|head pain|pain in head|migraine-like headache,,Bhavaprakasha Nighantu (legacy professor dataset; test use),,,"Headache has many causes; this is a provisional retrieval label, not a migraine diagnosis",PROVISIONAL_TEST_ONLY,
शिरोरुग्व्रणजन्तु,,,,,Bhavaprakasha Nighantu (legacy professor dataset; test use),BPN_0172,"शिरोरुग्व्रणजन्तुजित्, वमिहर, वर्ज्य, व्यङ्गदोषत्रयापह",Automatically extracted candidate; verify that this is a disease term and not an action/quality.,BAMS_REVIEW_REQUIRED,
शिशिरावर्ण,,,,,Bhavaprakasha Nighantu (legacy professor dataset; test use),BPN_0198,"शिशिरावर्णकृत्, विषव्रणहरी, कण्डू-कफ-पित्ता-अस्र-कुष्ठनुत्",Automatically extracted candidate; verify that this is a disease term and not an action/quality.,BAMS_REVIEW_REQUIRED,
शुक्रकफ,,,,,Bhavaprakasha Nighantu (legacy professor dataset; test use),BPN_0060,"बल्य, शुक्रकफप्रद, पित्त-दाह-अस्र-कार्श्य-वात-क्षयापह",Automatically extracted candidate; verify that this is a disease term and not an action/quality.,BAMS_REVIEW_REQUIRED,
शुक्रपित्तकफ,,,,,Bhavaprakasha Nighantu (legacy professor dataset; test use),BPN_1077,"अश्मरीप्रणुत्, अहृद्य, तर्पण, केश्य, शुक्रपित्तकफप्रद",Automatically extracted candidate; verify that this is a disease term and not an action/quality.,BAMS_REVIEW_REQUIRED,
शुक्रवलास,,,,,Bhavaprakasha Nighantu (legacy professor dataset; test use),BPN_0224,"शुक्रवलासकृत्, ग्राहिणी, शोथ-वात-पित्त-ज्वरा-अस्र जित्",Automatically extracted candidate; verify that this is a disease term and not an action/quality.,BAMS_REVIEW_REQUIRED,
शुक्रवृद्धि,,,,,Bhavaprakasha Nighantu (legacy professor dataset; test use),BPN_0986,"बल-मेधा-अग्नि-मांस-ओजः-शुक्रवृद्धिकृत्, तर्पण, रोचन, दृढताकर",Automatically extracted candidate; verify that this is a disease term and not an action/quality.,BAMS_REVIEW_REQUIRED,
शुद्धि,,,,,Bhavaprakasha Nighantu (legacy professor dataset; test use),BPN_0896,"कफकृत्, स्रोत, शुद्धिकर, बल्य, मांसद, वात-पित्तनुत्,",Automatically extracted candidate; verify that this is a disease term and not an action/quality.,BAMS_REVIEW_REQUIRED,
शूल,Shula,pain / colic,ache|colicky pain,,Bhavaprakasha Nighantu (legacy professor dataset; test use),BPN_0001|BPN_0014|BPN_0016|BPN_0020|BPN_0029|BPN_0037|BPN_0038|BPN_0041|BPN_0042|BPN_0043|BPN_0049|BPN_0051|BPN_0053|BPN_0055|BPN_0073|BPN_0076|BPN_0078|BPN_0084|BPN_0089|BPN_0125|BPN_0127|BPN_0128|BPN_0129|BPN_0135|BPN_0150|BPN_0159|BPN_0164|BPN_0184|BPN_0204|BPN_0214|BPN_0231|BPN_0234|BPN_0250|BPN_0266|BPN_0284|BPN_0294|BPN_0300|BPN_0307|BPN_0322|BPN_0327|BPN_0328|BPN_0372|BPN_0386|BPN_0436|BPN_0446|BPN_0511|BPN_0573|BPN_0575|BPN_0581|BPN_0601|BPN_0613|BPN_0614|BPN_0720|BPN_0783|BPN_0785|BPN_0816|BPN_0964|BPN_0969|BPN_1008|BPN_1081,"दीपनी, मेध्या, रसायनी, चक्षुष्या, आयुष्या, बृंहणी, अनुलोमिनी,   श्वास, कास, प्रमेह, अर्श, कुष्ठ, शोथ, उदरक्रिमी  वैस्वर्य, ग्रहणीरोग, विबन्ध,विषमज्वर,  गुल्म, आध्मान, तृषा, छर्दि, हिक्का, कण्डू, हृदामय,  कामला, शूल, अनाह, प्लीह, यकृत्,  अश् || रुच्या, आम-वातघ्नी, पाचनी, कफ-वात-विबन्धनुत्, वृष्या, स्वर्य्या-वमि-श्वास-शूल-कास-हृदामय-श्लीपद-शोथार्श, आनाह -उदरमारुतहरा",Site must be specified,PROVISIONAL_TEST_ONLY,
शूलाप,,,,,Bhavaprakasha Nighantu (legacy professor dataset; test use),BPN_0601,"पित्तापह, श्लेष्महर, रोपण, लेखन, पाण्डू-उदरा-आर्शो-ज्वर-कुष्ठ-कास-श्वास-क्षय-पीनस-अम्लपित्तापह, शोथ, कृमि, शूलापकर, अल्पबृंहण",Automatically extracted candidate; verify that this is a disease term and not an action/quality.,BAMS_REVIEW_REQUIRED,
शोणितज्वरशोष,,,,,Bhavaprakasha Nighantu (legacy professor dataset; test use),BPN_0376,"सरा, दोषत्रयहरी, शोणितज्वरशोषकृत्",Automatically extracted candidate; verify that this is a disease term and not an action/quality.,BAMS_REVIEW_REQUIRED,
शोथ,Shotha,swelling / edema,inflammation|oedema,,Bhavaprakasha Nighantu (legacy professor dataset; test use),BPN_0001|BPN_0014|BPN_0026|BPN_0071|BPN_0075|BPN_0077|BPN_0078|BPN_0084|BPN_0091|BPN_0094|BPN_0100|BPN_0104|BPN_0148|BPN_0184|BPN_0206|BPN_0221|BPN_0223|BPN_0224|BPN_0231|BPN_0233|BPN_0243|BPN_0250|BPN_0262|BPN_0263|BPN_0293|BPN_0295|BPN_0300|BPN_0304|BPN_0310|BPN_0320|BPN_0324|BPN_0325|BPN_0346|BPN_0360|BPN_0370|BPN_0386|BPN_0395|BPN_0417|BPN_0418|BPN_0420|BPN_0429|BPN_0449|BPN_0480|BPN_0601|BPN_0608|BPN_0614|BPN_0616|BPN_0618|BPN_0624|BPN_0659|BPN_0722|BPN_0770|BPN_0775|BPN_0779|BPN_0785|BPN_0791|BPN_0835|BPN_0838|BPN_1079|BPN_1093,"दीपनी, मेध्या, रसायनी, चक्षुष्या, आयुष्या, बृंहणी, अनुलोमिनी,   श्वास, कास, प्रमेह, अर्श, कुष्ठ, शोथ, उदरक्रिमी  वैस्वर्य, ग्रहणीरोग, विबन्ध,विषमज्वर,  गुल्म, आध्मान, तृषा, छर्दि, हिक्का, कण्डू, हृदामय,  कामला, शूल, अनाह, प्लीह, यकृत्,  अश् || वह्निकृत्, पाचन, ग्रहणी-कुष्ठ-शोथ-आर्श-कृमि-कासनुत्, वात-श्लेष्महरी, ग्राही, वातघ्न, श्लेष्म-पित्तहृत्",Context determines edema versus inflammation,PROVISIONAL_TEST_ONLY,
शोथोदर,,,,,Bhavaprakasha Nighantu (legacy professor dataset; test use),BPN_1079,"दीपन, कृमि-कुष्ठ-कफ-आनाह-शोथोदरहर, सर",Automatically extracted candidate; verify that this is a disease term and not an action/quality.,BAMS_REVIEW_REQUIRED,
शोथोदरव्यथा,,,,,Bhavaprakasha Nighantu (legacy professor dataset; test use),BPN_0262,"वातजित्, श्लेष्मघ्न, दीपनी, शोथोदरव्यथाहन्त्री, पीठविसर्पिहित",Automatically extracted candidate; verify that this is a disease term and not an action/quality.,BAMS_REVIEW_REQUIRED,
शोथोदरा,,,,,Bhavaprakasha Nighantu (legacy professor dataset; test use),BPN_0785,"दीपन, रेचन, आध्मान-अष्ठीलिका-गुल्म-शूल-शोथोदराहर",Automatically extracted candidate; verify that this is a disease term and not an action/quality.,BAMS_REVIEW_REQUIRED,
शोष,,,,,Bhavaprakasha Nighantu (legacy professor dataset; test use),BPN_0138|BPN_0204|BPN_0426,"शुक्रला, कफ-वात-विष-च्छर्दि-शीत-दौर्गन्ध्य-शोषहृत् || दीपनी, पाचनी, मेध्या, भेदिनी, भ्रम-शोषजित्, दोष-तृष्णा-आम-शूला-आर्श-विष-दाह-ज्वरा-पहा",Automatically extracted candidate; verify that this is a disease term and not an action/quality.,BAMS_REVIEW_REQUIRED,
श्रम,,,,,Bhavaprakasha Nighantu (legacy professor dataset; test use),BPN_1025,"श्रमनाशन, क्लमहर, मूर्च्छा-पिपासापहं, तन्द्रा-च्छर्दि-विबन्ध-हृद्बलकर, निद्राहर, तर्पण, हृद्य, गुप्तरस, अजीर्णशमक, नित्यहित,  स्वच्छ, पीयूषवज्जीवन, रसकारण",Automatically extracted candidate; verify that this is a disease term and not an action/quality.,BAMS_REVIEW_REQUIRED,
श्लीपद,Shlipada,elephantiasis-like limb swelling,elephantiasis|lymphedema-like disorder,,Bhavaprakasha Nighantu (legacy professor dataset; test use),BPN_0014|BPN_0022,"रुच्या, आम-वातघ्नी, पाचनी, कफ-वात-विबन्धनुत्, वृष्या, स्वर्य्या-वमि-श्वास-शूल-कास-हृदामय-श्लीपद-शोथार्श, आनाह -उदरमारुतहरा || त्र्यूषणं, दीपन, श्वास-कास-त्वगामयहर, गुल्म-मेह-कफ-स्थौल्य-मेदः-श्लीपद-पीनसहर",Etiology requires confirmation,PROVISIONAL_TEST_ONLY,
श्लेष्म,,,,,Bhavaprakasha Nighantu (legacy professor dataset; test use),BPN_0016|BPN_0026|BPN_0118|BPN_0135|BPN_0203|BPN_0234|BPN_0261|BPN_0262|BPN_0294|BPN_0311|BPN_0558|BPN_0601|BPN_0656|BPN_0744|BPN_0756|BPN_0765|BPN_0900|BPN_0901|BPN_0915|BPN_1005,"दीपनी, वृष्या, रसायनी, वात-श्लेष्महर, रेचनी, श्वास-कास-उदरज्वरहर, कुष्ठ-प्रमेह-गुल्मार्शः प्लीह-शूल-आम-मारुतनाशक || वह्निकृत्, पाचन, ग्रहणी-कुष्ठ-शोथ-आर्श-कृमि-कासनुत्, वात-श्लेष्महरी, ग्राही, वातघ्न, श्लेष्म-पित्तहृत्",Automatically extracted candidate; verify that this is a disease term and not an action/quality.,BAMS_REVIEW_REQUIRED,
श्वास,Shvasa,dyspnea / breathing disorder,breathlessness|asthma-like disorder,,Bhavaprakasha Nighantu (legacy professor dataset; test use),BPN_0001|BPN_0014|BPN_0016|BPN_0019|BPN_0020|BPN_0022|BPN_0023|BPN_0025|BPN_0035|BPN_0055|BPN_0056|BPN_0074|BPN_0075|BPN_0078|BPN_0081|BPN_0084|BPN_0086|BPN_0087|BPN_0099|BPN_0100|BPN_0101|BPN_0128|BPN_0162|BPN_0163|BPN_0164|BPN_0165|BPN_0166|BPN_0182|BPN_0184|BPN_0188|BPN_0191|BPN_0206|BPN_0211|BPN_0212|BPN_0213|BPN_0214|BPN_0219|BPN_0220|BPN_0221|BPN_0237|BPN_0242|BPN_0294|BPN_0303|BPN_0320|BPN_0328|BPN_0346|BPN_0372|BPN_0456|BPN_0457|BPN_0562|BPN_0571|BPN_0572|BPN_0581|BPN_0601|BPN_0613|BPN_0624|BPN_0645|BPN_0706|BPN_0720|BPN_0734|BPN_0769|BPN_0775|BPN_0780|BPN_0784|BPN_0810|BPN_0816|BPN_0823|BPN_0825|BPN_0831|BPN_0851|BPN_0865|BPN_0869|BPN_0871|BPN_0957|BPN_0964|BPN_0989|BPN_1103,"दीपनी, मेध्या, रसायनी, चक्षुष्या, आयुष्या, बृंहणी, अनुलोमिनी,   श्वास, कास, प्रमेह, अर्श, कुष्ठ, शोथ, उदरक्रिमी  वैस्वर्य, ग्रहणीरोग, विबन्ध,विषमज्वर,  गुल्म, आध्मान, तृषा, छर्दि, हिक्का, कण्डू, हृदामय,  कामला, शूल, अनाह, प्लीह, यकृत्,  अश् || रुच्या, आम-वातघ्नी, पाचनी, कफ-वात-विबन्धनुत्, वृष्या, स्वर्य्या-वमि-श्वास-शूल-कास-हृदामय-श्लीपद-शोथार्श, आनाह -उदरमारुतहरा",Not identical to asthma in every context,PROVISIONAL_TEST_ONLY,
श्वासकास,,,,,Bhavaprakasha Nighantu (legacy professor dataset; test use),BPN_0825,"दीपन, श्वासकासघ्न, ज्वरा-अनिल-कफापह",Automatically extracted candidate; verify that this is a disease term and not an action/quality.,BAMS_REVIEW_REQUIRED,
श्वित्र,Shvitra,depigmentation disorder,vitiligo-like disorder,,Bhavaprakasha Nighantu (legacy professor dataset; test use),BPN_0293|BPN_0325|BPN_0385|BPN_0416|BPN_0426|BPN_0428|BPN_0429|BPN_0436|BPN_0458|BPN_0649|BPN_0656,"अश्वगन्धाऽ-अनिल-श्लेष्म-श्वित्र-शोथ-क्षया-पहा, बल्या, रसायनी, अतिशुक्रला || कफघ्नी, वामनी, शोथा-आर्श-श्वित्र-कुष्ठ-हृत्",Clinical confirmation required,PROVISIONAL_TEST_ONLY,
श्वित्रदाह,,,,,Bhavaprakasha Nighantu (legacy professor dataset; test use),BPN_0458,"श्लेष्म-पित्ता-अस्र-मेदः-कुष्ठ-प्रमेहजित्, श्वित्रदाहघ्न, व्रण-पाण्डु-कृमि-प्रणुत्",Automatically extracted candidate; verify that this is a disease term and not an action/quality.,BAMS_REVIEW_REQUIRED,
श्वित्रशूल,,,,,Bhavaprakasha Nighantu (legacy professor dataset; test use),BPN_0436,"कुष्ठ-भूतादिग्रह-व्रण-विष-क्रिमीहर, श्वित्रशूलघ्न",Automatically extracted candidate; verify that this is a disease term and not an action/quality.,BAMS_REVIEW_REQUIRED,
सद्यःप्राण,,,,,Bhavaprakasha Nighantu (legacy professor dataset; test use),BPN_1064,सद्यःप्राणविनाशिनी,Automatically extracted candidate; verify that this is a disease term and not an action/quality.,BAMS_REVIEW_REQUIRED,
सद्यस्तृप्ति,,,,,Bhavaprakasha Nighantu (legacy professor dataset; test use),BPN_1091,"त्रिदोषघ्न, रोचन, बलवर्द्धन, वह्निवृद्धिकर, वृष्य, सद्यस्तृप्तिकर, अतीसार-अग्निमान्द्य-ज्वर-जीर्ण-प्रशस्य",Automatically extracted candidate; verify that this is a disease term and not an action/quality.,BAMS_REVIEW_REQUIRED,
सन्धान,,,,,Bhavaprakasha Nighantu (legacy professor dataset; test use),BPN_0985,"बलकृत्, वात-पित्तापहा, शुक्रदा, सरा, सन्धानकारिणी",Automatically extracted candidate; verify that this is a disease term and not an action/quality.,BAMS_REVIEW_REQUIRED,
सन्धि,,,,,Bhavaprakasha Nighantu (legacy professor dataset; test use),BPN_0448|BPN_0950,"कफ-पित्ता-अस्र-कास-हृत्, बृंहण, बलकृत्, सन्धिकृत्, व्रणरोपण || तर्पणी, बल्या, पित्त-अनिलापहा, ग्राहिणी, सन्धिकृत्, रुच्या, खादेन्नातिमात्रया",Automatically extracted candidate; verify that this is a disease term and not an action/quality.,BAMS_REVIEW_REQUIRED,
सन्धिवात,Sandhivata,degenerative joint disorder,osteoarthritis-like disorder|joint pain,,Bhavaprakasha Nighantu (legacy professor dataset; test use),,,Requires site and clinical assessment,PROVISIONAL_TEST_ONLY,
सन्निपात,,,,,Bhavaprakasha Nighantu (legacy professor dataset; test use),BPN_0883,"शुक्र-कफ-प्रद, सन्निपातहर, वेश्मचटकश्चातिशुक्रल",Automatically extracted candidate; verify that this is a disease term and not an action/quality.,BAMS_REVIEW_REQUIRED,
समीर,,,,,Bhavaprakasha Nighantu (legacy professor dataset; test use),BPN_0295|BPN_0569|BPN_0815,"रेचनी, समीरहृत्, पित्त-ज्वर-श्लेष्म-पित्त-शोथो-उदरापहा || स्रंसी, शीतफल, श्लेष्म-समीरघ्न, पित्तल, भेद, गुल्मनुत्, त्रिदोषहृत्",Automatically extracted candidate; verify that this is a disease term and not an action/quality.,BAMS_REVIEW_REQUIRED,
सर्पदर्प,,,,,Bhavaprakasha Nighantu (legacy professor dataset; test use),BPN_0350,"कफनुत्, व्रणशोधिनी, सर्पदर्पहरी, विसर्प-विषहारिणी",Automatically extracted candidate; verify that this is a disease term and not an action/quality.,BAMS_REVIEW_REQUIRED,
सर्वकण्डू,,,,,Bhavaprakasha Nighantu (legacy professor dataset; test use),BPN_0095,"वातला, पित्तहृत्, सर्वकण्डूविनाशिनी",Automatically extracted candidate; verify that this is a disease term and not an action/quality.,BAMS_REVIEW_REQUIRED,
सर्वज्वर,,,,,Bhavaprakasha Nighantu (legacy professor dataset; test use),BPN_0789,"आग्नेय, सर्वज्वरहर, रसायन, बल्य, संग्राहि, दोषत्रयहर, तृषा-दाह-प्रमेह-वाता-असृक्-कामला-कुष्ठ-पाण्डुतापह",Automatically extracted candidate; verify that this is a disease term and not an action/quality.,BAMS_REVIEW_REQUIRED,
सर्वदोष,,,,,Bhavaprakasha Nighantu (legacy professor dataset; test use),BPN_0541|BPN_1030,सर्वदोषजित् || सर्वदोषघ्न,Automatically extracted candidate; verify that this is a disease term and not an action/quality.,BAMS_REVIEW_REQUIRED,
सर्वरोग,,,,,Bhavaprakasha Nighantu (legacy professor dataset; test use),BPN_0671,"आयु-पुष्टि-बल-वीर्य-वर्ण-सौख्यकर, सेवित, सर्वरोगघ्न",Automatically extracted candidate; verify that this is a disease term and not an action/quality.,BAMS_REVIEW_REQUIRED,
सर्वामय,,,,,Bhavaprakasha Nighantu (legacy professor dataset; test use),BPN_0632,"त्रिदोषघ्न, रसायन, योगवाही, महावृष्य, सदा-दृष्टिबलप्रद, सर्वामयहर, विशेषात्सर्वकुष्ठनुत्",Automatically extracted candidate; verify that this is a disease term and not an action/quality.,BAMS_REVIEW_REQUIRED,
साद,,,,,Bhavaprakasha Nighantu (legacy professor dataset; test use),BPN_0815,"समीरघ्नी, कफ-पित्तकृत्, शुक्रा-अग्नि-सादकृत्, वृष्या, रुचिकृत्, बद्धविड्",Automatically extracted candidate; verify that this is a disease term and not an action/quality.,BAMS_REVIEW_REQUIRED,
सिध्म,,,,,Bhavaprakasha Nighantu (legacy professor dataset; test use),BPN_0078,"आमपाचिनी, कफवातजित्, शोथ-श्वास-समीरा-अस्र-वात-शूलो-उदरापह, कास-ज्वर-विषा-अशीति-वातिकामय-सिध्महृत्",Automatically extracted candidate; verify that this is a disease term and not an action/quality.,BAMS_REVIEW_REQUIRED,
सेवनपुंस्त्व,,,,,Bhavaprakasha Nighantu (legacy professor dataset; test use),BPN_0117,"ग्राहि, वातकृत्, कफकासकृत्, धातुशोषक, मदकृत्, वाग्विवर्धन, मुहुर्मोहकर, रुच्य, सेवनपुंस्त्वनाशन",Automatically extracted candidate; verify that this is a disease term and not an action/quality.,BAMS_REVIEW_REQUIRED,
सौख्य,,,,,Bhavaprakasha Nighantu (legacy professor dataset; test use),BPN_0671,"आयु-पुष्टि-बल-वीर्य-वर्ण-सौख्यकर, सेवित, सर्वरोगघ्न",Automatically extracted candidate; verify that this is a disease term and not an action/quality.,BAMS_REVIEW_REQUIRED,
स्थिरता,,,,,Bhavaprakasha Nighantu (legacy professor dataset; test use),BPN_1080,"बृंहण, वृष्य, बल्य, चक्षुष्य, स्थिरताकर",Automatically extracted candidate; verify that this is a disease term and not an action/quality.,BAMS_REVIEW_REQUIRED,
स्थौल्य,Sthaulya,obesity / excessive adiposity,obesity,,Bhavaprakasha Nighantu (legacy professor dataset; test use),BPN_0022,"त्र्यूषणं, दीपन, श्वास-कास-त्वगामयहर, गुल्म-मेह-कफ-स्थौल्य-मेदः-श्लीपद-पीनसहर",Clinical assessment required,PROVISIONAL_TEST_ONLY,
स्वरवर्ण,,,,,Bhavaprakasha Nighantu (legacy professor dataset; test use),BPN_0091,"स्वरवर्णकृत्, विष-श्लेष्म-शोथ-योनि -अक्षि-कर्णरुक्-रक्ता-अतीसार-कुष्ठा-अस्र-वीसर्प-व्रण-मेहनुत्",Automatically extracted candidate; verify that this is a disease term and not an action/quality.,BAMS_REVIEW_REQUIRED,
हिक्का,Hikka,hiccup,hiccups,,Bhavaprakasha Nighantu (legacy professor dataset; test use),BPN_0001|BPN_0030|BPN_0040|BPN_0086|BPN_0093|BPN_0148|BPN_0164|BPN_0206|BPN_0324|BPN_0572|BPN_0581|BPN_0650|BPN_0734,"दीपनी, मेध्या, रसायनी, चक्षुष्या, आयुष्या, बृंहणी, अनुलोमिनी,   श्वास, कास, प्रमेह, अर्श, कुष्ठ, शोथ, उदरक्रिमी  वैस्वर्य, ग्रहणीरोग, विबन्ध,विषमज्वर,  गुल्म, आध्मान, तृषा, छर्दि, हिक्का, कण्डू, हृदामय,  कामला, शूल, अनाह, प्लीह, यकृत्,  अश् || दीपनी, कफवातनुत्, विदाहिनी, हृद्या, वृष्या, बलकरी, नेत्रामय-कृमिच्छर्दि-हिक्का-बस्ति-रुजहर",Classical category,PROVISIONAL_TEST_ONLY,
हृच्छुक्र,,,,,Bhavaprakasha Nighantu (legacy professor dataset; test use),BPN_0722,"सर, स्तन्य-पित्ता-अस्र-मूत्र-वात-विबन्धकृत्, विदाहि, विष-श्लेष्म-शोथ-हृच्छुक्रनाशन",Automatically extracted candidate; verify that this is a disease term and not an action/quality.,BAMS_REVIEW_REQUIRED,
हृत्कफ,,,,,Bhavaprakasha Nighantu (legacy professor dataset; test use),BPN_0829,"बलकृत्, हृत्कफनाशिनी, विष्टम्भकारिणी,  तैलतलिताऽतिरुचिप्रदा",Automatically extracted candidate; verify that this is a disease term and not an action/quality.,BAMS_REVIEW_REQUIRED,
हृदामय,,,,,Bhavaprakasha Nighantu (legacy professor dataset; test use),BPN_0879,"रक्त-पित्तघ्न, हृदामयहर",Automatically extracted candidate; verify that this is a disease term and not an action/quality.,BAMS_REVIEW_REQUIRED,
हृद्बल,,,,,Bhavaprakasha Nighantu (legacy professor dataset; test use),BPN_1025,"श्रमनाशन, क्लमहर, मूर्च्छा-पिपासापहं, तन्द्रा-च्छर्दि-विबन्ध-हृद्बलकर, निद्राहर, तर्पण, हृद्य, गुप्तरस, अजीर्णशमक, नित्यहित,  स्वच्छ, पीयूषवज्जीवन, रसकारण",Automatically extracted candidate; verify that this is a disease term and not an action/quality.,BAMS_REVIEW_REQUIRED,
हृद्रोग,Hridroga,heart-disease group,cardiac disorder,,Bhavaprakasha Nighantu (legacy professor dataset; test use),BPN_0073|BPN_0192|BPN_0219|BPN_0322|BPN_0323|BPN_0324|BPN_0437|BPN_0581,"ज्वर-हृद्रोग-पित्त-अस्र-वातोदावर्त्त-शूलनुत्, रुच्य, कुष्ठ-पित्त-कफापह, कोष्ठशुद्धिकर, स्रंसन || हृद्य, रुचिप्रद, आस्यदौर्गन्ध-हृद्रोग-कफ-वाता-आमय-अन्ध्यहृत्",Broad classical category,PROVISIONAL_TEST_ONLY,
